49645,3.8613e+05,1.2413e+06,9.9535e+05,4.5523e+05,2.4008e+05,1.1286e+05,69628,60018,73565,1.3931e+05,2.243e+05,2.7519e+05,2.1641e+05,1.3267e+05,1.0008e+05,74703,67813,60867,53375,45202,43196,33394,30721,28881,27454,30124,26236,25988,25502,24938,27166,23224,22436,21742,20643,21943,18767,17984,16758,16188,15733,16611,14233,13523,13205,12690,13804,11799,11314,11235,11019,11905,10534,9869,9872,9617,10576,9184,9149,8842,8581,8694,9692,8375,8322,8259,8175,9098,7977,7961,7869,7875,8723,7565,7589,7426,7356,8229,7196,7333,7368,7299,7440,8494,7487,7524,7629,7562,8810,7840,8118,8382,8698,10303,9551,9684,10007,9921,9663,10706,9290,9303,9036,9166,10587,14042,36389,1.103e+05,2.4622e+05,4.6603e+05,5.4174e+05,5.7251e+05,5.2148e+05,4.3002e+05,3.7758e+05,2.5941e+05,2.0945e+05,1.7611e+05,1.565e+05,1.4568e+05,1.6055e+05,1.4294e+05,1.4657e+05,1.5375e+05,1.6618e+05,2.1013e+05,2.1928e+05,2.6445e+05,3.2501e+05,3.8674e+05,4.6452e+05,3.6707e+05,2.7961e+05,2.0802e+05,1.6889e+05,1.6956e+05,1.351e+05,1.1764e+05,98021,82086,70915,72393,59192,56070,53095,50590,55552,49263,50151,53706,57831,69298,61674,57622,49802,41628,37703,27697,22444,17318,13161,9474,7863,5628,4800,4518,4063,4450,3711,3620,3460,3301,3531,2827,2840,2718,2708,2791,2416,2300,2179,2081,1980,2179,1965,1827,1785,1673,1802,1632,1625,1544,1431,1551,1327,1296,1302,1188,1152,1261,1085,1063,1057,1004,1075,1022,898,839,864,906,723,747,689,716,747,625,665,654,562,558,640,548,501,455,432,491,433,413,422,394,434,365,351,334,322,344,302,306,304,281,268,290,274,226,241,242,259,209,219,206,184,210,163,136,111,118,103,73,58,55,57,42,45,49,34,44,58,45,37,42,43,34,40,29,33,46,31,36,29,38,22,22,37,28,27,32,19,21,24,24,19,20,16,22,21,26,21,24,23,17,17,18,15,15,24,13,15,10,19,19,13,13,20,6,14,15,10,12,11,12,11,16,9,11,14,18,11,9,10,14,13,17,9,10,18,19,9,11,11,6,13,12,7,6,11,7,11,12,10,7,17,8,7,2,6,6,5,6,4,2,6,5,3,2,2,5,4,3,2,5,1,7,2,1,2,1,2,3,0,1,0,3,1,2,0,0,0,1,1,0,0,1,1,0,0,2,0,0,0,1,0,0,0,0,0,0,0,1,0,0,0,2,0,0,1,0,0,0,0,0,0,0,0,0,0,0,0,0,0,0,0,0,0,0,0,1,0,0,0,0,1,0,0,0,0,0,0,0,1,0,0,0,0,1,0,1,0,0,1,0,0,0,0,0,0,0,0,0,0,0,1,0,0,0,0,0,0,0,0,0,0,1,0,0,0,0,0,0,0,0,1,1,0,0,0,0,0,0,12
11541,35661,1.0921e+05,2.4917e+05,3.2435e+05,5.6492e+05,4.2044e+05,3.0147e+05,1.6754e+05,1.4769e+05,1.0576e+05,80559,52803,56806,49988,47088,37506,50222,54698,61698,55967,81040,98146,1.1741e+05,1.0446e+05,1.3519e+05,1.2617e+05,1.0692e+05,70008,72362,60923,54033,39921,47551,45341,43639,33510,40025,37755,36090,27497,32685,31265,29714,22329,26993,25056,23634,17461,20540,19237,17627,13318,15291,13978,13055,9926,11476,10839,10051,7413,8967,8436,7863,7492,5743,7015,6748,6360,4969,6031,5734,5696,4455,5254,5269,5202,3949,4956,4837,4769,3636,4535,4594,4422,3503,4333,4191,4084,3398,4078,4042,4023,3133,4073,3979,3950,3139,3737,3715,3726,2986,3642,3678,3671,2908,3567,3597,3633,2955,3536,3493,3602,2842,3493,3428,3468,2811,3453,3527,3375,2681,3446,3463,3514,3382,2924,3354,3515,3529,2784,3567,3524,3597,2868,3528,3631,3652,2916,3575,3777,3701,2884,3789,3777,3828,3182,3868,3834,3968,3259,4065,4067,4140,3343,4141,4326,4286,3567,4437,4454,4476,3419,4299,4123,4076,3141,3812,3793,3740,2921,3541,3758,3632,3011,3812,3860,4029,3289,4265,4579,5211,5144,9319,15975,30134,41228,86710,1.4131e+05,2.1292e+05,2.9693e+05,2.9703e+05,4.3268e+05,4.7014e+05,4.675e+05,3.4864e+05,3.8172e+05,3.1266e+05,2.4612e+05,1.5675e+05,1.5669e+05,1.2343e+05,1.0118e+05,71181,78923,72038,68291,52658,63642,63425,63276,51021,66135,68779,72522,61989,83023,90369,99737,88118,1.2055e+05,1.3409e+05,1.481e+05,1.2779e+05,1.687e+05,1.7757e+05,1.8359e+05,1.4831e+05,1.8447e+05,1.7889e+05,1.6862e+05,1.2424e+05,1.3876e+05,1.2078e+05,1.0474e+05,73918,82855,74392,67709,49613,57194,51099,45895,33181,37138,32815,28430,20310,22657,20529,18685,17537,13749,17631,18190,19689,16879,23133,25181,27548,23454,30584,30814,29657,22172,25289,21185,17614,11771,12239,10207,8760,6131,6825,6070,5508,3924,4415,3900,3479,2529,2828,2536,2263,1655,1887,1730,1681,1254,1505,1415,1307,1029,1266,1149,1108,859,1010,1023,897,712,837,826,853,621,698,735,665,556,623,632,594,561,453,527,519,501,411,487,450,437,339,399,378,388,286,364,345,342,259,262,286,273,227,287,263,252,219,267,241,219,171,217,184,191,138,161,163,182,167,160,169,167,123,124,134,132,99,122,125,108,81,108,121,114,77,92,92,91,74,86,74,73,62,70,61,74,68,54,56,69,58,33,54,49,51,40,52,41,41,42,41,42,48,32,42,43,36,27,26,28,26,23,27,27,21,22,19,32,19,23,26,21,22,14,19,26,22,16,22,12,14,10,8,17,12,9,14,8,14,5,5,8,7,5,5,3,6,2,2,3,2,2,1,2,4,1,0,1,0,0,0,1,1,2,0,1,1,1,1,1,0,1,0,1,0,2,0,2,0,0,0,0,0,1,0,0,0,0,1,0,0,0,1,0,0,0,0,0,0,0,0,0,0,0,0,1,0,0,1
2743,10743,41787,1.351e+05,3.3985e+05,6.1405e+05,7.5525e+05,6.4935e+05,4.5005e+05,3.0084e+05,2.1062e+05,1.2907e+05,1.342e+05,1.2201e+05,1.1952e+05,1.1843e+05,1.1382e+05,1.0398e+05,97136,1.0705e+05,1.5525e+05,2.3871e+05,2.4708e+05,3.2059e+05,2.6686e+05,1.8267e+05,1.1612e+05,78864,62371,55711,51834,49375,47470,45070,34150,40015,37084,34293,31412,28969,27049,24610,22584,21350,20093,15445,18203,16997,16304,15343,15099,14421,13872,13379,13071,12771,9724,11681,11241,10765,10236,10137,9891,9055,9036,8646,8402,8110,6579,7774,7702,7572,7463,7282,6974,6872,6839,6552,6599,5191,6607,6435,6211,6236,6131,6059,5995,5983,5901,6009,4574,5729,5740,5626,5622,5543,5522,5547,5526,5402,5513,5459,4326,5429,5262,5317,5136,5250,5238,5240,5069,5060,4971,3964,4874,4978,4911,4959,4815,4843,4728,4728,4671,4718,3685,4657,4523,4576,4586,4490,4534,4647,4425,4442,4339,4432,3501,4521,4308,4273,4344,4422,4378,4311,4313,4479,4492,3516,4498,4543,4574,4470,4579,4567,4708,4687,4652,4780,4798,3870,4977,4970,5124,4955,5104,5186,5049,5236,5154,5282,4176,5135,5308,5424,5420,5393,5550,5806,5979,6043,6354,5704,8423,11673,19065,33494,58091,91612,1.2984e+05,1.6275e+05,1.8329e+05,1.9042e+05,1.8658e+05,1.4114e+05,1.6336e+05,1.4703e+05,1.3122e+05,1.1696e+05,1.0365e+05,93425,84732,79083,74778,71764,55934,69254,69594,71054,74858,78443,85607,93991,1.0636e+05,1.2301e+05,1.4429e+05,1.3262e+05,1.8985e+05,2.1812e+05,2.4217e+05,2.5802e+05,2.6427e+05,2.628e+05,2.5465e+05,2.4255e+05,2.2857e+05,2.0965e+05,1.8656e+05,1.3115e+05,1.4091e+05,1.1921e+05,1.0148e+05,90422,83699,78657,75777,72429,68716,65015,48819,57820,53421,48948,44492,41433,39161,38290,38854,40635,42227,35900,47295,49073,49296,47773,44269,40324,34397,29075,24828,21732,19182,14174,16707,15414,14190,12981,11683,10559,9395,8459,7661,6979,5111,6088,5618,5355,5008,4813,4691,4390,4235,3972,3811,3610,2884,3520,3371,3216,3159,2953,2933,2705,2719,2570,2522,1991,2401,2238,2329,2187,2029,2007,1888,1908,1799,1821,1374,1685,1689,1685,1623,1492,1477,1477,1384,1462,1305,1316,1045,1296,1151,1128,1138,1128,1078,1078,1099,977,973,780,941,936,882,929,857,839,777,813,767,820,606,757,729,676,667,672,633,644,623,599,588,616,462,550,576,554,538,524,507,481,464,476,479,374,442,453,417,375,387,387,347,376,401,340,297,351,328,314,323,265,301,288,275,262,279,274,211,249,224,224,210,215,209,230,207,200,223,165,191,182,162,147,158,168,148,155,145,165,134,130,163,114,144,126,113,122,121,121,125,132,83,102,112,92,94,108,99,94,101,91,85,76,79,72,67,88,93,92,78,86,61,75,75,34,49,51,34,33,32,28,26,18,17,13,9,11,8,10,3,2,2,1,0,1,2,0,0,1,0,0,0,0,1,0,0,0,1,0,0,0,0,0,0,0,0,0,0,0,0,1,0,0,0,0,0,0,1,0,0,1
16750,70323,3.1558e+05,9.5461e+05,1.7847e+06,1.1617e+06,6.1949e+05,3.6164e+05,2.6742e+05,2.4757e+05,2.6003e+05,2.7018e+05,2.6735e+05,2.5091e+05,2.1746e+05,1.8176e+05,1.6141e+05,1.7519e+05,2.5818e+05,3.107e+05,4.2534e+05,3.602e+05,2.4488e+05,1.5171e+05,95552,67713,53385,44443,38197,33446,29981,27557,25768,24280,23365,22890,22619,23087,23781,19986,24301,25025,25885,27044,28215,30221,32156,34517,37127,39642,41855,43893,45501,45769,45755,45049,43999,42224,39791,31189,35128,32703,29802,27789,25771,24035,22194,20758,19401,17981,17175,16511,15583,14855,14206,13818,13215,12838,12567,9942,11933,11732,11218,11160,11100,10939,10624,10199,10293,10295,10031,9979,10123,9788,9737,9716,9435,9228,9134,7639,9212,8936,9005,8829,8452,8715,8322,8324,8220,8264,8295,7969,8068,7924,8004,7937,7922,7670,7838,6423,7876,7742,7968,7739,7925,7893,8030,8022,8005,7905,7984,7867,7798,8039,7957,8160,8274,8231,8278,6864,8268,8381,8465,8397,8584,8353,8313,8396,8486,8704,8831,9335,10337,13182,19291,29502,43835,60311,76648,73539,96414,1.0115e+05,1.0329e+05,1.0437e+05,1.0634e+05,1.0884e+05,1.1279e+05,1.1732e+05,1.2274e+05,1.2993e+05,1.3658e+05,1.4751e+05,1.6208e+05,1.8541e+05,2.2023e+05,2.758e+05,3.5787e+05,4.7044e+05,5.9951e+05,5.8807e+05,7.57e+05,7.2631e+05,6.1391e+05,4.6663e+05,3.31e+05,2.2774e+05,1.5999e+05,1.1859e+05,93904,78824,69608,63914,60000,58155,56286,55467,55726,57603,59364,50897,61856,61650,58595,53986,48791,44318,41665,40242,38536,37502,36667,35077,33138,30610,28393,26552,24726,23694,22384,17607,19998,18593,17265,15508,14173,13080,11866,10987,10232,9819,9297,9238,8965,9329,9288,9945,10647,11539,12101,10868,13693,14088,14512,14478,14556,14229,14102,13496,13215,12710,12276,11377,10121,8748,7646,6230,5045,4056,3168,2255,2416,2077,1855,1726,1662,1549,1416,1419,1317,1325,1244,1249,1174,1119,1085,1013,939,969,887,779,903,794,753,816,784,722,703,688,644,653,585,581,531,544,508,495,499,501,453,326,420,382,379,340,365,327,333,315,320,296,260,258,257,262,233,244,183,230,209,171,176,213,190,160,145,153,167,125,148,131,141,128,123,122,102,95,89,105,99,83,87,76,76,78,68,69,58,67,68,64,67,54,50,67,49,42,42,34,53,24,28,38,33,26,27,19,24,14,13,16,15,17,12,7,17,14,14,6,11,5,7,6,3,4,4,2,4,4,2,1,4,4,4,3,2,3,2,2,2,3,1,3,6,6,0,2,1,3,2,1,3,2,3,3,3,0,0,2,1,1,1,2,1,5,0,2,3,0,4,1,1,0,3,1,0,0,2,0,2,0,2,2,0,1,0,0,1,0,0,2,1,0,0,0,0,0,0,1,1,0,0,0,0,0,0,0,0,0,0,1,0,0,0,0,0,1,1,0,1,0,1,0,0,0,1,1,1,0,2,0,0,0,0,0,0,0,0,1,0,1
2774,12929,65130,2.7486e+05,5.9479e+05,6.2924e+05,3.4289e+05,2.2527e+05,1.4808e+05,1.1777e+05,1.2145e+05,1.5353e+05,1.4189e+05,1.6386e+05,2.274e+05,2.8585e+05,2.6732e+05,2.1065e+05,1.15e+05,83941,70633,65186,61717,68990,59540,58802,58407,57175,55665,61033,50361,48153,45457,42677,40362,43504,35698,33832,31184,28411,25814,26155,20770,18873,17132,15799,14832,15780,12966,12205,11408,10932,11782,9894,9519,9176,8825,8460,9335,7866,7749,7568,7432,7170,7920,6920,6810,6659,6460,6436,7286,6153,6277,6111,6100,6163,6828,6016,5994,5904,6080,5920,6918,6022,5932,5957,5836,5755,6738,5821,5601,5553,5637,5505,6437,5642,5641,5686,5699,5493,6311,5386,5447,5499,5309,5918,5398,5288,5196,5197,5121,5871,5085,5022,4957,5147,5177,6022,5501,5893,6440,7628,11373,25535,50656,1.09e+05,2.1261e+05,3.3532e+05,4.1129e+05,4.3991e+05,2.9753e+05,2.2013e+05,1.6269e+05,1.2662e+05,1.0347e+05,1.0213e+05,80888,77028,74620,74273,75090,87649,80022,84843,90614,98837,1.0914e+05,1.4577e+05,1.512e+05,1.7799e+05,2.0007e+05,2.0876e+05,2.2055e+05,1.5803e+05,1.2015e+05,89034,69213,58347,62367,56286,58365,60620,59903,56946,58345,43023,36332,30097,25691,22776,23990,20285,20914,21716,23429,26197,33834,33295,36254,38201,38314,35827,35443,25107,18985,14239,11180,8944,8716,6901,6541,5943,5741,5124,5463,4350,3831,3583,3368,3198,3439,2833,2746,2741,2703,3091,2641,2538,2488,2439,2427,2764,2343,2330,2092,2008,1943,2041,1684,1487,1527,1416,1387,1420,1101,1072,1039,979,894,1051,866,801,765,758,695,755,598,636,595,581,580,663,537,516,520,480,472,540,436,431,392,431,448,351,390,343,331,329,369,267,288,274,274,227,282,222,201,212,182,201,205,165,143,184,151,135,165,120,135,119,131,130,127,107,98,70,79,82,96,71,68,68,67,63,47,51,49,28,41,40,37,26,22,25,23,17,18,13,13,12,7,8,6,2,3,3,5,0,3,4,3,0,4,5,2,2,0,3,2,1,0,1,2,0,1,2,1,3,0,3,1,2,0,1,1,2,0,1,3,2,1,0,2,0,2,2,0,0,2,2,2,1,3,2,1,2,1,0,1,0,0,0,0,1,0,1,2,0,2,0,2,0,0,0,1,4,0,0,3,1,2,0,0,1,1,2,0,2,0,0,0,1,0,1,0,2,0,1,0,0,0,0,1,1,0,1,0,0,1,1,0,0,0,1,0,0,0,0,0,2,1,0,0,0,0,0,0,0,0,0,0,0,0,0,0,0,0,0,0,0,0,0,0,0,0,1,0,0,0,0,0,0,0,0,0,0,0,0,1,0,0,0,0,0,0,0,0,0,0,0,0,1,0,0,0,0,0,0,0,0,0,0,1,0,1,0,0,0,0,1
3.5166e+06,10314,50163,2.5687e+05,5.6068e+05,8.6671e+05,7.0375e+05,4.7613e+05,1.9719e+05,1.0558e+05,1.0358e+05,1.5166e+05,1.9333e+05,3.0917e+05,3.492e+05,3.8044e+05,2.16e+05,1.2049e+05,90809,73374,43926,43906,31550,38716,33938,27801,37163,34039,26957,31703,30712,20134,23602,16866,21618,19108,13938,17721,17917,12699,16420,11784,16260,15490,11119,15602,16181,11331,15417,11174,15716,15075,10744,15429,14410,10117,14075,13968,9484,12860,9020,12702,11683,8256,11004,10872,7497,9962,7181,9637,8946,6458,8573,8767,5888,7878,7979,5494,7310,5434,7291,6946,5103,6534,6833,4598,6498,4751,6567,6359,4685,6103,6279,4547,5812,4419,6042,5550,4193,5592,5795,4200,5468,5733,4090,5356,3971,5627,5212,3959,5346,5531,3844,5109,3872,5298,4879,3723,4934,5340,3809,4992,3654,5185,4830,3742,5132,4679,3689,4857,5079,3736,4865,3754,5046,4693,3651,4652,5101,3606,4595,3645,4979,4877,3685,4735,5143,3749,4883,3762,5135,4723,3690,4797,4576,3449,4360,4437,3114,4291,3209,4774,4741,3567,4925,5497,4044,6073,4936,9252,14317,17287,41120,74672,75775,1.3203e+05,1.6117e+05,1.1854e+05,1.6017e+05,1.0972e+05,1.416e+05,1.2114e+05,77454,97341,89717,57924,76980,52672,73911,70990,49513,70359,71836,50001,72965,52012,79758,84274,62680,96848,1.1069e+05,84905,1.3401e+05,1.5396e+05,1.1531e+05,1.6769e+05,1.21e+05,1.6949e+05,1.5666e+05,1.2041e+05,1.5172e+05,1.5959e+05,1.1275e+05,1.2656e+05,92123,1.0744e+05,87557,60415,73538,72298,49434,63776,45654,63754,59797,43939,59083,53147,36144,44851,41118,25918,32116,21201,27140,24354,16296,21671,21702,14538,20524,14884,21850,22367,17904,26591,31940,25695,36086,28929,39460,33423,23151,27450,21834,14160,17404,16841,11559,15424,11134,15277,14203,9931,13230,12750,8222,10646,6987,9507,8339,5442,6981,6563,4055,5557,5213,3243,4466,2895,3936,3690,2415,3355,3198,2019,2873,1846,2635,2536,1547,2357,2259,1421,2068,1333,1964,1921,1227,1776,1852,1246,1669,1639,1081,1635,1006,1528,1479,992,1383,1373,906,1383,917,1297,1294,818,1217,1259,804,1192,797,1115,1088,734,1069,989,678,1023,924,674,933,638,949,904,624,885,863,590,885,563,871,798,566,818,771,515,782,485,744,764,444,711,716,405,635,645,459,720,482,611,631,390,589,621,413,534,383,612,572,364,529,549,314,455,498,330,474,309,488,437,287,426,465,261,367,263,388,385,279,361,379,223,370,220,342,260,206,323,322,203,316,262,193,305,198,276,268,164,233,233,138,265,130,234,191,139,195,203,131,189,115,152,157,84,143,150,97,116,123,67,117,67,102,99,51,88,64,42,75,38,60,47,33,59,52,21,32,27,20,31,11,15,19,16,17,8,10,10,8,10,9,5,6,5,1,2,3,4,5,2,4,3,0,1,1,2,0,2,1,0,2,0,0,1,0,0,1,0,1,0,1,0,0,0,1,0,0,1
12596,23527,62244,1.5155e+05,4.45e+05,6.7566e+05,9.0258e+05,9.1879e+05,8.9428e+05,4.3555e+05,2.7091e+05,1.7241e+05,1.3036e+05,80588,67910,69120,1.1767e+05,1.2312e+05,1.5351e+05,1.7313e+05,1.7206e+05,1.7697e+05,1.1831e+05,92450,73939,79211,48180,42506,38207,38676,30759,28632,26066,33525,21708,20181,19042,17951,18180,15840,15011,14226,19395,12982,12056,11670,11913,10835,10626,10211,14791,10150,10389,10457,10495,11182,10920,11182,11445,16328,11364,11418,11221,11930,11412,11346,11184,16245,11209,11096,11250,11227,11632,11504,11129,11575,16759,11137,11366,11051,11546,11080,10821,10673,15539,10509,10219,9859,10182,9776,9542,9353,9166,13070,8555,8541,8345,8305,7952,7986,7766,11216,7420,7300,7224,7227,6974,6892,6778,6567,9528,6526,6305,6209,6498,6125,5814,5832,8267,5652,5532,5470,5574,5438,5367,5441,5165,7538,5171,5049,4876,5156,4755,4839,4712,6876,4685,4471,4539,4684,4502,4356,4262,4289,6066,4068,4220,4131,4316,4153,4048,4111,5807,4010,4056,4176,4271,4108,4094,3952,4132,5976,4006,4166,4172,4231,4135,4079,4110,6000,4038,4044,4023,4193,4120,3960,4038,5759,4018,4058,4086,4027,4355,4047,4119,4162,6076,4081,4069,4265,4395,4188,4256,4160,6277,4211,4274,4457,4362,4563,4452,4584,4505,6747,4758,4683,4881,5229,5517,6383,8113,17882,19497,29027,41208,56667,75969,91093,1.0625e+05,1.1903e+05,1.9032e+05,1.3492e+05,1.3378e+05,1.3032e+05,1.2763e+05,1.1615e+05,1.0721e+05,98407,1.3165e+05,80796,75690,70916,68049,67049,63630,61747,60802,88702,60826,61782,62714,65636,67435,70905,74894,1.2103e+05,91938,1.0201e+05,1.1453e+05,1.3158e+05,1.5594e+05,1.7286e+05,1.9366e+05,2.1369e+05,3.2784e+05,2.346e+05,2.3061e+05,2.1891e+05,2.1597e+05,1.7738e+05,1.5667e+05,1.3673e+05,1.7212e+05,1.0595e+05,98068,92358,90887,83686,79895,74826,69546,90472,54478,48316,42487,38578,31774,28019,24596,31421,19672,18240,17597,17858,16747,16495,16727,16875,24487,17417,17481,17029,18585,16383,15697,14883,19730,12511,11498,10615,9940,8822,7968,7312,6858,9174,5472,4923,4713,4235,3827,3577,3391,4717,3046,3041,2828,2838,2723,2699,2672,2514,3741,2431,2435,2313,2358,2272,2180,2185,3151,2150,2031,2035,1965,1881,1898,1813,2709,1757,1720,1699,1590,1709,1574,1585,1525,2281,1508,1465,1391,1401,1390,1360,1298,1906,1223,1236,1236,1130,1164,1181,1134,1088,1580,1047,973,1007,952,997,920,947,1330,868,832,808,799,749,755,783,695,1000,740,680,722,611,636,616,604,887,571,528,549,500,510,525,496,487,671,460,438,456,394,433,428,430,574,372,385,360,328,366,347,335,328,460,285,299,288,266,246,241,219,362,233,211,199,199,207,192,176,198,252,155,145,138,122,126,141,110,153,123,115,113,85,106,91,102,90,106,67,52,76,56,55,57,50,81,40,46,39,40,26,31,33,32,36,28,25,29,23,23,18,17,22,15,10,7,8,10,10,8,6,15,9,7,9,10,2,2,2,5,5,1,0,4,1,2,0,1
3.0992e+05,4.5431e+05,8.143e+05,6.8336e+05,4.1833e+05,4.1162e+05,4.8878e+05,4.9561e+05,3.6018e+05,2.7736e+05,2.7626e+05,2.3578e+05,2.2869e+05,2.1748e+05,2.0373e+05,2.0799e+05,1.6395e+05,1.444e+05,1.2643e+05,1.0929e+05,94365,90536,69346,60515,52611,45667,45023,35349,32337,29377,27489,28474,23640,22124,21009,20013,21243,17997,17046,16616,16318,15662,17011,15075,14818,14265,13870,15518,13507,13452,13165,12939,14344,12616,12342,12029,11959,13200,11458,11263,11252,10998,10912,12313,10955,10843,10639,10610,11946,10543,10643,10638,10655,12139,10594,11023,11012,11061,12544,11409,11182,11373,11467,11719,13198,11704,12075,11978,12038,13635,12095,11960,12264,12309,13965,12422,12555,12600,12523,12839,14336,13007,13133,13336,13955,17017,17654,23668,38596,76742,1.7462e+05,2.3491e+05,2.5828e+05,2.3603e+05,2.0134e+05,1.919e+05,1.4932e+05,1.3597e+05,1.2823e+05,1.2403e+05,1.2286e+05,1.3912e+05,1.2784e+05,1.3547e+05,1.4754e+05,1.6246e+05,2.0763e+05,2.1329e+05,2.471e+05,2.7832e+05,3.0313e+05,3.3592e+05,2.6461e+05,2.2168e+05,1.8243e+05,1.4579e+05,1.291e+05,91046,78646,71518,67743,62815,61846,46784,40168,35250,32869,35021,29879,29482,29055,29043,31950,27692,26621,25841,25153,28182,24799,23823,22094,19381,16987,17177,14243,13340,11985,11640,12341,10285,9794,9124,8492,8090,6218,5508,5016,4742,5091,4340,4140,3932,3723,3557,3884,3207,3062,2977,2744,3113,2472,2475,2293,2220,2335,1990,1939,1873,1696,1694,1836,1590,1491,1435,1404,1476,1238,1145,1131,1100,1180,1070,1027,953,845,952,805,765,768,729,705,780,618,560,618,552,596,547,532,479,459,458,463,441,432,379,410,361,342,314,319,284,333,310,303,250,260,268,224,234,221,229,257,201,195,184,186,184,175,152,152,137,124,151,143,138,135,137,138,111,108,106,92,125,114,99,89,107,99,78,83,81,93,87,80,59,60,88,73,78,76,60,59,60,76,66,68,68,59,65,52,61,60,63,53,43,50,45,53,56,52,41,63,55,52,52,48,50,54,51,35,51,48,56,37,52,56,44,40,36,43,47,45,37,41,36,52,45,34,59,33,39,51,48,54,41,32,40,37,38,47,39,38,44,35,40,38,46,36,42,38,40,41,44,36,36,36,42,42,40,38,34,43,39,40,33,32,34,39,38,29,27,27,29,36,27,32,37,31,39,33,26,34,28,31,27,26,35,20,30,32,19,27,28,32,38,35,24,28,24,38,23,21,31,22,31,27,23,23,28,25,35,30,18,19,24,29,13,24,26,22,20,16,17,17,16,23,22,24,25,21,21,21,25,14,22,21,15,23,15,24,18,28,30,15,31,28,30,25,21,22,22,23,26,17,16,18,19,21,18,16,14,18,20,19,18,22,15,12,20,20,23,12,14,11,19,18,21,11,13,19,13,6,15,16,21,16,16,18,2199
21040,48796,1.0393e+05,2.8483e+05,4.4465e+05,7.811e+05,8.7892e+05,6.3595e+05,5.6222e+05,3.2219e+05,2.7969e+05,2.3577e+05,2.1743e+05,3.2802e+05,3.2826e+05,4.0937e+05,3.5775e+05,2.3134e+05,2.0305e+05,1.2538e+05,1.1919e+05,86079,93221,88580,72456,86110,70110,81382,77914,62152,69896,55042,60351,54613,40470,43235,31456,33272,29437,21970,24219,18600,19989,15595,17378,16360,12647,14586,11672,13424,12974,10499,12562,10308,12099,11709,9371,10684,8411,9543,7647,8792,8445,6692,7662,6167,7107,6965,5752,6610,5462,6508,6404,5282,6219,5151,6161,6079,4874,5958,4823,5765,4836,5903,5936,4843,5795,4898,5803,5796,4906,6030,5087,6377,6162,5359,6457,5616,6653,5561,6619,6684,5604,6569,5468,6410,6260,5361,6211,5057,6124,6092,4962,5962,4767,5773,5794,4772,5618,4742,5647,4759,5620,5685,4633,5712,4693,5567,5579,4529,5664,4645,5357,5475,4668,5507,4573,5657,5650,4710,5726,4687,5549,4861,5785,5745,4955,5793,4980,6123,6418,5451,7210,6588,9684,13962,18828,38890,56387,1.1204e+05,1.416e+05,2.3481e+05,2.9334e+05,2.7531e+05,3.3984e+05,2.7377e+05,3.0167e+05,2.6495e+05,1.9041e+05,1.9599e+05,1.3964e+05,1.4416e+05,1.2453e+05,93673,1.034e+05,81061,93911,91101,75571,91237,77649,97133,84608,1.0693e+05,1.1398e+05,1.0115e+05,1.2854e+05,1.1379e+05,1.4488e+05,1.5495e+05,1.3669e+05,1.7261e+05,1.4791e+05,1.8019e+05,1.8262e+05,1.5099e+05,1.7977e+05,1.4892e+05,1.753e+05,1.3917e+05,1.5516e+05,1.3884e+05,1.0089e+05,1.0401e+05,74776,78265,68149,51324,57852,45194,52544,50926,41019,48646,38990,45594,43155,34315,38816,30631,33983,26872,30434,28181,22356,25426,19991,23129,21853,17004,19729,15556,17983,17028,14223,16607,13640,16732,16564,13947,17121,14382,17189,14051,16540,15594,12185,13686,10595,11589,10679,8143,9063,7081,7652,7166,5558,6239,4786,5486,4399,5053,4926,4061,4811,3994,4954,5118,4429,5416,4719,5970,6443,5610,7141,6160,7742,8040,6660,8025,6415,7443,5799,6349,5621,4107,4296,3136,3213,2806,1995,2158,1677,1718,1520,1244,1358,975,1091,805,856,784,602,684,485,528,500,382,370,276,320,292,251,240,157,192,176,143,161,123,140,109,121,112,91,84,74,91,81,65,68,55,66,71,45,55,39,45,50,52,64,43,54,36,46,39,44,38,26,41,39,35,40,36,34,28,29,22,27,25,19,18,25,18,28,20,24,18,21,16,22,29,17,17,31,17,18,23,10,24,8,15,11,10,12,9,11,9,11,15,16,12,14,12,12,7,12,10,8,8,10,15,8,8,8,6,10,4,7,13,6,8,5,6,7,6,6,11,6,7,4,5,5,9,1,8,6,4,3,7,4,4,7,8,2,7,0,3,5,2,1,5,4,5,3,1,0,3,1,3,0,2,6,1,1,2,1,1,2,1,2,0,0,0,2,0,1,2,0,1,0,1,0,1,0,0,1,0,0,1,0,0,0,0,0,0,0,0,1,0,0,0,0,1,0,0,0,0,0,1
5.8804e+06,3.7049e+05,6.4812e+05,6.2183e+05,6.5451e+05,3.9911e+05,3.4834e+05,2.4424e+05,2.9389e+05,2.6011e+05,2.6087e+05,2.8394e+05,1.9976e+05,1.9722e+05,1.3231e+05,1.3078e+05,90644,93096,67721,61179,66368,49823,55226,41818,45793,34350,37223,27809,29835,22344,20399,22064,17138,19790,15239,17527,14111,16336,13318,12857,14910,12305,14095,11786,13618,11420,13479,11323,13448,11095,11465,13824,11638,14153,11890,14568,12217,14787,12724,12687,15422,12825,15313,12994,15563,12989,15774,12863,15155,12570,12508,14791,12263,14282,11584,13643,11163,13360,10565,10170,11947,9695,11279,9223,10748,8639,10241,8239,9785,7969,7755,9158,7313,8709,6981,8271,7006,7989,6680,6421,7682,6364,7584,6196,7329,6156,7267,5911,7077,6025,5890,7105,5946,6954,5742,6970,5775,6847,5675,5719,6525,5397,6447,5347,6481,5392,6327,5354,6397,5203,5129,6359,5099,6324,5202,6229,5272,6281,5155,5119,6290,5184,6325,5162,6341,5156,6265,5275,6370,5116,5278,6413,5217,6339,5307,6537,5715,7453,6895,7969,12001,13548,23737,29893,56378,71926,1.2821e+05,1.4815e+05,2.2576e+05,2.1977e+05,2.3601e+05,2.8594e+05,2.282e+05,2.5619e+05,1.9574e+05,2.1284e+05,1.6073e+05,1.748e+05,1.3282e+05,1.2242e+05,1.3651e+05,1.074e+05,1.219e+05,98808,1.1729e+05,97915,1.2028e+05,1.0416e+05,1.3368e+05,1.2108e+05,1.3492e+05,1.8427e+05,1.8083e+05,2.6181e+05,2.6291e+05,3.8361e+05,3.774e+05,5.1358e+05,4.6217e+05,4.709e+05,5.4555e+05,4.1672e+05,4.4025e+05,3.1631e+05,3.2187e+05,2.2611e+05,2.2941e+05,1.6013e+05,1.6058e+05,1.1086e+05,93492,92120,63027,62214,42812,42656,30261,31868,24281,22998,27108,22343,26895,22688,28047,24176,29671,25883,32147,27636,28517,35803,30380,37415,31318,37552,31023,36848,29646,28996,33283,26715,30655,24686,28763,23805,27915,22995,27034,22324,21860,25579,20674,23677,18656,21018,15862,17464,12842,11510,12499,8895,9459,7035,7518,5640,6203,4724,5201,4156,3823,4633,3420,4143,3303,3792,3005,3301,2678,2706,3117,2508,2833,2359,2688,2214,2561,2062,2419,1893,1880,2112,1785,2082,1647,1910,1640,1877,1494,1481,1697,1455,1678,1359,1579,1254,1527,1279,1420,1104,1113,1345,1107,1304,1036,1221,1011,1172,975,931,1095,847,1036,844,993,836,946,751,907,710,695,854,686,754,673,772,639,697,625,581,664,564,685,535,627,516,608,463,585,443,428,531,393,501,392,512,377,411,352,336,395,335,386,315,380,270,303,275,328,264,236,292,231,263,225,255,203,241,183,204,227,185,186,156,194,158,216,125,177,123,143,166,120,150,111,131,116,138,109,88,95,94,114,84,103,71,99,76,112,73,70,81,72,76,73,90,62,80,56,56,61,57,60,56,46,39,59,43,40,45,36,37,26,30,28,29,12,14,17,17,17,6,6,11,12,3,5,8,4,2,1,5,0,1,2,4,4,0,0,3,1,0,0,0,0,0,0,0,1,1,0,1,0,1,0,0,0,0,0,0,0,1,0,0,0,0,1,0,0,0,0,0,1,0,0,0,0,0,0,1
6.4625e+06,5.4199e+05,6.0629e+05,5.1568e+05,3.7301e+05,2.8859e+05,1.8587e+05,1.4806e+05,1.2546e+05,1.1036e+05,1.1241e+05,91376,84499,78508,72252,73760,59236,54824,49513,45616,42415,44371,37290,35286,34580,33673,36959,32158,31107,30057,29029,31309,26235,24878,23403,21970,23339,19301,18352,17396,16128,15431,16588,14042,13475,13125,12479,13699,11784,11369,11241,10995,12036,10720,10581,10288,10024,11283,10266,9745,9645,9562,9545,10796,9315,9305,9469,9209,10159,9108,9088,9020,8934,10192,9058,9269,9169,9188,10545,9479,9474,9682,10119,10225,11846,10632,10966,11464,11585,13566,12480,12965,13457,14172,16905,16006,17396,19137,21090,24276,32215,35063,42597,53238,68410,1.0257e+05,1.2346e+05,1.6495e+05,2.1832e+05,2.7882e+05,3.8193e+05,3.8128e+05,3.9611e+05,3.9021e+05,3.7264e+05,3.9185e+05,3.2232e+05,3.029e+05,2.8761e+05,2.7891e+05,2.7514e+05,3.1455e+05,2.8957e+05,3.055e+05,3.2505e+05,3.5386e+05,4.3374e+05,4.2219e+05,4.5669e+05,4.8774e+05,5.1018e+05,5.8407e+05,5.0859e+05,4.785e+05,4.3535e+05,3.8219e+05,3.6627e+05,2.7033e+05,2.2582e+05,1.8763e+05,1.5707e+05,1.3204e+05,1.2348e+05,92369,79469,70131,62042,62527,50522,46696,43992,41425,45041,39039,38250,37278,36201,40377,34556,33331,31805,30185,28367,29195,23520,22383,19980,18395,18733,14906,13654,12615,11431,11351,9329,8408,7760,7143,7395,6220,5646,5510,5213,5072,5311,4463,4399,4250,4040,4403,3754,3630,3615,3425,3836,3282,3164,2989,2967,2814,3173,2695,2668,2565,2517,2637,2276,2288,2215,2134,2369,2001,2059,1954,1868,2032,1807,1808,1685,1648,1663,1793,1602,1502,1476,1467,1594,1394,1341,1294,1262,1449,1205,1170,1139,1140,1233,1033,1052,1087,1023,963,1140,901,982,940,842,905,826,764,724,785,806,661,712,698,712,771,629,613,590,589,583,617,539,550,526,510,558,427,470,422,443,435,370,347,368,343,353,273,293,302,262,232,273,235,204,230,217,218,183,170,166,165,177,147,154,149,167,152,161,126,135,129,150,143,128,109,143,129,136,119,130,120,104,137,125,106,135,102,104,116,117,96,110,101,128,104,107,116,96,110,94,103,103,65,114,95,84,81,87,102,103,85,87,77,74,94,85,67,61,66,71,78,78,71,78,68,65,62,61,66,60,59,55,62,65,68,74,57,68,59,51,58,56,68,50,46,71,46,55,47,44,47,64,35,65,44,50,63,47,36,65,44,48,58,44,51,52,44,53,50,44,40,52,43,46,36,45,45,50,47,44,40,40,35,49,47,44,51,40,58,44,41,53,46,52,42,32,43,36,58,31,48,41,37,45,52,29,47,37,38,36,40,37,28,39,45,32,33,32,33,47,42,32,46,19,42,36,28,32,32,31,38,33,35,27,32,40,35,32,33,34,53,35,25,42,33,29,20,37,30,39,26,34,28,30,28,27,39,29,33,38,34,30,33,26,33,40,10240
4334,13732,53120,1.8244e+05,4.9922e+05,9.732e+05,1.243e+06,1.0264e+06,6.1585e+05,3.37e+05,2.0419e+05,1.3676e+05,99380,88212,1.0485e+05,1.4233e+05,1.7566e+05,1.8219e+05,1.5868e+05,1.2635e+05,1.0104e+05,86271,78929,75480,72751,70071,66703,60959,54744,48405,42951,38581,35357,33413,31482,30024,28795,28439,27710,27349,27270,27122,27044,27342,26841,26065,24987,24329,23111,22109,25697,20444,19817,19145,18656,17886,17721,16882,16430,15949,15188,14612,14041,13583,13263,12857,12499,11837,11588,11465,11129,10864,10314,10115,9929,9767,9349,9172,9033,8652,8397,8121,8299,7922,7641,7540,7542,7292,7065,6978,7056,6838,6684,6582,6680,6440,6540,6217,6264,6109,7359,6168,5990,6106,5892,5798,5824,5657,5713,5678,5668,5667,5478,5557,5464,5409,5419,5449,5393,5387,5422,5132,5237,5200,5345,5290,5227,5308,5250,5199,5119,5290,5387,5405,5270,5288,5388,5234,5358,5391,5190,5379,5404,5432,5416,5548,5501,5607,5506,6668,5557,5596,5618,5799,5784,5804,5991,6056,6162,6381,6275,6359,6425,6452,6625,6656,6743,6897,7157,7115,7335,7531,7911,8070,8543,8957,9246,10159,11706,14417,19748,28826,44020,65223,90771,1.1843e+05,1.4496e+05,1.6518e+05,1.7638e+05,1.8045e+05,1.7661e+05,1.6665e+05,1.5618e+05,1.4389e+05,1.3305e+05,1.2399e+05,1.1585e+05,1.106e+05,1.0561e+05,1.2348e+05,1.0129e+05,1.0056e+05,1.0136e+05,1.0427e+05,1.0744e+05,1.1324e+05,1.2104e+05,1.3079e+05,1.4483e+05,1.6318e+05,1.8927e+05,2.1933e+05,2.5077e+05,2.7624e+05,2.8985e+05,2.871e+05,2.7668e+05,2.6529e+05,2.6146e+05,2.6252e+05,2.6633e+05,2.6386e+05,2.5231e+05,2.3194e+05,2.0158e+05,1.6863e+05,1.3693e+05,1.1063e+05,88824,72164,60263,51870,46032,41640,39745,38578,38764,39373,40781,42553,45733,49439,53816,57605,61943,65251,66441,67324,65373,73959,56710,51114,45177,39226,33141,28946,24980,21468,18657,16729,15346,14351,13820,13469,13197,13215,12696,11950,11230,9870,8876,7962,6853,6106,5447,4917,4433,4140,3986,3807,3645,3498,3310,3165,3096,2967,2891,2828,2738,2658,2531,2446,2404,2356,2360,2191,2141,2216,2008,2416,1921,1926,1870,1858,1826,1746,1681,1565,1645,1511,1528,1500,1429,1493,1421,1416,1338,1317,1234,1234,1235,1228,1205,1193,1070,1087,1096,1052,1021,1020,966,937,949,969,916,881,867,890,873,823,832,763,786,814,702,662,689,681,644,748,622,628,587,602,528,541,467,520,473,455,451,429,427,425,393,380,317,346,312,356,322,304,280,264,283,258,232,236,271,232,215,233,209,202,182,186,195,182,147,167,159,156,151,149,131,151,120,150,130,150,130,120,116,111,85,103,114,95,92,73,86,72,73,104,76,59,60,67,63,57,63,67,55,51,38,40,45,41,36,28,24,28,24,20,18,19,13,10,15,6,10,17,9,4,4,7,7,4,2,6,5,4,2,2,7,3,4,2,3,2,1,0,0,4,3,3,2,2,0,2,0,0,3,4,4,1,3,5,1,2,0,0,2,1,0,0,1,0,0,0,0,0,1,0,0,0,1,0,0,1
53744,84221,1.8243e+05,3.2984e+05,4.6737e+05,5.2164e+05,4.8379e+05,3.9737e+05,3.0899e+05,2.3974e+05,1.901e+05,1.5517e+05,1.3357e+05,1.2308e+05,1.195e+05,1.2075e+05,1.2451e+05,1.3212e+05,1.4177e+05,1.5735e+05,1.7717e+05,2.0048e+05,2.1822e+05,2.2409e+05,2.1658e+05,1.9498e+05,1.6955e+05,1.4199e+05,1.1793e+05,98450,82895,70427,61338,53344,46862,41438,37212,32408,28930,25907,22975,20763,18388,16674,15002,13408,12396,11593,10833,10454,12103,10023,10305,10345,10333,10602,10934,11020,11271,11509,11711,11689,11353,11699,11623,11502,11041,10919,10680,10377,10194,10051,9656,9417,8991,8997,8550,8378,8197,8103,7738,7537,7414,7165,6933,6758,6418,6496,6238,6149,5925,5928,5690,5586,5579,5559,5381,5294,5204,5174,6223,5231,5145,5018,5015,4914,4910,4974,4904,5020,4925,4959,4795,4932,4741,4813,4828,4653,4740,4861,4791,4789,4826,4992,4798,4850,4886,4932,5046,4965,5114,5096,5136,5123,5088,5299,5151,5267,5447,5327,5439,5382,5454,5359,5401,5495,5379,5215,5307,6204,5020,4969,4943,4704,4584,4449,4266,4223,4026,3957,3970,3931,3997,3967,4065,4221,4341,4408,4688,5258,6067,7940,11684,18672,30426,49301,76421,1.1067e+05,1.5055e+05,1.9423e+05,2.3482e+05,2.7114e+05,3.0145e+05,3.2325e+05,3.3545e+05,3.3885e+05,3.3214e+05,3.162e+05,2.9633e+05,2.7266e+05,2.461e+05,2.2333e+05,2.0205e+05,1.8393e+05,1.7049e+05,1.6158e+05,1.556e+05,1.5385e+05,1.5676e+05,1.9649e+05,1.7494e+05,1.887e+05,2.0516e+05,2.2138e+05,2.3682e+05,2.4737e+05,2.5294e+05,2.5482e+05,2.5272e+05,2.4649e+05,2.4096e+05,2.3538e+05,2.2944e+05,2.246e+05,2.1828e+05,2.1117e+05,2.023e+05,1.9068e+05,1.7721e+05,1.6199e+05,1.459e+05,1.3191e+05,1.1953e+05,1.0751e+05,98374,89633,82410,76315,69352,63086,56847,51462,46233,41438,38250,35325,32753,31109,29691,29114,28611,27928,27394,26469,25616,24789,23349,22242,21166,23213,17832,16623,15511,14377,13400,12576,12006,11280,11111,10362,10154,10102,9839,9701,9661,9797,9708,9564,9757,9808,9866,9869,9822,9578,9457,9142,8655,8194,7591,6908,6478,5748,5211,4570,3971,3548,3040,2771,2413,2176,2017,1863,1697,1676,1560,1470,1437,1448,1327,1562,1313,1216,1213,1193,1169,1157,1123,1089,1030,945,1044,1008,892,953,927,905,898,874,857,798,815,784,796,758,798,720,764,736,722,705,727,694,669,634,674,682,586,615,627,558,592,543,556,571,527,536,487,538,491,595,497,440,441,449,470,425,419,405,431,393,362,379,376,375,349,369,336,329,354,318,311,314,311,285,279,279,273,247,247,277,278,281,287,279,205,232,226,247,213,189,187,220,184,185,194,217,181,206,170,214,129,122,149,153,149,121,129,117,139,134,96,135,138,129,121,119,110,104,105,101,91,95,84,79,85,82,89,75,74,85,82,74,78,61,52,50,51,40,50,49,50,42,35,43,28,43,21,37,32,18,20,19,18,14,8,9,14,3,8,4,1,6,2,1,1,4,1,3,3,0,1,1,4,3,1,2,2,3,0,1,1,0,0,1,2,2,0,2,0,0,0,0,0,0,0,1,0,0,0,1
7727,22346,71550,2.5889e+05,4.2397e+05,7.5634e+05,7.6156e+05,4.6817e+05,3.3309e+05,2.8134e+05,1.5562e+05,1.1646e+05,1.0813e+05,68629,61965,78158,69859,78273,1.1348e+05,1.0632e+05,1.2543e+05,1.5484e+05,2.3897e+05,2.1302e+05,2.0692e+05,2.1947e+05,1.3665e+05,1.0703e+05,1.0205e+05,64089,53123,54438,35818,30473,32411,22467,20379,23180,17513,17032,21068,16787,16995,17383,22715,18933,20034,26119,21618,22776,29583,24079,24770,31548,25990,26394,33749,27545,27631,34693,27962,28024,34992,27205,26756,26180,31836,24795,23406,28215,21682,20537,24485,18394,17380,20613,15481,14530,17308,12899,12414,14696,10870,10584,12560,9489,8816,8619,10190,8019,7479,9151,7216,6984,8463,6605,6402,7807,6140,5937,7106,5640,5594,6797,5409,5311,6474,5254,5138,5080,6172,4908,4920,5881,4827,4792,5892,4706,4574,5597,4528,4415,5529,4291,4436,5354,4212,4429,5305,4278,4186,4174,5182,4236,4180,5232,4170,4148,5175,4133,4245,5074,4147,4013,5077,4147,4130,5010,4095,3967,4977,3929,3904,3860,4896,3870,3959,4936,3920,3878,4949,4005,3902,5077,3979,4062,5116,3982,4114,5179,4210,4225,5166,4242,4388,4298,5486,4351,4229,5232,4132,4007,4855,3749,3678,4517,3613,3533,4389,3499,3503,4395,3572,3564,4693,3617,3633,3731,4952,4058,4333,6195,6261,8400,17109,24147,41050,90217,1.1729e+05,1.6956e+05,2.9553e+05,3.011e+05,3.4734e+05,4.6392e+05,3.6289e+05,3.3438e+05,3.6032e+05,2.3752e+05,1.9849e+05,1.6607e+05,1.7021e+05,1.1461e+05,99649,1.0723e+05,76251,69358,79230,59269,56529,67588,52713,52007,65366,53022,54040,69076,57826,61100,81022,69868,77359,86425,1.2617e+05,1.2221e+05,1.4538e+05,2.2506e+05,2.1946e+05,2.5338e+05,3.533e+05,2.9721e+05,2.9109e+05,3.3002e+05,2.2472e+05,1.8692e+05,1.834e+05,1.1527e+05,93545,97936,67228,60258,55552,64617,48493,46275,55605,42429,40474,47656,35881,34072,39978,30071,28703,34936,27155,27262,34232,27711,28098,35854,29278,29495,29940,38141,30423,30121,37003,28792,26945,31334,22618,20562,22427,15705,13951,16141,11749,11582,13794,11047,11265,13993,10717,10246,9762,11168,8140,7282,8272,5799,5224,5879,4197,3768,4414,3132,2938,3347,2588,2488,2986,2261,2170,2747,2066,2018,1993,2457,1989,1842,2398,1745,1801,2141,1670,1693,2094,1586,1489,2000,1506,1476,1771,1402,1403,1666,1319,1323,1317,1676,1286,1296,1463,1216,1180,1468,1112,1107,1393,1098,1137,1383,1053,1058,1324,996,982,1245,1009,958,968,1165,947,942,1114,920,894,1048,941,865,1065,859,831,984,826,805,986,767,758,947,731,764,713,911,735,687,851,685,686,782,634,652,782,657,618,750,563,567,738,569,521,680,519,513,496,621,504,493,616,452,441,577,442,483,532,423,410,490,371,402,476,376,358,414,351,324,318,381,304,272,358,278,279,321,249,213,307,255,217,282,201,188,228,179,195,213,186,167,159,188,157,149,187,119,134,152,121,116,126,95,96,112,72,85,79,61,53,48,37,30,39,25,19,22,21,17,12,12,16,10,5,5,2,3,0,1,1,3,3,1
1261,2385,7664,22552,61062,1.5186e+05,3.0345e+05,3.3714e+05,4.2868e+05,3.6076e+05,2.8954e+05,2.2834e+05,1.7478e+05,1.323e+05,82356,85540,76787,76276,81662,87065,91453,74861,94271,98101,1.0867e+05,1.3005e+05,1.6357e+05,1.9918e+05,1.7825e+05,2.2891e+05,2.1438e+05,1.8602e+05,1.5376e+05,1.2431e+05,1.0191e+05,68796,74076,64820,57924,52180,48412,44306,33032,38799,35844,33821,31900,30333,28995,22177,26571,25079,23680,22784,21347,19979,15254,18263,17139,16041,15251,14505,13752,10458,12571,12125,11463,10975,10532,10057,7854,9601,9256,9010,8644,8622,8332,6489,8075,8059,7669,7562,7357,7317,5751,7217,7056,6998,6895,6919,6793,5384,6545,6892,6624,6569,6781,6804,5412,6555,6627,6574,6676,6607,6535,5325,6580,6591,6534,6495,6628,6355,5141,6449,6420,6427,6243,6491,6408,5081,6370,6284,6393,6460,6263,6237,4918,6014,5924,5967,5882,5756,5680,4495,5675,5543,5550,5306,5501,5332,4146,5055,5338,5257,5276,5207,5003,4106,5185,5177,5110,5057,5269,5397,4261,5414,5393,5343,5301,5443,5510,4427,5502,5565,5543,5522,5467,5626,5614,4395,5762,5785,5783,5935,6091,6318,5502,7675,9330,12512,17793,27920,45905,58503,1.1745e+05,1.9251e+05,3.0271e+05,4.4378e+05,5.9178e+05,7.16e+05,6.267e+05,7.9415e+05,7.5478e+05,6.7486e+05,5.7773e+05,4.7862e+05,3.9195e+05,2.5979e+05,2.7006e+05,2.2328e+05,1.8807e+05,1.6187e+05,1.4419e+05,1.3073e+05,97733,1.1681e+05,1.1295e+05,1.1173e+05,1.138e+05,1.183e+05,1.2658e+05,1.0957e+05,1.4937e+05,1.6904e+05,1.9212e+05,2.166e+05,2.432e+05,2.6644e+05,2.2859e+05,2.9959e+05,3.0991e+05,3.1353e+05,3.1018e+05,3.0201e+05,2.8745e+05,2.1562e+05,2.4655e+05,2.2158e+05,1.962e+05,1.7244e+05,1.5099e+05,1.3294e+05,96136,1.0788e+05,95847,86012,77530,69824,62771,45740,52118,47682,43195,39340,35941,33730,25308,30060,28140,26509,24751,23366,21482,15970,18977,17703,16564,15673,15257,14292,11010,13722,12838,12112,11744,11139,10086,7450,8705,7843,7252,6664,6150,5568,4247,5205,4843,4795,4385,4277,4057,3201,3700,3533,3476,3379,3267,3223,2486,2968,2912,2938,2828,2829,2829,2133,2691,2530,2462,2514,2371,2396,1759,2303,2208,2192,2105,2162,2067,1538,2088,1946,1883,1930,1834,1810,1429,1759,1717,1682,1727,1669,1580,1241,1594,1492,1567,1465,1468,1511,1191,1443,1402,1398,1336,1331,1319,1299,1004,1301,1171,1248,1244,1160,1147,940,1142,1015,1062,1082,1083,1007,839,1014,1068,930,957,956,912,702,894,874,926,944,843,924,672,856,798,815,822,814,845,640,741,771,780,724,759,760,592,694,669,693,681,654,664,511,658,662,638,635,652,624,489,568,595,531,543,545,519,404,519,527,482,450,482,484,351,501,430,430,402,468,418,350,432,421,385,371,395,384,284,358,337,374,332,298,301,213,296,286,272,246,232,222,163,179,174,160,149,137,113,75,95,68,67,65,41,45,25,43,36,37,25,27,26,18,19,22,15,17,15,13,6,9,15,6,6,6,5,5,4,9,7,6,8,3,1,2,1,0,2,0,5,1,0,2,0,1,1,1,0,2,0,1,0,0,1,1
45750,3.3453e+05,1.151e+06,1.0665e+06,6.0531e+05,3.6763e+05,1.7049e+05,1.0743e+05,1.0816e+05,1.4746e+05,2.591e+05,3.7895e+05,4.5151e+05,3.5508e+05,2.3061e+05,1.8153e+05,1.3542e+05,1.2657e+05,1.2183e+05,1.247e+05,1.2832e+05,1.501e+05,1.3519e+05,1.3212e+05,1.2521e+05,1.1535e+05,1.1532e+05,88394,76277,64904,55725,53154,40332,35540,30831,27689,27330,22021,20391,18801,17634,16894,17549,14703,14147,13502,12868,13976,12014,11848,11323,11238,12125,10576,10469,10138,10230,11066,9784,9524,9528,9247,9148,10108,9073,9093,8974,8717,9904,8829,8833,8708,8573,9920,8843,8582,8661,8707,10037,8725,9132,9040,9190,9294,10452,9400,9480,9231,9457,10446,9484,9592,9427,9340,10567,9434,9556,9528,9175,9034,10052,9076,9205,9406,9920,12237,13118,21227,49597,1.332e+05,3.6784e+05,6.1564e+05,8.6684e+05,9.3971e+05,8.0289e+05,6.4445e+05,3.8038e+05,2.6838e+05,2.0811e+05,1.7736e+05,1.637e+05,1.8026e+05,1.6329e+05,1.7407e+05,1.9369e+05,2.206e+05,2.9448e+05,3.1254e+05,3.6874e+05,4.2207e+05,4.5949e+05,5.2748e+05,4.4594e+05,3.9092e+05,3.0825e+05,2.2064e+05,1.7448e+05,1.2099e+05,1.0694e+05,98836,90527,81150,78236,59193,49119,40915,34722,35358,29829,29086,29343,30031,32951,27247,24166,20242,16710,15661,11880,10784,9934,9144,8778,8933,7677,7287,6835,6636,6737,5711,5356,5111,4900,5164,4360,4180,4062,3902,4199,3529,3584,3428,3238,3064,3333,2893,2834,2743,2665,2934,2518,2470,2371,2284,2455,2132,2043,2057,1926,1855,2150,1683,1692,1629,1605,1721,1426,1431,1382,1399,1443,1241,1180,1224,1122,1243,1086,1085,1007,1037,987,1070,888,950,876,800,971,769,781,723,730,806,713,712,699,658,685,595,610,607,600,554,633,535,562,549,512,586,480,474,495,454,541,477,409,439,424,435,341,370,368,321,285,315,224,203,173,106,102,80,41,22,25,21,13,7,6,8,8,4,2,2,2,5,0,0,1,2,1,1,5,3,1,3,2,2,1,2,3,0,1,2,0,1,1,0,1,2,2,1,3,1,0,2,1,0,1,0,0,4,0,2,0,0,2,0,0,1,0,1,1,0,0,0,0,0,0,2,0,0,0,0,0,0,1,1,0,1,0,0,1,1,0,2,1,0,0,2,1,0,0,0,0,1,0,0,0,1,0,1,1,0,0,1,0,2,0,1,0,1,0,0,0,1,0,1,0,1,1,1,0,0,0,0,1,1,1,0,0,1,0,0,0,0,0,0,1,0,1,0,0,0,1,1,0,1,0,0,0,1,1,0,0,0,0,0,0,0,0,2,0,0,0,0,0,0,0,0,0,0,0,1,0,0,0,0,0,0,1,0,1,1,0,0,1,0,0,0,0,0,0,0,0,0,0,0,0,0,0,0,0,0,0,0,0,0,1,0,0,1,0,0,0,0,1,0,0,0,0,0,0,0,0,0,0,0,0,0,0,8
1260,4279,15669,49515,1.248e+05,2.4689e+05,3.7264e+05,4.2701e+05,3.1933e+05,3.3131e+05,2.5034e+05,1.7882e+05,1.2677e+05,1.0353e+05,1.1426e+05,1.5861e+05,2.1298e+05,1.9161e+05,2.2651e+05,1.7622e+05,1.2101e+05,81981,61500,53266,50241,49848,39570,49675,48868,47212,43854,41282,38442,35976,33810,25068,28925,26996,25189,24441,24172,23970,24437,19833,25698,26601,27694,28314,28822,29408,30397,30626,24463,30420,30386,29913,29284,28240,26984,25812,23828,18133,20607,18909,17768,16155,15209,14443,13354,12849,9985,11686,11114,10761,10433,9538,9272,8974,6861,8292,8174,7933,7550,7319,7131,6961,6840,5227,6689,6322,6185,6068,6011,5881,5836,5759,4583,5641,5584,5568,5586,5509,5423,5361,5342,4152,5216,5221,5061,5043,4880,4945,4774,4770,3797,4791,4807,4501,4503,4459,4370,4251,3519,4414,4385,4359,4327,4427,4052,4275,4369,3505,4317,4223,4238,4296,4276,4332,4225,4347,3381,4334,4258,4218,4359,4307,4281,4217,4286,3307,4382,4268,4192,4366,4446,4349,4392,3646,4462,4364,4475,4512,4673,4625,4597,4657,3838,4907,5023,5186,5185,5358,5458,5723,5815,4932,6127,6616,7250,9049,12999,22740,44157,84709,1.1569e+05,2.2994e+05,3.4577e+05,4.5978e+05,5.4387e+05,5.7315e+05,5.4573e+05,4.7731e+05,3.2222e+05,3.2827e+05,2.5791e+05,2.0544e+05,1.6769e+05,1.4175e+05,1.2251e+05,1.1013e+05,1.0041e+05,75865,90103,87597,86071,84811,86350,88255,91875,96066,81079,1.0707e+05,1.1538e+05,1.2624e+05,1.402e+05,1.5665e+05,1.7604e+05,1.9619e+05,2.1206e+05,1.763e+05,2.2103e+05,2.1026e+05,1.9115e+05,1.6558e+05,1.3964e+05,1.1609e+05,96090,80239,56101,61833,54623,49837,45221,41022,37775,33507,24826,28903,26973,25512,24763,24641,24472,24431,25960,21332,27377,28607,29081,29704,30012,29872,29345,28397,21760,26254,24610,23133,21445,20044,18475,17401,16417,12973,15927,15865,16350,16360,16647,16234,15634,11819,13641,12591,11123,9941,8410,7126,5689,4597,3064,3195,2543,2074,1726,1558,1361,1187,1073,796,884,862,795,727,718,685,647,629,517,591,603,542,533,522,490,502,444,334,390,428,434,374,359,351,363,279,347,330,338,294,297,271,294,269,243,247,264,250,252,258,217,245,219,175,173,194,193,162,171,174,166,162,126,175,162,139,153,136,126,126,102,146,105,108,138,140,127,101,118,70,83,135,96,97,84,102,100,79,68,92,69,74,95,82,77,79,68,51,71,62,65,57,69,56,57,53,54,54,51,52,60,53,45,44,39,48,40,49,35,45,32,47,42,26,34,34,35,37,40,44,21,36,23,24,37,29,25,34,26,26,23,29,20,17,15,8,18,8,10,11,10,9,8,6,8,4,6,7,4,4,5,1,8,2,4,1,3,3,3,0,1,5,2,5,4,3,2,1,1,2,4,2,0,2,2,1,1,2,0,1,2,2,3,0,1,1,1,0,1,0,1,2,1,0,2,1,1,3,0,1,2,0,1,1,1,0,0,0,0,1
64867,1.0141e+05,2.4156e+05,5.133e+05,8.8671e+05,1.1558e+06,1.1346e+06,8.9086e+05,6.2925e+05,4.4911e+05,3.3926e+05,2.7046e+05,2.7542e+05,2.0985e+05,2.024e+05,1.9788e+05,1.9183e+05,1.8204e+05,1.7578e+05,1.842e+05,2.2166e+05,2.9511e+05,3.803e+05,4.3875e+05,4.4202e+05,4.5776e+05,2.8774e+05,2.0139e+05,1.3581e+05,93936,70609,58765,52235,48279,45579,43198,41710,47598,37941,37262,36621,36688,36268,36308,35853,35671,35742,35517,35403,34691,41692,34196,33734,33207,33146,32756,32407,31986,31481,30952,30174,29599,34041,27708,26718,26014,25013,23370,22633,22089,20917,20185,19038,18322,17693,20272,16401,15914,15234,15020,14538,13868,13633,13267,12664,12306,12289,14403,11693,11478,11031,10857,10865,10719,10536,10217,10137,9910,9892,10019,11847,9682,9638,9579,9502,9440,9424,9001,9190,9109,9112,9027,10780,8975,9032,8865,8796,8830,8714,8734,8840,8888,8723,8617,8583,10452,8705,8635,8571,8501,8738,8666,8520,8693,8664,8809,8872,10593,8889,9005,8875,8976,8982,9292,9263,9212,9239,9316,9521,9329,11152,9392,9354,9356,9384,9201,9281,9390,9383,9652,9544,9595,11656,9957,10044,10329,10750,11174,12065,13510,16882,22188,30967,45964,69754,1.2983e+05,1.6172e+05,2.1974e+05,2.8018e+05,3.301e+05,3.6133e+05,3.6703e+05,3.5218e+05,3.2588e+05,2.92e+05,2.5924e+05,2.2846e+05,2.3995e+05,1.7565e+05,1.5689e+05,1.416e+05,1.2971e+05,1.19e+05,1.1146e+05,1.0451e+05,1.0027e+05,96030,92941,91818,91207,1.12e+05,96058,1.0159e+05,1.0856e+05,1.1909e+05,1.326e+05,1.508e+05,1.7321e+05,2.0386e+05,2.3984e+05,2.8041e+05,3.2375e+05,4.3715e+05,3.9306e+05,3.9872e+05,3.8623e+05,3.6028e+05,3.2304e+05,2.8189e+05,2.4175e+05,2.0421e+05,1.7246e+05,1.4678e+05,1.2568e+05,1.0902e+05,1.1362e+05,83741,75669,68907,63729,59532,55552,52733,50432,47849,45931,44626,51455,41157,39736,38451,36980,35238,34154,33217,31861,31012,30445,29998,29627,35419,29400,29410,29639,30134,30048,30134,30917,30465,30921,30515,30430,36039,29296,28882,28121,27454,27063,26080,24901,24250,23304,22510,21595,20969,24279,19426,18876,18171,17718,17209,16794,16368,15889,15266,14650,14015,15892,12510,11929,11103,10666,9791,9485,8881,8242,7973,7467,7051,6686,7727,6212,5834,5710,5654,5286,5339,5151,4839,4650,4498,4275,4883,3774,3802,3578,3402,3319,3312,3262,2976,2937,2735,2761,2734,3135,2485,2514,2404,2297,2248,2141,2203,2264,2058,2138,2000,2301,1987,1877,1853,1797,1708,1725,1700,1642,1609,1655,1526,1500,1752,1473,1431,1351,1356,1365,1217,1248,1300,1237,1198,1159,1387,1155,1130,1106,1065,1095,1009,975,1060,990,966,975,976,1091,820,899,819,866,792,770,798,713,745,746,691,883,696,656,614,683,649,633,644,611,588,596,576,562,708,535,550,516,495,494,481,469,484,402,476,414,559,372,403,389,386,370,409,373,345,325,337,321,318,395,279,279,302,274,255,272,278,254,239,198,248,258,243,214,216,231,181,173,217,160,170,166,158,173,200,164,144,147,139,130,137,133,121,125,112,124,128,102,104,107,100,110,78,72,74,71,69,58,54,77,57,56,51,43,52,39,34,31,27,21,15,22,16,13,13,7,8,4,1,4,1,1,1,1
3.3009e+05,1.0408e+06,2.5506e+06,2.4016e+06,9.2356e+05,3.2579e+05,2.6761e+05,4.0948e+05,5.1884e+05,4.6869e+05,3.3773e+05,2.0544e+05,2.7504e+05,4.2778e+05,4.2781e+05,2.6037e+05,93028,61629,55729,52795,48970,50883,41311,37322,33854,30819,31296,25039,23389,21237,19776,21242,17676,16758,16110,15019,16387,14152,13669,13307,12898,12598,13903,11919,11865,11613,11301,12533,10947,10874,10753,10557,11709,10426,10388,10256,10074,11508,10185,10186,9868,10030,10070,11156,9972,10084,10220,10087,11453,10441,10389,10530,10654,11962,11082,10820,10936,10621,12167,10727,10657,10756,10764,11026,12647,11385,11285,11188,11052,12827,11478,11458,11747,11944,13874,12521,12784,12869,12485,12436,13978,12184,12369,12756,12783,14742,13501,13976,14306,15273,19776,22881,33703,53680,82466,1.3874e+05,1.6805e+05,2.1074e+05,2.5222e+05,2.8532e+05,3.0846e+05,3.642e+05,3.3711e+05,3.5116e+05,3.7357e+05,4.0487e+05,5.1891e+05,5.6199e+05,7.0525e+05,8.659e+05,9.7395e+05,1.0633e+06,7.8004e+05,5.7787e+05,3.9999e+05,2.7338e+05,2.1692e+05,1.4805e+05,1.2602e+05,1.1435e+05,1.0338e+05,92833,92939,74953,69594,65830,61242,63378,53816,54439,55851,55450,56234,43273,37965,35964,37085,45088,42702,42313,39554,35159,30082,29078,22755,21185,20031,19223,20578,16759,15307,13525,12286,11630,8997,7957,7179,6523,6899,5470,5145,4977,4621,4327,4562,3772,3727,3609,3488,3785,3219,3106,2988,2866,3274,2815,2633,2582,2516,2554,2701,2389,2238,2229,2131,2388,2094,1987,1944,1895,2031,1826,1694,1676,1703,1762,1572,1522,1473,1458,1362,1460,1173,1235,1194,1089,1173,1007,1002,901,941,989,843,862,802,733,886,726,691,650,625,615,668,565,534,510,538,591,514,476,457,448,493,395,428,345,369,419,349,324,287,292,278,294,248,205,203,185,182,162,133,150,125,123,103,96,69,61,45,50,34,29,20,15,21,7,20,15,12,13,8,9,10,10,6,5,11,7,5,2,7,3,8,10,5,7,8,7,14,8,7,3,3,2,9,6,2,5,3,6,4,6,7,5,9,8,9,5,6,7,5,6,5,3,3,4,5,9,5,10,9,6,4,4,4,5,2,7,3,3,4,3,2,6,2,4,4,3,1,6,4,2,5,3,2,6,6,6,3,1,4,3,6,6,5,1,2,2,2,0,3,2,2,3,5,2,6,6,2,3,6,3,0,4,4,4,1,3,1,4,4,0,3,2,2,2,0,4,2,5,3,7,4,1,3,5,1,1,2,5,4,5,1,2,5,4,1,2,4,3,3,0,3,2,1,2,1,3,2,1,3,4,1,3,0,0,2,1,2,1,2,3,2,1,5,4,4,1,4,4,1,5,2,4,0,0,0,0,3,2,3,1,1,3,2,1,3,4,0,7,6,5,3,4,7,2,9,4,4,3,1,5,0,7,3,3,4,6,8,42
