87924,-21116,-1.2212e+05,11617,-4.6489e+05,43027,1.3271e+05,1.5963e+05,-40034,2108,1.3533e+05,-40998,16148,-1.854e+05,1.8017e+05,12085,-6441,-3951,-41679,1.732e+05
31057,-31047,-1.0768e+05,12743,-2.4871e+05,19379,-24940,-81265,-47145,7511,53699,-19910,-9163,-1.7328e+05,-19149,10821,19522,-23892,-14935,-5.7513e+05
22521,-23393,-89247,14255,-2.0919e+05,2128,-1.7048e+05,-1.0374e+05,-44867,13580,60442,-5843,-30077,-1.5071e+05,-6110,5147,4779,-33774,-14297,-50254
21780,-14185,-70492,14792,-1.6068e+05,-5079,-1.4348e+05,-92001,-42294,16204,58445,1291,-46413,-1.2599e+05,-5937,-11000,-5886,-40730,-9158,22401
13955,-8310,-52127,12685,-1.2405e+05,617,-40325,-58619,-38045,19318,52341,9846,-51004,-1.0464e+05,-427,-34690,-10267,-45866,-6021,65513
8946,-4502,-34668,10907,-98421,6538,25423,-21663,-32275,16931,47576,10978,-40972,-87080,2689,-51040,-11044,-43123,-5674,75548
7428,-1876,-21619,6111,-80742,9337,29488,4951,-26314,15113,44033,15643,-25464,-74028,5315,-52287,-9529,-37851,-1195,66763
6408,-398,-10785,3457,-68824,6002,15909,17566,-20917,10768,40833,13329,-10454,-63768,6078,-37484,-9339,-29379,-3231,53397
4043,-98,-4196,1502,-58506,4403,-4163,21451,-16370,7773,38177,14620,-730,-56022,5924,-21180,-7742,-19588,-2456,38365
4669,-77,798,-1103,-51855,-1034,-13475,19147,-14409,2051,33834,11134,3122,-48948,4815,-9786,-6428,-12422,-2251,26309
3059,-705,4425,-2614,-47025,-1706,-16556,15517,-13983,-735,25734,11721,9640,-42602,3854,-2105,-5371,-7613,-2676,18515
3023,-148,5857,-1817,-42939,-2162,-17788,11239,-15604,-3613,13145,8035,6698,-37311,3128,1823,-4792,-5895,-2319,12826
4234,223,6919,-2476,-39437,-1363,-17199,8107,-18400,-4356,-4374,8427,6373,-32691,2946,4183,-3686,-3856,-1054,10908
2789,443,7260,-2702,-37570,-516,-15622,5754,-23613,-6850,-21073,7896,5627,-28939,2222,4009,-2871,-1961,-287,9199
2334,762,7210,-2074,-37331,840,-13092,4448,-29483,-7701,-35179,6082,5835,-25850,1416,5636,-2867,-938,138,8882
2706,368,6681,-2648,-38178,1705,-9025,3029,-34847,-8452,-40986,6267,5546,-22614,856,5663,-1720,528,-341,7970
2148,1061,6316,-2113,-38654,1766,-5564,2587,-38421,-9455,-40573,3888,4918,-20571,770,6241,-1518,1847,66,6311
2272,859,6706,-1669,-41747,1663,-875,2589,-39217,-8811,-33367,4822,4634,-18932,692,7599,-1312,2126,668,1374
1582,940,5731,-1658,-43432,1741,3962,2723,-37524,-8373,-24225,3188,4530,-17697,792,8269,-628,2883,-205,-2762
1105,505,5745,-2886,-45309,699,7686,3944,-33980,-7864,-16905,3716,4341,-17295,-170,8653,-1007,2989,-21,-8808
666,758,5221,-2520,-47151,703,9371,4784,-28981,-8178,-11933,3038,4013,-17331,-74,8915,-674,2670,-345,-13677
-755,290,5243,-2087,-51643,643,10631,4341,-24892,-7197,-10744,3405,3292,-18112,-439,8743,-712,3003,-1471,-17764
-305,61,4344,-2005,-49753,-361,11481,5404,-20576,-6343,-10072,3023,2088,-19077,-154,8123,-713,3072,-1395,-19851
-934,-201,4286,-2177,-50766,-1280,10437,3455,-17141,-3973,-9034,3166,1117,-19904,-489,7643,-927,4595,-1643,-20975
-1584,-738,3558,-2487,-50672,-1064,-5768,1581,-15416,-3232,-10465,3066,37,-21116,-801,7007,-1220,7164,-1167,-18251
-1951,-1286,3400,-2294,-49413,-1129,-29681,-1549,-13515,-964,-9908,3057,-819,-23338,-946,6000,-1643,9359,-1829,-14092
-1963,-1420,2462,-1403,-47089,-1850,-54349,-5345,-12773,415,-8280,2604,-2779,-24684,-791,5310,-1417,11991,-867,-10372
-2314,-1405,1752,-1531,-44584,-1434,-59859,-7337,-11745,2384,-7262,2633,-4213,-26714,-885,4571,-1780,14861,-1174,-3381
-2394,-1457,1116,-2117,-41252,-1958,-46802,-9647,-11111,3581,-4713,2596,-4977,-28159,-565,3588,-2564,18860,-1071,1001
-1940,-2043,532,-1881,-36868,-2060,-25788,-10404,-10621,5303,-3558,2490,-6448,-30085,233,2913,-2762,19991,-931,5389
-1553,-2061,220,-2241,-33208,-1684,-10439,-9349,-10154,4557,-2557,2362,-5581,-31315,304,2318,-3099,20802,-927,9298
-1184,-2376,-505,-2090,-29567,-1442,-2083,-7579,-9651,3616,-1972,2389,-3830,-32270,1513,1712,-2950,21574,-536,11495
-520,-2578,-1300,-3205,-26134,-1028,-325,-5592,-9041,2116,-1030,2275,-4475,-33257,1035,343,-1279,19208,-245,12657
-376,-3329,-1614,-3020,-22989,-552,690,-2339,-8843,-197,-1387,2219,-3500,-34284,883,-379,341,17526,-1438,11660
-135,-3274,-1749,-3862,-20737,1032,1031,-355,-8841,-1608,-700,1975,-2612,-34894,1018,-526,2742,15189,-910,11893
-15,-4030,-1463,-4122,-18647,690,719,1343,-8589,-3713,-666,1666,-2156,-35681,471,-1630,5732,12212,-1859,11036
784,-4510,-1192,-4592,-17239,864,198,3566,-8169,-4877,-518,1664,-1744,-37079,-212,-1900,9392,9904,-2497,10562
-328,-5467,-1326,-5582,-16314,-241,-867,3560,-8117,-6234,-953,1444,-1603,-39340,-1358,-2119,10916,8765,-3727,9935
-1663,-5127,-1082,-5514,-16801,-1701,-1042,4026,-8014,-8615,-567,707,-2290,-41212,-1097,-2403,11516,7247,-4443,9518
-2904,-5118,-414,-5048,-18704,-2967,-1432,3345,-7511,-8154,-583,865,-2833,-44856,-317,-2063,10603,5327,-5659,6766
-3857,-5021,-576,-4424,-21657,-3987,-1848,2711,-7346,-8538,-134,672,-3859,-48531,383,-1808,9628,4773,-6276,4327
-5235,-4244,-506,-4023,-27514,-3230,-2307,1942,-7497,-8857,177,-172,-4643,-52148,1027,-1212,7664,3770,-6285,160
-7629,-1486,-763,-4406,-36931,-3042,-2198,1701,-7218,-9437,2,-717,-4826,-55714,1560,-1171,5079,3242,-5331,-4716
-7488,-2219,-1846,-3548,-43950,-3491,-2099,1656,-7001,-8967,-299,-584,-6457,-58872,1988,-197,3630,2792,-6670,-10425
-7934,-838,-2686,-2258,-53301,-3329,-2943,1640,-6969,-8493,-66,-1226,-6792,-60425,2814,11,1426,2607,-4119,-12652
-8270,-614,-3184,-3045,-60818,-2571,-2968,1153,-6864,-7966,102,-1739,-7013,-60644,3721,718,-81,2438,-2870,-13738
-8332,234,-3490,-3292,-66558,-2315,-2854,1041,-6987,-7533,-208,-1717,-7356,-60453,3932,1595,-1629,2331,-1386,-12001
-7319,186,-2664,-2168,-68519,-1382,-2666,882,-6862,-6858,29,-1831,-7393,-57286,3462,1227,-1965,2240,-513,-7465
-6249,251,-2990,-3722,-67135,-1889,-2905,761,-6743,-5905,250,-1937,-8089,-53640,3623,2765,-2545,1987,1423,-3130
-5181,-288,-1202,-3151,-62899,-1589,-2458,624,-6966,-4939,707,-1735,-7562,-49719,3423,2304,-3419,1810,10468,3042
-5007,-943,-1054,-2734,-57565,-2520,-2279,464,-6932,-4161,503,-2385,-8301,-45035,3436,2901,-3245,2190,1834,6088
-5160,-1115,168,-3878,-50670,-2734,-2236,275,-6964,-3372,1080,-1933,-7946,-39765,2372,3373,-3172,2310,2756,7401
-3871,-1535,835,-4113,-44005,-3139,-1646,209,-6652,-2633,952,-2116,-7667,-35319,2820,2784,-3244,2619,797,7949
-3649,-2225,1082,-4007,-36489,-4131,-1304,154,-6948,-1849,1347,-2198,-7703,-30802,2309,2225,-3577,2147,575,6650
-3127,-2259,2124,-4336,-32394,-4676,-781,186,-6946,-1287,1531,-2187,-7132,-26669,2199,2502,-4070,2076,611,4268
-2242,-2423,2758,-4430,-26878,-4834,-210,-246,-6880,-54,1846,-1788,-6844,-23050,1841,2426,-4049,2189,-58,2793
-1507,-2623,2342,-3871,-22607,-5604,-233,-307,-6854,535,2299,-2010,-6256,-20292,1534,2679,-4280,1875,-297,1845
-1104,-2638,1910,-3997,-19871,-6263,541,-771,-7014,1295,2321,-1912,-4775,-17727,1325,5075,-5254,1769,-1351,708
-365,-3141,1034,-4153,-17153,-7023,303,-783,-6712,2131,2599,-2391,-4226,-15564,1166,6708,-4850,1185,-1944,339
-717,-3127,516,-3766,-15207,-7126,995,-439,-6624,2261,2552,-2980,-2767,-14185,708,8315,-5128,1282,-1983,-77
455,-3127,-985,-3646,-13923,-7708,1010,-763,-6478,2108,3056,-4051,-2323,-12865,457,9899,-5522,884,-2554,144
450,-2843,-1479,-3791,-12159,-8227,1247,-1092,-6414,2747,3073,-4676,-1772,-11725,-86,11897,-5499,600,-3209,-106
1131,-2949,-3189,-3765,-11559,-8479,1548,-988,-6525,2665,3103,-4261,-303,-10568,-550,12069,-5696,475,-3068,381
676,-3307,-4073,-3293,-11103,-9285,1556,-813,-6164,3387,3114,-3558,683,-9771,-1024,14118,-4991,120,-2736,505
1382,-3087,-5716,-3263,-10159,-9021,1520,-1317,-6234,3001,3319,-2977,959,-9128,-1029,13784,-5087,-72,-2502,405
1120,-2963,-6633,-2986,-9367,-9520,1515,-767,-5936,2807,3274,-3145,1962,-8734,-2047,13469,-5309,-559,-2196,441
1159,-2721,-7752,-2563,-9118,-9529,1534,-1375,-5753,2418,3293,-3397,1947,-7962,-2039,13494,-5278,-928,-2580,628
713,-2683,-8733,-2591,-9070,-9980,1407,-1383,-6028,3303,2955,-3344,2441,-7428,-2558,12640,-4694,-1266,-2154,915
664,-2766,-9504,-2469,-8882,-10115,1438,-1319,-5725,3454,3167,-3782,2933,-7228,-2849,11909,-4162,-1370,-2279,1086
750,-2483,-10370,-1986,-8578,-10630,1053,-1226,-5609,3204,3061,-3813,3453,-6692,-3115,11112,-4420,-1811,-1827,960
487,-2159,-10178,-1904,-8242,-10514,938,-938,-5520,3474,3151,-3884,3704,-6327,-3338,10004,-4068,-1968,-1774,818
415,-2415,-10570,-1599,-7713,-10934,931,-764,-5405,3001,2746,-4631,4319,-6367,-3515,9478,-3162,-2222,-1448,961
414,-2035,-10477,-1709,-7454,-10864,806,-987,-5336,3391,2700,-4671,4422,-5617,-3830,7796,-2820,-2584,-1562,1158
367,-2215,-10534,-1268,-7447,-10484,481,-772,-5434,3525,2797,-4992,4857,-5358,-3845,7079,-2479,-2994,-1311,815
514,-1893,-10447,-639,-7492,-10446,308,-906,-5204,3157,2410,-5018,4597,-5042,-3881,6120,-1620,-3422,-1169,979
190,-1492,-10149,-844,-7230,-10842,339,-595,-5097,3292,2565,-4995,4683,-4920,-4184,5557,-1415,-3571,-1722,583
241,-1856,-9736,-566,-7198,-10723,377,-515,-4917,2922,2395,-5253,4621,-4371,-3745,4579,-753,-3828,-1403,792
309,-2131,-9449,-881,-7293,-10415,66,-844,-4805,2598,2380,-5291,4355,-3944,-4125,4150,-399,-3744,-1282,929
350,-1635,-9276,-460,-7450,-10216,264,-577,-4758,3161,2106,-5784,4836,-3991,-3783,3823,390,-3904,-1569,802
107,-1402,-8670,-196,-7585,-10480,204,-558,-4936,2749,1936,-5996,4722,-3390,-3377,3491,-219,-4135,-1648,948
311,-1629,-8211,-122,-7423,-10195,125,-636,-4591,2571,1808,-6442,4347,-3315,-3699,2474,1145,-4110,-1350,581
119,-1197,-7695,139,-7635,-9726,71,-291,-4559,2325,1775,-6434,4636,-2895,-3252,2751,1054,-4150,-1523,682
46,-1573,-7152,87,-7551,-9996,293,-585,-4511,1952,1647,-6777,4765,-2701,-3018,2707,1887,-4178,-1663,630
296,-1369,-6874,342,-7800,-9442,237,-492,-4483,1828,1403,-7099,4595,-2801,-3075,2399,2428,-4097,-1715,211
23,-1318,-6405,813,-7918,-9321,104,-284,-4397,1959,1465,-7187,4342,-2691,-2414,2261,2597,-3833,-1685,429
10,-1014,-5833,600,-8121,-9261,391,-304,-4057,1548,1563,-7146,3964,-2559,-2767,1467,2621,-3837,-2109,420
52,-1271,-5090,335,-8111,-8787,-14,-230,-4115,1669,1480,-7510,3866,-2283,-2114,1780,3044,-3534,-2014,328
-92,-1232,-4802,940,-8378,-8605,75,-320,-3944,1211,1297,-7695,3902,-2308,-1897,1705,3020,-2963,-1846,200
31,-1062,-4318,435,-8659,-8060,-57,-111,-3883,1268,1255,-7817,3839,-2203,-1495,1436,3723,-3222,-1931,161
-8,-1373,-3893,592,-8737,-7994,-20,-206,-3674,1169,1358,-7934,3559,-2208,-1456,1370,3788,-2785,-2021,172
42,-1157,-3364,566,-8968,-7453,-302,-316,-3626,1412,1121,-7780,3002,-1860,-1537,1332,4054,-2484,-2046,190
40,-939,-3179,702,-9286,-7108,-162,-562,-3531,1292,1080,-7751,3428,-2284,-1158,1534,4486,-2430,-2064,68
-35,-1170,-2779,748,-9293,-6934,42,-386,-3625,989,1157,-8155,3098,-1805,-1111,1311,4040,-2180,-2198,-11
-3,-1145,-2468,908,-9465,-6725,-415,-299,-3531,1028,1063,-7896,3101,-2020,-1223,1264,3593,-2440,-1983,-31
53,-1170,-2309,832,-9722,-6521,-311,-238,-3297,1185,1015,-8080,3239,-1754,-688,1161,4045,-2042,-2352,-26
28,-1298,-1877,814,-9903,-6168,-415,-378,-3213,1248,1074,-7778,2902,-1950,-538,1031,4263,-1916,-2039,-169
-42,-952,-1591,760,-10057,-5552,-557,-466,-3271,955,1165,-7941,2710,-1746,-435,1126,4521,-1532,-1847,-136
-20,-848,-1259,683,-10211,-5419,-496,-626,-3091,1068,972,-7640,2700,-1871,18,996,3988,-1395,-2199,-321
-168,-1122,-1182,763,-10279,-5141,-743,-663,-3204,936,1079,-7360,2656,-1723,439,961,3967,-1520,-2092,-209
161,-808,-865,646,-10396,-4770,-846,-500,-3142,1012,1085,-7566,2584,-1757,-601,1184,3897,-1078,-2954,-367
-68,-826,-782,680,-10699,-4214,-880,-458,-2846,914,919,-7274,2186,-1650,941,1007,3242,-822,-2048,-234
138,-966,-457,608,-10954,-4245,-986,-716,-2834,910,886,-7360,2165,-1854,1664,859,3482,-623,-2000,-147
103,-993,-411,507,-11232,-3775,-1124,-487,-2849,1081,1076,-7563,2179,-1734,1872,751,3249,-1034,-1799,162
278,-852,-159,726,-11360,-3699,-1192,-479,-2740,1040,1118,-7137,2157,-1800,1949,1003,3216,-583,-1521,-270
259,-673,-190,470,-11518,-3316,-1224,-424,-2687,803,1128,-6893,2210,-1811,2114,603,3445,-616,-1620,-245
236,-1038,-32,707,-12245,-3297,-1253,-545,-2586,953,1011,-6620,2467,-1791,2610,843,3124,-83,-1647,-317
77,-866,-56,590,-12020,-2868,-1494,-649,-2560,826,1125,-6728,1801,-1705,2818,860,3051,-147,-1479,-382
441,-1064,281,427,-12181,-2956,-1421,-521,-2505,793,990,-6539,1911,-1977,3177,771,3278,14,-1431,-361
496,-879,477,531,-12447,-2343,-1437,-358,-2590,400,1065,-6222,1644,-1866,3611,676,2772,-88,-916,-316
521,-904,499,568,-12781,-2284,-1464,-498,-2360,682,1005,-6088,1572,-2118,3863,509,2590,-161,-859,-302
376,-844,699,608,-12996,-2169,-1237,-533,-2437,696,974,-5917,1672,-2208,3709,525,2516,2,-498,-383
614,-982,423,482,-13227,-1959,-997,-491,-2422,546,978,-5776,1496,-2303,3777,511,2415,355,-492,-487
576,-772,853,448,-13691,-1608,-1337,-698,-2397,821,993,-5714,1448,-2079,4015,610,2178,398,-298,-342
295,-1017,883,362,-13556,-1470,-1348,-697,-2339,508,949,-5792,1502,-2390,3953,630,2227,339,-9,-443
623,-855,637,437,-13910,-1314,-1444,-492,-2170,512,840,-4935,1373,-2445,3747,597,2251,409,379,-363
736,-1003,765,176,-14297,-1178,-1494,-446,-2279,314,950,-5128,1493,-2406,4094,524,2195,289,475,-358
829,-544,635,262,-14105,-993,-1448,-534,-2237,323,762,-5062,1174,-2429,4300,475,1684,493,551,-550
687,-809,766,319,-14489,-1213,-1207,-512,-2197,565,919,-4857,1201,-2529,4433,610,1879,769,1167,-445
878,-890,848,403,-14366,-907,-1295,-583,-2056,263,820,-4798,1040,-2700,4279,597,1329,620,1034,-619
745,-689,903,156,-14409,-778,-1109,-559,-2041,311,949,-4719,1184,-2710,4320,631,1729,677,1186,-600
904,-820,885,376,-14463,-520,-1158,-684,-1861,179,965,-4654,1096,-2784,4279,388,1472,779,1496,-523
879,-873,791,269,-14407,-710,-1068,-539,-2080,121,646,-4156,948,-2804,3960,634,1449,1228,1671,-588
1116,-848,738,203,-14028,-694,-990,-482,-1886,297,724,-4316,847,-2689,4140,597,1413,841,1752,-644
971,-753,744,403,-13973,-247,-1045,-443,-1963,335,757,-4172,824,-2890,3909,446,1299,1022,1877,-573
1035,-908,804,336,-13954,-309,-1012,-564,-1894,339,984,-3975,898,-2882,3946,571,1284,1029,1834,-752
1119,-987,628,255,-13732,-133,-825,-413,-1892,333,867,-3950,867,-2869,3848,581,1229,1020,2224,-709
1068,-733,578,381,-13552,-26,-713,-393,-1898,402,1081,-3686,483,-2842,3960,385,995,1022,2220,-601
1159,-480,816,195,-13190,25,-705,-291,-1763,269,1005,-3647,759,-2784,3652,382,871,1178,2161,-894
1184,-682,642,126,-12795,72,-1002,-344,-1680,450,937,-3286,640,-2879,3801,483,981,1271,2100,-623
1104,-789,551,229,-12742,7,-728,-328,-1712,362,1077,-3378,733,-2759,3679,440,843,1267,2145,-600
1272,-819,586,183,-12210,198,-874,-402,-1733,305,944,-3097,610,-2962,3609,285,882,1266,2570,-686
1199,-546,499,183,-11782,140,-768,-181,-1644,244,877,-3112,672,-2836,3790,399,824,1194,2313,-700
1151,-504,464,75,-11252,110,-822,-282,-1657,398,1024,-3155,464,-2931,3225,305,871,1418,1985,-639
1074,-517,592,289,-11107,233,-830,-371,-1629,305,975,-2986,566,-2928,3307,317,676,1206,2320,-653
1127,-573,468,185,-10658,385,-821,-446,-1548,455,980,-2969,428,-2889,3310,264,846,1156,2123,-625
1171,-704,503,108,-10291,444,-624,-273,-1562,493,905,-2774,427,-2741,3346,232,688,1075,2203,-596
944,-537,338,4,-9920,298,-716,-324,-1557,490,1120,-3018,389,-2875,3182,344,678,1224,1874,-811
1023,-549,362,4,-9376,262,-591,-143,-1549,501,942,-2716,410,-2735,3063,142,768,1018,1987,-593
881,-626,310,104,-8786,265,-624,-389,-1476,351,1000,-2872,428,-2665,3062,190,555,950,1974,-650
1094,-471,372,163,-8377,283,-529,-314,-1493,310,1213,-2710,282,-2518,2703,258,740,854,1681,-690
846,-641,437,-4,-7944,384,-679,-332,-1530,340,1069,-2650,373,-2501,2704,302,612,834,1970,-566
840,-581,275,-45,-7881,438,-669,-390,-1557,300,835,-2336,326,-2510,2627,357,395,832,1856,-722
720,-649,310,-13,-7106,446,-649,-369,-1475,423,900,-2442,397,-2431,2605,264,425,614,1731,-595
968,-441,354,153,-6945,327,-682,-370,-1385,282,1008,-2361,274,-2445,2420,180,593,639,1842,-469
902,-570,384,97,-6261,253,-744,-243,-1365,457,856,-2604,348,-2288,2173,448,399,383,1736,-551
789,-597,126,49,-5750,326,-492,-200,-1434,206,816,-2241,298,-2276,2061,369,345,647,1860,-715
775,-466,210,94,-5256,605,-485,-195,-1353,254,903,-2327,436,-2310,2012,359,335,350,1790,-711
914,-498,212,-59,-4767,369,-686,-235,-1337,146,685,-2229,273,-2142,2058,92,438,526,1455,-551
775,-449,188,-42,-4319,327,-549,-294,-1336,314,647,-2105,330,-2125,1932,344,370,336,1482,-638
616,-522,153,71,-4028,248,-704,-282,-1314,125,774,-2136,437,-2132,2057,302,261,489,1861,-649
761,-568,255,167,-3615,473,-694,-428,-1390,140,520,-2235,221,-2104,1891,226,424,250,1505,-494
686,-399,262,-16,-3296,437,-607,-164,-1287,105,563,-2209,240,-2032,1558,201,326,307,1359,-642
728,-563,149,70,-2686,410,-617,-407,-1309,-30,467,-2171,347,-1774,1886,144,517,365,1451,-708
543,-467,203,168,-2406,356,-629,-257,-1275,-73,218,-2191,146,-1893,1603,237,263,311,1423,-740
561,-412,121,195,-2060,527,-483,-401,-1317,125,299,-2039,230,-1753,1598,360,354,195,1292,-679
567,-602,16,121,-1658,257,-663,-120,-1256,39,397,-2099,287,-1654,1500,332,258,421,1139,-712
679,-632,64,93,-1231,483,-685,-109,-1182,-7,229,-2106,343,-1533,1350,209,212,348,1284,-703
462,-610,193,168,-1041,315,-714,-394,-1275,54,379,-2124,205,-1566,1331,48,401,222,1241,-602
522,-493,26,1,-949,311,-585,-490,-1199,48,102,-1963,153,-1699,1271,53,377,252,1085,-770
472,-483,-29,94,-650,386,-624,-286,-1236,-1,-34,-2017,264,-1365,1300,195,233,220,1174,-496
516,-496,49,23,-235,355,-647,-256,-1121,-184,-34,-1905,265,-1419,1193,175,102,121,1131,-610
474,-493,30,119,-177,296,-535,-213,-1250,45,-54,-1893,213,-1436,1260,201,347,157,1038,-554
645,-579,-8,45,173,422,-694,-131,-1104,27,-54,-1806,221,-1373,1162,58,397,236,951,-592
670,-621,4,57,258,304,-523,-271,-1170,40,-350,-1896,65,-1267,1096,105,168,260,973,-491
592,-541,57,195,572,374,-581,-174,-1184,-72,-323,-1783,143,-1325,934,238,346,154,869,-708
620,-623,7,-2,825,381,-544,-116,-1165,20,-644,-1675,237,-1059,970,190,295,298,879,-521
729,-561,6,35,785,361,-652,-187,-1155,-11,-516,-1688,120,-1264,901,196,221,256,949,-594
543,-586,-14,83,878,395,-768,-160,-1160,36,-539,-1821,259,-1104,958,20,221,305,864,-513
498,-508,-92,-93,1000,320,-606,12,-1083,54,-625,-1790,15,-1120,957,166,316,274,929,-536
684,-372,-40,82,1262,280,-734,-96,-1169,26,-667,-1841,128,-996,755,141,415,191,909,-646
503,-549,-22,150,1254,428,-653,-104,-1089,81,-652,-1652,232,-992,795,145,355,200,731,-578
538,-398,-67,4,1172,324,-613,-303,-1062,47,-899,-1602,242,-868,704,181,201,157,700,-525
727,-451,2,-6,1455,317,-726,-102,-1097,43,-612,-1692,161,-867,654,153,320,107,856,-520
695,-324,-44,-7,1465,367,-659,32,-979,194,-1034,-1661,377,-975,679,178,258,204,749,-574
516,-459,-87,34,1317,397,-688,-117,-1066,114,-895,-1715,246,-813,791,57,209,93,657,-581
700,-489,-128,-22,1583,205,-713,-151,-1084,86,-834,-1463,311,-698,659,218,160,131,559,-696
762,-518,-97,61,1558,378,-700,-287,-1001,-3,-898,-1609,231,-650,655,86,361,157,725,-609
597,-441,-74,31,1787,319,-645,-106,-1034,66,-895,-1569,207,-622,697,75,239,62,681,-643
676,-517,-75,-35,1500,334,-593,161,-1037,-29,-1025,-1389,235,-637,627,116,134,228,701,-713
691,-405,-103,-47,1674,343,-626,-33,-1064,71,-1014,-1640,112,-573,479,46,308,282,658,-721
671,-407,-120,51,1541,270,-767,32,-1052,139,-941,-1727,98,-707,685,202,181,321,674,-539
791,-496,-33,168,1537,221,-587,-112,-1124,92,-1118,-1624,208,-514,578,39,182,239,488,-530
595,-377,-166,-35,1767,192,-584,-68,-1064,-10,-1169,-1669,86,-502,360,175,123,266,684,-516
745,-480,-167,15,1696,390,-634,149,-1037,91,-1076,-1619,168,-523,550,36,157,82,475,-548
706,-340,-104,-1,1895,143,-684,-111,-1063,115,-1025,-1422,47,-563,361,168,133,44,464,-738
549,-359,-150,4,1803,152,-780,43,-1061,75,-1126,-1451,127,-470,450,-12,244,222,506,-584
657,-403,-85,38,1757,280,-724,32,-1102,2,-1103,-1555,252,-432,422,29,193,130,530,-684
725,-453,-90,0,1792,289,-718,72,-1036,29,-1149,-1418,48,-356,562,74,273,153,447,-655
566,-525,-245,104,1610,332,-680,12,-911,133,-1027,-1531,102,-299,537,209,307,236,511,-681
553,-553,-138,15,1491,322,-829,-60,-1049,102,-1123,-1491,56,-247,394,78,235,125,371,-564
424,-462,-166,32,1653,213,-691,-180,-983,171,-938,-1494,115,-425,434,90,205,125,377,-579
608,-497,-48,24,1524,343,-739,0,-1009,-10,-991,-1192,37,-455,531,97,206,194,422,-682
703,-370,-152,0,1487,237,-718,54,-1059,132,-1166,-1453,80,-257,381,100,80,216,196,-635
624,-495,-112,74,1384,266,-865,-215,-1065,-76,-1021,-1498,-106,-326,386,56,160,218,212,-541
538,-421,-152,-18,1481,206,-818,-145,-1040,128,-1019,-1442,114,-307,385,151,150,309,306,-576
483,-421,-131,88,1397,326,-714,-99,-938,184,-1024,-1417,109,-192,487,136,269,26,257,-725
513,-455,-172,-82,1392,316,-938,-38,-991,89,-1058,-1478,72,-408,440,159,253,45,456,-608
534,-371,-199,68,1332,310,-895,24,-972,-32,-995,-1405,75,-156,286,-10,172,244,262,-617
445,-357,-352,-164,1151,205,-798,64,-944,23,-956,-1301,121,-193,330,30,187,167,246,-689
500,-329,-209,-82,1334,241,-934,123,-972,-108,-1112,-1420,11,-59,206,26,145,15,133,-727
457,-415,-103,112,1050,122,-781,-3,-1007,54,-893,-1351,40,-241,329,224,217,143,365,-435
522,-340,-201,-57,1051,267,-749,-21,-975,32,-827,-1339,90,-147,235,106,58,118,129,-600
629,-352,-175,-42,1047,201,-936,68,-1125,101,-997,-1264,148,-151,369,62,149,-40,219,-488
573,-422,-140,-39,1026,293,-922,98,-977,59,-868,-1346,128,-123,162,63,85,287,261,-576
523,-307,-245,73,748,203,-870,-118,-961,78,-950,-1242,82,-146,218,59,164,99,48,-625
348,-435,-253,-25,941,189,-915,-9,-1040,53,-864,-1256,139,-122,339,74,174,182,289,-499
358,-356,-160,3,846,251,-700,82,-1043,78,-811,-1349,-72,-78,313,72,160,15,345,-627
467,-374,-303,-132,695,168,-802,-44,-987,135,-1011,-1202,-22,-74,383,-4,51,72,323,-542
492,-400,-180,-69,729,91,-901,-21,-1039,-7,-782,-1260,-17,-115,307,174,204,115,329,-533
505,-318,-251,-57,727,114,-753,136,-959,65,-956,-1272,53,-57,327,99,183,96,324,-506
509,-315,-215,136,799,244,-795,12,-984,105,-869,-1203,-23,-142,163,96,43,154,231,-669
449,-437,-167,55,498,142,-862,88,-975,175,-837,-1175,-204,-113,319,77,133,-44,279,-496
510,-260,-206,-59,705,163,-778,111,-942,199,-890,-1072,-24,-72,310,137,147,135,289,-543
444,-371,-274,-224,624,109,-871,12,-973,73,-921,-1327,81,-92,256,24,227,108,332,-594
315,-390,-208,138,466,40,-930,-41,-1003,121,-825,-1240,20,74,247,109,72,4,346,-615
340,-277,-315,-42,619,161,-673,41,-928,159,-970,-1178,127,-32,247,38,247,162,217,-632
478,-351,-316,-27,482,124,-758,85,-988,84,-880,-1280,-15,-73,266,36,175,2,283,-604
486,-271,-298,64,565,103,-801,33,-957,22,-893,-1121,80,-113,245,125,244,33,144,-510
351,-329,-268,-30,251,109,-919,-32,-995,183,-898,-1298,-50,-23,318,49,214,279,220,-708
492,-368,-233,35,467,98,-981,41,-985,158,-813,-1244,-39,-45,267,87,180,194,211,-667
308,-274,-237,-34,487,114,-876,62,-1010,77,-772,-1182,-49,-26,232,161,12,15,229,-628
430,-371,-146,12,374,161,-831,-56,-958,129,-864,-1058,-71,-72,376,257,137,201,300,-539
342,-382,-357,-110,405,146,-826,30,-977,46,-790,-1281,35,-40,284,147,137,152,325,-673
414,-237,-269,-69,286,173,-668,2,-1049,59,-870,-1078,-94,-43,252,179,189,182,338,-623
377,-249,-171,15,295,153,-780,-24,-987,79,-971,-1082,-33,-127,217,64,33,203,239,-669
394,-404,-277,-96,329,179,-904,77,-1028,70,-825,-1203,64,-16,217,195,196,191,406,-557
438,-395,-294,-17,234,-15,-833,195,-1007,78,-986,-1154,126,-131,131,42,73,136,400,-500
315,-291,-399,8,350,1,-837,13,-981,17,-875,-1298,3,-78,150,174,39,234,174,-683
265,-316,-353,-41,334,19,-940,268,-1066,88,-959,-1191,-50,-30,113,170,258,112,348,-710
190,-290,-247,-62,206,57,-731,137,-1082,27,-772,-1133,116,-197,148,-24,214,155,264,-473
433,-199,-212,-19,104,92,-795,-104,-941,106,-870,-1129,70,-44,140,83,118,255,249,-567
259,-356,-216,-67,186,75,-742,107,-919,101,-864,-1327,51,-22,187,60,81,209,207,-696
325,-218,-252,-46,89,65,-778,77,-1000,206,-872,-1225,-63,-62,121,95,229,182,302,-487
252,-222,-201,84,126,1,-673,102,-992,3,-899,-1098,12,-81,285,31,208,181,257,-626
154,-323,-297,68,178,-18,-768,165,-963,-91,-1013,-1130,56,-28,182,62,205,288,147,-662
249,-272,-136,8,272,138,-742,167,-935,89,-888,-942,-3,-106,236,68,52,169,368,-734
301,-464,-252,-71,102,-36,-730,31,-1047,36,-970,-1191,24,-6,189,141,57,194,104,-644
225,-323,-225,48,26,28,-845,-57,-966,239,-852,-1167,-63,-148,129,177,135,304,178,-805
305,-224,-316,-17,19,100,-787,-24,-1027,197,-913,-1204,22,-131,146,19,108,170,281,-625
260,-225,-288,-23,71,39,-800,7,-992,78,-1116,-1181,-63,-126,116,-7,138,222,124,-737
179,-253,-220,-176,187,-42,-786,59,-952,100,-1066,-1010,-37,-148,180,116,87,84,350,-712
271,-329,-243,-79,6,5,-827,68,-1052,143,-796,-1223,86,-141,207,108,93,138,239,-653
200,-171,-337,-180,-133,84,-682,108,-1004,29,-929,-1069,3,-58,278,39,169,210,152,-710
247,-333,-313,3,19,64,-823,3,-972,189,-1144,-1201,-8,-115,85,155,105,19,358,-478
-7,-190,-234,-121,-1,6,-756,-69,-955,19,-1027,-1252,-5,-73,87,123,64,60,135,-586
133,-272,-206,-39,-60,-32,-867,-128,-1021,161,-936,-1273,140,-59,156,169,160,119,263,-563
174,-147,-271,46,-93,41,-825,24,-915,133,-1009,-1179,69,-83,205,139,78,204,289,-628
235,-280,-297,-76,-149,-4,-773,25,-955,121,-1084,-1112,-43,-85,159,99,110,129,227,-599
161,-362,-241,-68,84,-41,-848,74,-1010,-17,-982,-1143,46,-62,125,240,3,96,140,-644
185,-265,-344,18,-26,96,-734,-34,-1015,-33,-1074,-1204,-138,-78,68,44,203,589,528,-691
162,-354,-285,-35,-240,12,-809,-3,-980,-82,-981,-1277,-13,21,234,132,138,170,205,-704
156,-282,-327,44,-61,118,-743,4,-962,109,-941,-1282,-40,-95,180,127,114,195,335,-839
208,-316,-342,-9,-132,-12,-777,-18,-881,194,-996,-1183,-22,-110,104,-7,130,69,113,-818
241,-307,-243,-36,-2,-29,-678,49,-999,73,-1077,-1076,-88,-146,143,37,43,38,263,-618
64,-248,-336,0,-239,12,-782,-66,-941,108,-886,-1119,82,-39,176,156,124,47,360,-669
225,-197,-350,-81,-111,-3,-849,94,-891,3,-1032,-1031,-17,-92,70,42,39,19,230,-701
38,-300,-287,-27,-191,-104,-687,92,-922,153,-1108,-1139,-100,-95,55,198,63,-34,455,-751
142,-185,-287,31,-187,18,-642,56,-930,-1,-1015,-1330,24,-122,207,208,47,133,229,-618
135,-220,-221,-123,-258,-36,-833,67,-927,61,-1161,-1143,-180,-178,201,52,105,88,187,-648
45,-314,-313,10,-287,-59,-733,-12,-973,-72,-1077,-1133,-60,-81,139,172,102,-44,68,-642
236,-282,-224,-25,-183,-93,-701,32,-879,-77,-1009,-1219,48,-188,75,37,158,42,303,-737
106,-230,-194,-26,-350,-8,-781,16,-898,-19,-1143,-1266,4,-30,125,173,52,157,252,-699
8,-319,-254,-79,-285,-77,-710,-98,-839,61,-1103,-1325,-11,-126,140,47,174,107,302,-730
105,-278,-450,-21,-259,-93,-801,80,-873,-82,-1235,-1273,-225,-2,130,148,106,135,98,-669
74,-210,-324,3,-311,-114,-721,34,-880,-13,-1122,-1222,-63,-12,194,153,68,89,256,-637
-9,-248,-329,-35,-363,-55,-776,0,-870,-28,-994,-1191,9,-204,213,143,179,-31,204,-716
65,-317,-205,-52,-213,10,-814,-33,-826,-91,-913,-1177,-43,6,12,-13,158,171,253,-810
-86,-250,-302,-4,-277,34,-750,-33,-801,47,-968,-1125,2,-98,48,125,135,34,331,-724
52,-269,-254,-61,-177,-48,-751,5,-838,-130,-955,-1152,-114,-104,138,179,128,115,238,-707
7,-209,-344,-133,-310,-95,-675,40,-874,-9,-1007,-1230,14,-122,115,37,73,99,228,-678
137,-160,-260,128,-392,21,-806,17,-770,-45,-1087,-1294,9,-30,-5,141,184,60,202,-601
-49,-200,-345,-61,-376,-50,-852,10,-832,50,-1188,-1127,-5,-158,52,288,120,-7,293,-505
-9,-169,-258,-45,-261,-48,-814,-103,-795,-164,-1059,-1149,-83,-144,80,121,109,106,290,-669
86,-234,-423,9,-354,158,-811,57,-866,-69,-1176,-1225,45,-131,66,59,70,-45,196,-659
-86,-200,-334,40,-275,-88,-844,-17,-704,-64,-964,-1167,20,-88,68,169,123,26,247,-633
78,-166,-231,-42,-394,-135,-740,67,-883,-28,-1056,-1089,96,-211,-19,176,209,80,183,-605
43,-188,-373,-88,-358,14,-694,-85,-740,-57,-1097,-1040,45,-104,58,88,123,10,28,-729
-5,-367,-239,-76,-290,-54,-708,43,-804,-136,-1114,-1099,-8,-148,123,262,159,-33,233,-376
-17,-203,-328,-92,-330,-79,-831,70,-648,-114,-1137,-1227,30,-230,48,176,209,54,95,-473
-35,-284,-363,34,-440,-199,-838,75,-841,-193,-1022,-1118,-58,-104,33,183,19,55,16,-524
3,-173,-207,55,-437,-71,-920,25,-656,-198,-1048,-1068,10,-168,98,107,149,63,16,-441
37,-144,-212,-76,-243,-54,-742,55,-748,-159,-1031,-1166,-32,-204,147,228,223,36,180,-509
-9,-213,-218,-82,-264,-133,-782,2,-702,-69,-918,-1109,-30,-158,84,264,54,26,245,-500
5,-200,-338,78,-490,-13,-851,-54,-703,-90,-1106,-1111,-37,-233,-29,173,91,111,151,-465
11,-258,-297,-15,-285,-181,-748,-19,-763,-109,-1075,-1144,-61,-156,67,308,108,0,248,-539
-19,-232,-377,-32,-384,-166,-848,73,-768,-100,-1136,-1190,-54,-176,175,155,102,112,230,-551
49,-181,-387,-21,-402,-105,-891,-12,-672,-101,-1122,-1084,-90,-357,-17,271,111,40,276,-512
-11,-235,-399,-84,-477,-92,-820,54,-748,-85,-1002,-1152,-133,-241,66,169,74,121,254,-537
53,-212,-320,20,-506,-100,-757,24,-709,-121,-1173,-1145,10,-190,182,230,143,27,201,-519
-3,-232,-215,-58,-559,-153,-796,127,-700,-116,-1181,-1091,-27,-178,7,140,37,84,62,-482
-25,-157,-205,-91,-210,-84,-786,-6,-631,-102,-1040,-1355,47,-241,87,244,199,44,188,-447
118,-147,-338,28,-398,-106,-834,-58,-697,-207,-1076,-1170,-110,-142,123,169,122,114,131,-490
58,-140,-358,-6,-617,-52,-786,-28,-573,-127,-1014,-1131,-50,-340,146,221,144,124,152,-515
41,-194,-263,11,-420,-100,-869,15,-699,40,-1111,-1232,-25,-309,155,291,155,80,186,-425
24,-236,-357,-98,-583,-181,-995,19,-676,-65,-1082,-1182,-7,-274,123,216,120,82,135,-320
-81,-192,-316,-45,-525,-121,-745,-10,-728,-43,-1101,-1202,-29,-276,121,196,2,8,151,-480
12,-315,-318,-166,-632,-163,-798,-60,-629,-87,-1092,-1147,-42,-232,49,176,83,27,274,-481
115,-368,-220,41,-475,-87,-846,-27,-629,5,-1137,-1280,18,-213,77,149,82,68,142,-553
70,-194,-176,74,-614,-68,-1011,2,-652,-79,-1006,-1286,-90,-185,126,186,201,138,122,-496
85,-145,-255,-31,-569,-113,-903,-155,-558,-188,-1113,-1177,-69,-232,-83,144,29,6,59,-587
8,-235,-259,-104,-546,-10,-892,47,-642,-122,-1192,-1175,-73,-264,-68,118,54,101,258,-508
82,-232,-270,-33,-515,-172,-980,46,-610,40,-1047,-1220,-31,-316,-16,213,130,111,-23,-582
10,-156,-201,-66,-609,-94,-802,-106,-591,22,-1048,-1268,69,-311,24,179,179,89,199,-491
91,-226,-266,-1,-608,-102,-939,-46,-564,-123,-1008,-1267,-28,-328,83,309,179,79,163,-554
57,-191,-293,-46,-670,-164,-870,0,-633,-89,-1091,-1242,-24,-254,-7,150,170,41,82,-532
70,-222,-169,69,-588,-188,-828,24,-580,-84,-1060,-1199,-111,-309,-75,342,181,89,-38,-552
39,-251,-205,-39,-570,-139,-913,-60,-562,-54,-1273,-1315,-49,-322,117,223,27,84,176,-496
162,-247,-272,-22,-704,-77,-831,-155,-590,-112,-1152,-1201,8,-314,98,117,46,-40,192,-570
73,-164,-294,-20,-642,-167,-887,-52,-581,9,-1212,-1162,-4,-255,92,197,259,-53,3,-404
73,-207,-330,40,-558,-255,-950,-70,-589,-103,-1102,-1230,-56,-293,-13,183,140,76,279,-483
97,-256,-274,-68,-753,-168,-933,22,-559,-81,-1178,-1147,-7,-387,125,135,222,135,122,-461
148,-179,-258,55,-649,-82,-926,-80,-539,35,-1110,-1226,-68,-304,64,240,84,58,-154,-421
91,-140,-282,-81,-618,-274,-947,-86,-602,-101,-1120,-1205,-184,-272,-53,168,173,41,134,-390
242,-184,-190,-16,-683,-164,-848,-27,-554,-45,-1344,-1308,-65,-375,-46,149,134,54,59,-521
91,-130,-184,93,-660,-357,-918,-3,-539,50,-1281,-1374,-143,-303,107,325,159,85,42,-382
39,-205,-313,-49,-686,-192,-990,-2,-589,-24,-1272,-1279,-77,-330,-94,60,155,73,73,-307
-4,-206,-211,-121,-813,-194,-924,-60,-555,90,-1254,-1100,-77,-328,76,230,163,73,-53,-367
126,-128,-223,-48,-621,-132,-927,-49,-594,42,-1261,-1202,-145,-301,132,77,44,-26,25,-446
211,-276,-284,44,-526,-140,-985,-175,-512,-32,-1281,-1145,-109,-334,151,233,109,128,-61,-215
276,-281,-359,-6,-716,-142,-995,-73,-506,-34,-1106,-1116,53,-396,-18,272,259,105,17,-431
164,-135,-173,-115,-688,-184,-1032,48,-553,-65,-1255,-1200,17,-292,42,224,77,107,36,-456
186,-203,-340,18,-716,-40,-990,-22,-509,44,-1307,-1276,-23,-320,126,159,74,145,1,-361
206,-186,-239,-86,-669,-138,-1024,-33,-511,-48,-1393,-1187,-31,-364,118,159,178,46,176,-464
266,-270,-279,-10,-653,-190,-931,26,-479,67,-1203,-1227,38,-368,129,144,5,-17,-52,-386
196,-230,-270,-101,-702,-198,-896,-41,-492,-31,-1307,-1166,-85,-355,88,140,130,27,80,-340
190,-251,-230,-27,-687,-178,-968,-104,-510,-3,-1274,-1266,70,-409,117,191,46,19,65,-295
348,-216,-241,-48,-845,-169,-874,-93,-492,36,-1290,-1290,-132,-290,33,225,159,40,174,-164
286,-215,-173,-106,-807,-179,-993,140,-614,4,-1161,-1326,-14,-331,49,290,164,132,20,-394
266,-212,-334,4,-744,-253,-1039,112,-551,61,-1143,-1089,-135,-189,18,169,160,-30,89,-377
278,-144,-231,19,-630,-241,-1008,-40,-489,59,-1241,-1156,-47,-163,60,189,214,8,2,-262
448,-286,-179,53,-658,-248,-869,-67,-438,-6,-1268,-1181,-118,-287,47,145,151,26,58,-328
391,-205,-241,56,-703,-163,-889,-34,-627,120,-1299,-1110,-65,-343,67,160,15,-4,82,-496
406,-210,-279,94,-682,-213,-1041,58,-403,-62,-1322,-973,-70,-192,98,-61,238,1,51,-230
438,-241,-221,-8,-725,-191,-1102,-83,-590,-65,-1228,-1092,-57,-258,-29,193,158,131,-88,-210
314,-148,-230,-13,-852,-240,-942,3,-612,13,-1109,-1128,-83,-225,118,167,188,57,24,-322
406,-248,-240,-113,-662,-92,-1096,-9,-515,104,-1280,-1045,-43,-260,11,195,128,67,-35,-106
473,-118,-184,-50,-727,-172,-1005,-50,-578,93,-1154,-1075,-65,-305,72,272,138,-2,208,-186
576,-302,-197,-78,-657,-170,-966,-13,-566,77,-1122,-1196,64,-284,9,126,69,12,-53,-157
472,-179,-309,-23,-645,-142,-1038,-35,-543,43,-1246,-1049,-12,-266,19,233,36,13,79,-180
469,-134,-165,53,-777,-196,-983,-82,-557,-26,-1336,-1071,-16,-358,41,177,155,25,108,-298
471,-186,-255,64,-617,-123,-986,0,-497,3,-1241,-849,3,-392,162,296,29,-19,-50,-219
594,-216,-201,63,-780,-295,-956,-46,-644,82,-1102,-1007,-68,-236,-33,238,-25,115,128,-235
429,-307,-157,-24,-639,-204,-937,49,-708,-6,-1212,-992,-175,-292,-8,154,106,73,38,-205
557,-144,-227,-60,-638,-223,-1025,-2,-503,75,-1149,-961,-23,-356,-22,179,144,19,104,-293
567,-231,-159,-3,-852,-165,-1277,-108,-684,7,-1079,-1032,11,-216,-36,178,84,175,188,-260
542,-107,-174,81,-688,-233,-1132,33,-538,-88,-1240,-972,6,-294,72,219,104,56,153,-204
506,-173,-124,-20,-698,-162,-1097,-88,-512,90,-1122,-871,-23,-429,-32,87,159,62,82,-231
609,-169,-146,1,-709,-181,-1006,-88,-641,-15,-1259,-970,-184,-252,35,95,78,-9,51,-352
582,-223,-135,52,-841,-246,-1129,-29,-581,-23,-1204,-836,-41,-348,129,192,38,46,102,-269
601,-352,-65,-4,-654,-202,-1048,-37,-657,-64,-1136,-982,-30,-291,3,171,95,-4,228,-217
614,-145,-166,-27,-850,-203,-1133,-12,-593,-120,-1085,-945,-204,-290,-38,147,73,-31,49,-220
605,-336,-73,-20,-763,-273,-965,-55,-732,-38,-1211,-959,-70,-150,126,272,76,-21,112,-388
474,-265,-147,-36,-808,-95,-1051,49,-610,-8,-1198,-944,-58,-342,26,58,113,-65,47,-357
519,-284,-158,28,-686,-172,-983,-5,-678,-15,-1079,-946,-90,-220,149,18,43,13,25,-389
521,-303,-54,-11,-751,-246,-1054,-10,-629,28,-1239,-1008,-40,-230,-32,69,53,-166,-108,-357
554,-324,-133,-27,-633,-180,-984,-165,-608,-106,-1190,-995,-37,-218,15,207,66,30,-85,-395
575,-247,6,-76,-769,-120,-1151,-96,-681,83,-1180,-880,-39,-227,31,17,74,-67,-37,-470
460,-229,-98,153,-819,-233,-1066,7,-727,39,-1274,-923,-51,-100,37,90,118,139,40,-341
543,-231,-188,-98,-856,-210,-1086,-103,-682,-43,-1218,-890,33,-94,7,40,106,-28,38,-434
484,-220,-110,-14,-683,-221,-1145,-145,-728,35,-1279,-901,-34,18,-100,14,47,6,33,-446
439,-313,-137,-48,-676,-238,-1016,-78,-841,-209,-1156,-896,-280,42,-92,67,127,-110,-21,-377
458,-367,-63,-53,-696,-308,-1206,-99,-795,-84,-1256,-883,-21,-130,-8,-35,-73,-110,103,-356
440,-369,-225,28,-676,-277,-1046,-45,-828,22,-1178,-969,-30,39,-31,6,-71,10,84,-445
402,-298,-152,14,-753,-331,-1007,-122,-862,-34,-1273,-907,-158,44,-21,68,155,-54,22,-510
433,-351,-161,-62,-537,-214,-1043,-144,-842,-37,-1021,-834,-31,80,-92,6,100,-53,111,-502
393,-315,-173,-17,-703,-267,-1083,-121,-847,-54,-1179,-931,-185,-21,-71,160,21,42,-91,-340
386,-298,-197,35,-606,-246,-968,-129,-857,8,-1105,-908,-91,84,109,41,57,-83,-79,-321
493,-342,-119,91,-647,-242,-1062,-86,-892,8,-1145,-985,21,86,33,20,127,57,98,-529
279,-395,-245,16,-766,-229,-1128,32,-830,-39,-1099,-983,-94,65,88,-53,157,-87,-9,-467
300,-311,-202,46,-625,-92,-1082,-119,-936,83,-1200,-866,-54,100,-152,119,198,0,150,-452
376,-260,-236,4,-684,-158,-1024,-80,-913,-76,-1089,-969,-106,93,91,36,155,19,134,-431
258,-357,-263,-34,-694,-195,-1082,-93,-855,104,-1012,-1056,-121,251,-1,56,128,10,55,-325
273,-451,-233,52,-721,-296,-1133,-94,-1001,-64,-1169,-696,-179,224,64,-31,210,-81,30,-346
254,-294,-223,164,-555,-89,-1122,-54,-842,-86,-1107,-1038,-60,167,-43,146,171,-40,-6,-451
251,-437,-95,-120,-545,-243,-1151,-94,-942,1,-1043,-1029,-65,86,9,82,145,-77,87,-518
289,-443,-161,-107,-619,-139,-1076,45,-1015,-26,-1075,-975,15,51,18,38,75,-5,8,-530
356,-419,-206,-43,-599,-219,-1197,-83,-1080,-14,-1096,-989,26,218,-2,115,63,-92,228,-416
317,-336,-219,71,-641,-235,-1127,-93,-1043,-30,-976,-800,-18,217,17,112,146,-3,89,-461
173,-352,-164,38,-603,-181,-1005,-28,-1065,-151,-924,-978,29,80,42,59,93,38,26,-427
209,-453,-295,-82,-670,-225,-1175,-58,-990,-44,-1023,-746,-183,121,70,174,62,6,133,-478
201,-304,-252,-102,-568,-171,-1095,-104,-1020,9,-1167,-749,-42,231,185,80,251,-35,-36,-353
145,-285,-256,30,-656,-262,-1112,-161,-1086,-149,-986,-693,-28,167,87,-15,119,41,60,-613
80,-387,-179,-53,-624,-232,-1121,43,-1047,-4,-1052,-659,-53,102,152,51,194,-60,35,-362
180,-266,-277,45,-629,-244,-1014,-74,-1061,-54,-1050,-724,-21,241,124,118,305,-32,86,-407
24,-294,-205,-74,-669,-181,-1055,-121,-1126,2,-1181,-757,-22,181,1,22,134,-78,89,-721
91,-195,-115,24,-585,-320,-1109,-39,-1065,-34,-1037,-621,-95,298,74,31,-8,-115,-96,-517
41,-199,-138,-4,-653,-235,-940,26,-1175,-7,-1084,-774,82,370,-1,65,135,-138,-140,-392
13,-297,-158,-56,-568,-234,-968,-114,-1078,-63,-960,-522,-124,176,65,117,93,-22,36,-417
54,-267,-145,98,-579,-214,-1017,-36,-1120,20,-1069,-512,-106,221,86,68,-13,-20,17,-479
85,-384,-64,-24,-629,-345,-1079,-71,-1122,51,-1030,-633,-190,222,-77,56,233,-85,84,-686
-33,-216,-162,-23,-559,-246,-884,-61,-1225,131,-1149,-359,-173,338,41,81,64,72,76,-597
86,-292,-172,-97,-580,-275,-832,-51,-1143,25,-1128,-280,-148,205,31,83,215,-15,-84,-478
-8,-266,-182,49,-631,-285,-862,-284,-1129,42,-977,-433,-121,223,36,50,34,-68,20,-410
26,-245,-48,-106,-507,-294,-869,-114,-1153,-97,-1055,-461,-205,296,-45,-41,113,43,-24,-710
81,-185,-232,-90,-654,-205,-867,-106,-1199,94,-1128,-29,-152,387,54,71,124,-18,12,-577
71,-334,-80,-118,-698,-320,-995,-163,-1198,156,-930,-67,-67,418,2,108,141,-101,90,-677
122,-135,-97,-116,-487,-186,-1090,-130,-1241,104,-1130,-232,-112,340,23,29,87,-69,-188,-672
-16,-74,-176,-238,-619,-299,-930,-144,-1173,112,-1104,-60,-215,255,-132,-21,17,-6,-108,-629
133,-141,-155,-77,-518,-312,-944,-245,-1289,91,-1076,75,-166,393,5,-18,-18,89,128,-669
168,-110,-220,-72,-642,-295,-1032,-213,-1383,38,-1114,164,-193,375,-298,14,128,87,-194,-653
144,-327,-223,-126,-677,-234,-1050,-113,-1335,5,-1175,507,-93,282,-39,58,63,34,-159,-713
87,-202,-174,-118,-659,-303,-1200,-125,-1279,-48,-1186,358,-138,385,49,-100,-90,-48,-156,-700
42,-164,-127,-48,-653,-346,-1242,-221,-1296,19,-1131,399,-145,385,-53,32,125,7,-158,-870
27,-236,-184,-121,-658,-177,-1228,-203,-1257,55,-1142,527,-350,446,-148,11,89,-48,-49,-826
-29,-282,-125,-81,-731,-371,-1133,-223,-1268,254,-1181,691,-194,406,41,-105,47,37,-94,-630
45,-322,-108,-146,-763,-334,-1238,-161,-1266,14,-1072,918,-206,447,-135,-24,111,59,-126,-661
105,-205,-66,-28,-714,-341,-1272,-108,-1320,-71,-1185,1239,-134,438,-204,111,-29,-37,-139,-817
111,-269,23,-31,-621,-329,-1292,-173,-1238,-19,-1148,1589,-215,438,-66,55,93,-37,-123,-841
-32,-253,99,-79,-641,-380,-1253,-223,-1272,16,-1182,1734,-350,623,-247,70,5,-56,-88,-820
164,-248,254,-11,-755,-319,-1372,-62,-1234,-46,-1197,2264,-298,549,-147,-100,-16,-63,59,-718
30,-408,438,-132,-795,-288,-1355,-139,-1260,71,-1056,2240,-283,519,-74,-67,-47,-105,-436,-805
88,-220,657,-150,-740,-349,-1410,-110,-1334,-317,-1129,2745,-217,584,-129,223,-173,-144,-274,-777
51,-356,1065,-196,-797,-455,-1379,-130,-1317,-339,-1185,3190,-296,657,43,35,49,-184,-218,-826
109,-329,1256,-198,-805,-367,-1518,-283,-1177,-503,-1031,3653,-294,662,66,124,-189,-120,-194,-783
-29,-397,1693,-65,-885,-381,-1415,-239,-1334,-534,-1124,4148,-224,780,-44,54,14,-102,-390,-737
78,-305,2119,-34,-868,-426,-1403,-232,-1191,-921,-1140,4948,-252,839,-84,88,-149,-297,-462,-704
129,-326,2742,-87,-861,-284,-1477,-236,-1371,-1370,-1118,5492,-334,1001,-3,94,-115,-183,-492,-902
15,-291,3724,-51,-897,-362,-1582,-217,-1341,-1757,-1084,5893,-115,1288,-133,187,-183,-258,-612,-925
105,-268,4332,-152,-773,-345,-1640,-214,-1262,-2006,-1039,6637,-215,1380,-29,236,-266,-244,-672,-997
59,-401,5411,-159,-788,-456,-1740,-255,-1300,-2756,-909,7614,-276,1462,-193,294,-331,-337,-1235,-835
172,-208,6698,-67,-786,-440,-1490,-182,-1213,-3748,-925,8014,-205,1946,-106,430,-423,-336,-1371,-871
105,-107,7791,-134,-939,-459,-1693,-246,-1340,-4813,-738,9320,-350,2373,-176,540,-503,-441,-1882,-838
94,-11,9267,-259,-1011,-443,-1584,-320,-1286,-5873,-539,9973,-329,2708,-245,735,-832,-376,-2588,-930
181,-311,10601,-22,-1047,-477,-1645,-334,-1315,-7177,-405,10983,-421,3302,-252,956,-1195,-239,-3501,-977
34,-226,12165,-194,-1173,-491,-1721,-266,-1200,-9162,-222,12027,-201,3899,-173,1218,-1355,-463,-4361,-911
191,-15,13629,-166,-1132,-705,-1731,-312,-1354,-10966,-122,12903,-251,4336,-133,1537,-1911,-430,-5292,-893
119,-479,15081,-194,-1210,-767,-1783,-240,-1151,-13263,132,13885,-151,5155,8,1922,-2628,-642,-7555,-1184
-157,-658,16372,-234,-1194,-882,-1814,-296,-1209,-15788,578,15261,-345,5632,-250,2344,-3548,-682,-9542,-962
-237,-932,16980,-383,-1188,-878,-1779,-295,-1077,-18732,1009,16015,-346,5449,-593,3032,-5048,-794,-12668,-874
-557,-1766,17138,-429,-1133,-1172,-1938,-210,-1071,-21560,1461,17011,-436,5524,-559,3871,-6652,-1101,-16062,-1061
-1053,-3089,15694,-589,-1296,-1504,-1910,-290,-1002,-24893,2119,17322,-543,5098,-850,4729,-9260,-1461,-20478,-1070
-2117,-3704,14000,-687,-1377,-1875,-1942,-447,-932,-28237,2888,17314,-618,3358,-1448,5946,-11823,-2143,-26183,-1118
-2991,-5745,11268,-970,-1401,-2432,-1945,-405,-1146,-30978,3620,17220,-575,1081,-2340,7221,-15483,-3043,-31965,-985
-4535,-7710,7345,-1333,-1454,-3821,-2130,-504,-1644,-33941,4855,16865,-545,-970,-3068,8311,-19649,-4927,-38748,-1045
-7025,-10245,3097,-1714,-1501,-5498,-1890,-579,-1999,-36591,5801,15455,-872,-3375,-4835,9948,-24728,-6617,-46150,-1024
-8890,-13712,-3201,-2257,-1489,-7461,-1646,-779,-2643,-38080,6868,12856,-846,-5857,-6239,11405,-30007,-10130,-54176,-1066
-11338,-15657,-11523,-2729,-1656,-11127,-1342,-1422,-3791,-40054,8091,9795,-1096,-7749,-9234,12424,-36735,-14055,-59534,-1121
-13559,-19938,-21511,-3978,-1566,-15665,-946,-1674,-5509,-40356,8758,6199,-1686,-9668,-12306,13936,-43440,-18794,-65786,-1162
-15561,-21145,-31634,-4896,-1764,-21401,-229,-1920,-7239,-39904,8804,1112,-2308,-11078,-14629,14129,-49686,-25508,-70390,-1265
-20069,-25491,-42801,-6377,-1945,-26579,25,-2575,-9323,-38595,7932,-3226,-2577,-12514,-17712,12450,-56068,-33308,-71774,-1116
-23419,-26348,-55575,-8006,-2088,-32822,715,-3406,-11583,-36386,5343,-8890,-3748,-12498,-21630,11072,-61643,-41773,-71430,-1183
-25487,-27850,-66993,-9637,-2371,-36294,542,-4301,-13919,-33888,696,-14067,-4605,-13804,-25029,7035,-67221,-49929,-69176,-1228
-31278,-26824,-77885,-11942,-2656,-39125,-192,-5699,-16046,-30553,-5789,-18001,-6106,-13898,-28668,1750,-70436,-57400,-64046,-1525
-30555,-29413,-88911,-14551,-3162,-38159,-1428,-6596,-17835,-26903,-13190,-19817,-7645,-15235,-30014,-3937,-71311,-66034,-56133,-1555
-34827,-28344,-96769,-16368,-3671,-34295,-3346,-7768,-18861,-22482,-21520,-21630,-9761,-16035,-31906,-10232,-70951,-71825,-46610,-1709
-36341,-27908,-1.0222e+05,-19265,-4350,-28586,-6666,-8952,-19590,-18223,-29551,-22506,-11134,-18621,-31531,-16873,-68487,-73500,-37534,-1685
-36812,-27247,-1.0518e+05,-20462,-5087,-20582,-9325,-10104,-19848,-14575,-34791,-21566,-13516,-19752,-30095,-20715,-61914,-71857,-27218,-1890
-37231,-24328,-1.0529e+05,-22292,-6087,-11899,-11203,-10924,-19274,-9048,-38100,-22004,-15224,-21373,-28164,-22434,-54992,-66914,-17882,-2131
-35300,-22240,-1.0456e+05,-23771,-7198,-3954,-13444,-11798,-18902,-5811,-36323,-20773,-17311,-23049,-24266,-23321,-46049,-59088,-8802,-2175
-33860,-19210,-99033,-24027,-8599,5715,-14336,-12124,-18085,-2479,-33664,-19092,-19521,-25042,-20565,-20598,-33618,-45190,6172,-2703
-29358,-15557,-92040,-24319,-10365,13179,-14545,-12113,-16313,1724,-28618,-17240,-20788,-25649,-13075,-16125,-21389,-32755,4603,-3436
-27243,-11282,-83160,-23755,-11871,19392,-13549,-12226,-15922,4598,-20833,-15363,-21964,-24434,-6153,-8944,-8430,-17017,9921,-4091
-20353,-8566,-73873,-21903,-13076,22402,-11652,-11576,-14999,7091,-15046,-14343,-23560,-22940,-400,956,3249,-2809,13954,-4656
-15606,-4606,-63144,-20358,-15491,24596,-9575,-11626,-14302,9765,-8494,-11632,-24524,-19941,4459,11924,15314,12401,16835,-5651
-9287,-2335,-53392,-18162,-16826,25550,-7186,-10256,-13090,11909,-4209,-10424,-24322,-17139,9170,23658,23913,22872,16690,-6746
-3390,546,-43733,-16187,-18434,25946,-4508,-9054,-12900,13790,39,-7738,-23967,-13284,14078,33157,30548,30647,18330,-7821
1031,4719,-34976,-12559,-20319,24715,-2275,-8614,-12185,14882,2191,-7079,-22945,-9146,17634,44239,36565,36284,19299,-9453
8037,3385,-26074,-9408,-22260,23154,-76,-6041,-11574,15866,4918,-5380,-20478,-5190,20446,52546,40402,40191,18511,-10628
12064,5474,-19068,-5947,-23302,21314,2426,-5249,-11275,16324,6409,-3367,-20290,-1135,20634,57851,42233,41861,19870,-12392
16639,6674,-13393,-3344,-24637,20102,4891,-3124,-10931,16768,6741,-2126,-17663,2635,20998,65537,41419,40548,19153,-13844
19473,7354,-7883,-198,-25745,17117,6508,-2433,-10246,15833,7874,-491,-15673,6988,22074,68066,41112,40085,19010,-15628
20841,6683,-4506,2304,-26024,15561,7044,-993,-9966,16599,9003,1110,-13589,10065,21442,69150,38546,36874,18510,-17247
23142,6893,-1932,4857,-26731,13429,8518,67,-9729,16159,8808,1097,-10436,12226,19920,68122,35166,33531,17900,-18318
25149,6708,-324,6246,-26480,11814,8858,698,-9198,16275,9564,1003,-8224,13938,18911,68241,31906,30663,17806,-20532
23979,6124,1035,7684,-26936,10236,8791,2337,-9026,14712,9400,2526,-5671,15050,17234,66470,29395,26867,16611,-21778
24241,6291,1552,9138,-27011,8673,8820,2087,-9193,14286,9130,2569,-3736,16630,15524,62719,26558,23974,15608,-23292
23257,5687,1585,10362,-27006,7118,7979,2573,-8696,12450,7936,2886,-1824,16932,14466,60137,22093,22200,14277,-25128
23192,4547,1680,11410,-26366,6134,6925,2956,-8784,11379,8336,3560,593,17073,13166,56028,20259,19112,13329,-26545
21382,4638,1461,12009,-25524,4661,6677,2778,-8763,11065,7485,2615,2526,17611,11672,52534,16996,17097,12467,-27834
20139,3481,1060,12385,-26014,3830,5923,3018,-8805,9326,6582,2235,3775,17384,10385,48290,15393,14606,11493,-29789
17450,3509,446,12341,-25309,3840,4918,2794,-8597,8390,5777,1254,4258,17678,8685,43800,13211,13127,10269,-30985
16782,2412,112,12663,-25137,3025,4355,1989,-8718,7215,5539,357,5200,16472,8256,40402,10806,11459,10128,-31910
15226,1866,-861,12719,-24222,1976,2257,2066,-8512,6566,4025,842,4908,16176,6279,35773,9243,10017,8823,-32484
13854,673,-1175,12715,-24903,1557,1924,1439,-8501,5032,3206,-618,6070,14761,5681,33184,7527,8916,8109,-33419
13226,-202,-1982,12487,-24055,1408,1113,1052,-8771,3989,1571,-180,5517,14479,4674,30351,6440,7952,7621,-33674
11353,-392,-3128,11368,-24525,1296,943,472,-8727,3679,281,-1503,5627,13294,4207,27476,5123,6511,7186,-33408
8677,-1106,-3201,10295,-24183,953,-169,318,-8910,3050,-1230,-2287,5652,13483,3234,24465,4085,6168,6487,-33560
8528,-2107,-3864,10342,-24755,316,-326,-441,-8759,2336,-1926,-3247,5005,12845,2338,21401,3514,5842,5892,-33122
6259,-1893,-3811,9059,-25502,-113,-1218,-420,-8874,1309,-2773,-3573,5651,12392,2053,19369,2581,4332,5314,-31853
5343,-2579,-5237,8943,-25403,-218,-1898,-1033,-9282,723,-3992,-4072,4290,11634,1279,17589,1417,4334,4736,-30692
4170,-3080,-5435,8056,-25552,-446,-2494,-1496,-9172,319,-4958,-5518,3751,11004,894,15999,253,3669,4176,-28963
3182,-3292,-5990,7103,-26655,-818,-3257,-1758,-9471,-639,-6692,-6258,3453,11323,312,14949,303,2854,3580,-27415
2435,-3969,-6244,5986,-25880,-970,-3464,-1796,-9337,-624,-7540,-8198,2631,10658,27,13524,-405,2671,2935,-26068
1652,-4693,-7003,5657,-26345,-1599,-4063,-2086,-9152,-982,-8195,-7562,1681,10703,-771,11568,-1362,1930,2712,-25138
-55,-4628,-6912,5174,-26550,-1429,-4318,-2193,-9314,-2025,-9241,-9025,906,10569,-967,11016,-1255,1831,2529,-22934
-569,-4739,-7600,4174,-27009,-2337,-5191,-2332,-9356,-2289,-10030,-10084,589,10252,-1444,9849,-2590,987,1865,-21037
-8,-5522,-8514,3628,-27719,-2054,-6017,-3274,-9778,-3028,-10742,-10407,-491,9249,-1622,9262,-3517,508,856,-19219
-1207,-5468,-8682,2361,-27695,-2350,-6144,-3352,-9890,-3773,-11129,-11578,-1420,10157,-2321,7607,-4211,707,369,-17304
-2285,-6284,-9288,1378,-28260,-2788,-7325,-3350,-10369,-4677,-12206,-12826,-1042,9498,-2237,7044,-5003,-244,-3,-16140
-3025,-6540,-9543,454,-28627,-3128,-7944,-3594,-10408,-4552,-12950,-13811,-2045,8869,-2560,6410,-5658,-849,-1364,-14596
-3752,-7342,-10553,228,-28706,-3358,-8174,-3459,-10865,-5254,-13893,-14564,-3586,8478,-3273,6396,-7130,-1343,-1135,-14267
-4101,-8224,-11058,422,-29224,-3762,-8959,-4049,-10888,-5422,-14773,-16287,-4312,7541,-3948,5622,-8718,-1571,-2191,-12287
-5625,-8677,-11832,-997,-29574,-4275,-9683,-4516,-11125,-6075,-14978,-16873,-4175,5410,-4306,4983,-9357,-2337,-3109,-11879
-5893,-9863,-13297,-2303,-30144,-4053,-10239,-4321,-11580,-7361,-16058,-17972,-5330,2741,-4695,4459,-11160,-3480,-3749,-11067
-7142,-10702,-13594,-2968,-31326,-4489,-11207,-5237,-11637,-7623,-16565,-19552,-6583,-220,-5030,4151,-12846,-3485,-4681,-11086
-8210,-11791,-15374,-4376,-32708,-4917,-11944,-5403,-11930,-8890,-17932,-20854,-7335,-4143,-5752,3109,-13906,-4102,-5793,-12250
-9468,-12835,-16523,-5156,-33575,-5006,-12628,-5960,-12405,-9376,-17814,-22352,-8394,-7944,-6953,2957,-16431,-4454,-6658,-12054
-10112,-14247,-17616,-7046,-35132,-5954,-13539,-6689,-12827,-9814,-18954,-23764,-9874,-13250,-7904,1934,-18435,-5527,-7754,-13640
-11843,-16084,-19410,-7672,-37202,-5693,-14963,-7052,-13302,-11217,-19987,-25655,-10456,-18403,-9220,1273,-21171,-6657,-8740,-15734
-14223,-16768,-21751,-15360,-40752,-5759,-15731,-7097,-9161,-18865,-481,-27321,-11064,-24195,-381,-310,-24043,2604,-13867,33039
-14447,-20350,-23375,-13432,-43024,-6680,-16178,-9437,-14848,-13943,-21257,-29766,-13338,-28189,-12296,-1482,-27678,-8349,-12526,-19787
-18146,-22499,-26306,-15068,-45988,-6783,-18116,-11055,-14716,-14827,-22657,-32202,-15466,-32009,-14368,-2845,-30428,-9093,-14373,-22003
-19422,-24646,-29028,-18410,-51742,-7515,-19335,-12533,-15344,-16715,-23614,-33518,-17081,-35335,-16791,-5019,-34363,-10600,-17432,-26531
-22481,-27626,-31896,-20949,-57056,-8263,-20790,-13870,-16107,-18281,-25182,-36521,-19276,-38927,-19637,-8255,-38727,-13178,-19330,-31592
-25352,-31029,-35146,-24336,-64259,-8594,-21847,-16507,-16857,-19890,-26318,-38429,-21786,-39894,-22081,-11735,-42610,-15476,-22598,-36093
-28898,-34316,-39056,-28717,-71459,-9209,-24091,-19436,-17657,-21703,-28845,-41916,-25075,-41427,-26123,-15493,-46637,-17162,-26445,-42573
-31883,-38481,-43174,-33569,-79851,-9919,-26377,-22551,-18481,-24142,-31248,-45242,-29269,-42480,-30701,-19981,-50838,-20637,-29945,-49326
-35622,-42332,-47027,-37702,-90502,-11115,-29619,-25881,-19381,-26510,-32498,-48112,-33168,-42792,-35098,-25564,-55166,-24669,-34184,-59080
-39767,-46630,-52145,-42548,-1.0231e+05,-12436,-32583,-30998,-20692,-28558,-37117,-52025,-38346,-44756,-40947,-32232,-59615,-28721,-38690,-69852
-43858,-50806,-57446,-47710,-1.1476e+05,-14793,-35691,-35900,-21531,-30194,-41731,-56206,-44207,-47334,-47073,-38840,-64460,-33891,-43860,-80051
-48732,-55835,-61830,-54210,-1.2951e+05,-16639,-39774,-41774,-22432,-33091,-47299,-60084,-50189,-50208,-52356,-48002,-67794,-38726,-49820,-93428
-53358,-61323,-65863,-59825,-1.4638e+05,-19277,-44734,-48714,-23321,-36543,-54310,-65260,-57994,-54589,-58995,-56276,-71128,-44313,-56767,-1.0544e+05
-58050,-66652,-70927,-65856,-1.6345e+05,-22215,-50707,-55043,-24665,-38868,-63279,-71972,-66136,-57312,-66323,-66159,-73397,-49877,-63351,-1.176e+05
-65472,-70388,-74740,-71895,-1.8092e+05,-25187,-56901,-62577,-26495,-40924,-75122,-75742,-74839,-63473,-71773,-75291,-73790,-56683,-71525,-1.2877e+05
-68782,-75989,-77027,-78096,-1.9936e+05,-30000,-63258,-71315,-28007,-43691,-90377,-82531,-84383,-68111,-77645,-84023,-74972,-62050,-77954,-1.3761e+05
-73083,-79760,-79293,-82863,-2.1935e+05,-34450,-70251,-79365,-29347,-46000,-1.0518e+05,-88637,-92258,-71668,-82878,-92993,-73888,-67345,-86965,-1.4432e+05
-78460,-83893,-80484,-88082,-2.3704e+05,-39098,-77278,-86071,-30963,-47687,-1.2625e+05,-94342,-1.011e+05,-75077,-86870,-1.0136e+05,-71485,-71496,-94770,-1.4804e+05
-82627,-85427,-81364,-92774,-2.5327e+05,-43910,-83092,-93145,-32529,-50177,-1.4678e+05,-99840,-1.0803e+05,-77939,-90338,-1.0796e+05,-68820,-73920,-1.0252e+05,-1.4864e+05
-84345,-83992,-79782,-95825,-2.6492e+05,-48586,-87058,-99864,-34323,-50531,-1.6941e+05,-1.0416e+05,-1.1442e+05,-78596,-90888,-1.1071e+05,-63315,-73537,-1.0987e+05,-1.4615e+05
-84458,-81572,-76723,-96995,-2.7381e+05,-53724,-90305,-1.0213e+05,-36091,-51886,-1.9295e+05,-1.0635e+05,-1.201e+05,-76980,-90437,-1.1034e+05,-57288,-72856,-1.1712e+05,-1.4068e+05
-84144,-76910,-73268,-97830,-2.8394e+05,-56753,-91852,-1.0452e+05,-37381,-52588,-2.1499e+05,-1.091e+05,-1.2205e+05,-73504,-86261,-1.0725e+05,-50510,-68895,-1.2314e+05,-1.2984e+05
-82224,-70753,-69402,-95144,-2.7614e+05,-59047,-91369,-1.0465e+05,-38874,-52444,-2.3313e+05,-1.0798e+05,-1.2317e+05,-68791,-79719,-1.011e+05,-42240,-60496,-1.2828e+05,-1.1542e+05
-77683,-60711,-63237,-92599,-2.6615e+05,-59593,-88808,-1.0241e+05,-39673,-50873,-2.4751e+05,-1.0567e+05,-1.2144e+05,-61159,-71164,-90718,-33135,-52789,-1.3252e+05,-98234
-70783,-49214,-56859,-87756,-2.5005e+05,-58662,-86114,-96200,-40818,-50184,-2.5567e+05,-1.0166e+05,-1.177e+05,-52150,-58932,-77591,-23224,-40055,-1.3316e+05,-74180
-62073,-37316,-50144,-80565,-2.2998e+05,-55688,-82668,-87997,-40584,-47492,-2.5633e+05,-97002,-1.1084e+05,-41549,-47531,-62694,-13209,-26847,-1.3061e+05,-49641
-51667,-22582,-41306,-71548,-2.0362e+05,-50674,-77489,-77257,-41123,-45621,-2.4565e+05,-90307,-1.0151e+05,-29528,-32436,-43166,-4392,-13875,-1.2604e+05,-21371
-40224,-9052,-32513,-60501,-1.7551e+05,-43340,-69227,-64154,-40062,-41941,-2.2783e+05,-82477,-90717,-18648,-17239,-24026,5376,1914,-1.1934e+05,6507
-27512,5772,-24330,-49327,-1.4699e+05,-34026,-57353,-49901,-39659,-38263,-1.9759e+05,-75186,-77875,-6628,-1042,-3682,15114,16534,-1.0905e+05,36127
-14472,21102,-15621,-36013,-1.1695e+05,-23885,-42415,-34683,-37171,-34736,-1.616e+05,-65718,-64382,3542,13902,18522,23462,30884,-95001,64685
-26,32732,-6602,-22852,-89478,-12329,-27430,-18413,-34913,-30334,-1.1774e+05,-55515,-49506,13762,28381,38692,33094,43445,-79020,88910
13371,45045,1540,-8407,-63253,-951,-10576,-2263,-32089,-25169,-74985,-45556,-33481,21945,42123,57410,40122,55148,-61886,1.1195e+05
26178,55771,9091,5133,-39279,10964,2542,15017,-28183,-20271,-34391,-34383,-15993,29502,53474,75592,46695,64903,-43256,1.3106e+05
38913,65207,16335,19565,-18682,22238,12980,30336,-24485,-15366,2170,-24246,66,35191,63374,89535,54205,71199,-23156,1.4764e+05
50267,73209,22808,33443,-978,33037,19621,46681,-20504,-10318,29173,-13095,14947,40733,70801,1.0194e+05,61342,77279,-4136,1.5917e+05
61031,79646,28828,43230,13295,41969,23712,59881,-16231,-5788,50797,-2738,29111,45063,76455,1.1127e+05,66595,79782,16081,1.6875e+05
71157,84466,33096,56929,25372,51471,25119,71860,-12255,-552,65979,8551,41982,48410,80735,1.1801e+05,72246,81287,32525,1.747e+05
78907,87950,37743,66198,35059,57824,25319,82928,-8446,3817,76826,18064,55847,51716,84240,1.2139e+05,77702,80867,47892,1.7556e+05
85259,88257,41897,74691,44874,62842,24661,92401,-5320,9079,84119,28534,66574,54058,86856,1.2309e+05,81526,78404,60282,1.7569e+05
90869,88314,44019,81833,51663,67447,23486,99013,-1703,13468,89537,37158,77897,56142,85760,1.2229e+05,85521,75052,71317,1.7228e+05
94769,86897,46855,87367,58403,70100,22291,1.0456e+05,576,18668,92993,45601,86068,58667,84831,1.1969e+05,87027,70262,78966,1.6947e+05
98372,84089,48814,91696,64081,71850,20646,1.0756e+05,2926,22353,94839,52466,94393,60820,83426,1.1609e+05,88204,65301,84296,1.6214e+05
99109,80845,50512,94912,68896,72327,19425,1.0884e+05,4839,26270,96321,59561,1.0312e+05,62879,81102,1.1005e+05,88825,59402,89299,1.546e+05
99178,77805,51096,94855,73155,71277,18324,1.0914e+05,6243,30981,98133,65331,1.0658e+05,64725,78191,1.0402e+05,87030,53900,92047,1.4566e+05
97628,72113,52115,94865,77263,70385,17877,1.0761e+05,7808,34057,1.0038e+05,71625,1.1094e+05,66714,74588,96109,85213,47821,93739,1.3504e+05
95162,67226,52734,93454,80923,67220,17502,1.0356e+05,8804,37497,1.0132e+05,75910,1.1417e+05,67816,71533,89310,80750,42259,94091,1.2491e+05
91793,61651,52642,90794,84004,64319,16909,98029,9344,41112,1.0387e+05,80393,1.1704e+05,69249,67549,80933,77185,36907,94520,1.1328e+05
87610,55860,52096,88108,87259,60389,17224,91800,10156,44560,1.0634e+05,82409,1.1689e+05,70347,62698,73496,71520,32537,94810,1.0202e+05
82994,51051,52144,82479,89515,56502,17810,84874,10619,46450,1.0825e+05,85195,1.1729e+05,70907,58432,65859,66047,28595,94382,91162
77869,46127,50851,77061,91767,51989,18613,76944,11055,48453,1.1002e+05,87049,1.1533e+05,71258,53955,58845,60163,24621,93768,79073
71487,40912,49577,72521,94318,46908,19641,69173,11142,50836,1.119e+05,89051,1.1359e+05,70715,49544,51554,53909,21956,98760,69377
65360,36599,48268,66441,94299,42459,21196,61583,11259,51792,1.1433e+05,88479,1.0901e+05,71123,44739,45386,47973,19261,93101,59736
58957,32729,46762,60782,94017,38215,22722,53911,11160,53079,1.1571e+05,89701,1.0432e+05,70529,40430,39926,42353,17066,91622,51074
53312,29242,45350,54859,93521,34231,24563,47217,10968,53384,1.1676e+05,90193,99314,68437,36288,35311,37114,15440,90893,43107
47166,25300,44226,49111,92628,30119,26877,40219,10987,53532,1.1711e+05,90602,92224,66695,31953,30690,32598,14115,89615,35321
41970,22172,41229,43893,90855,26375,28993,34217,10455,53153,1.1609e+05,90900,84489,65037,28486,27006,27706,12915,87279,29773
36806,19627,39418,38758,87282,23417,31639,28723,10010,52818,1.148e+05,88131,77875,61861,25182,23246,23727,12333,86069,24817
32169,17428,36799,34608,83297,19903,34413,23337,9683,51578,1.1339e+05,87553,70386,59611,22405,20427,20391,11790,82831,20731
27665,14704,34814,30236,79155,17323,38097,19467,9245,50402,1.1097e+05,86281,63193,56332,19879,18038,17897,11151,80343,17364
24187,13002,32201,26847,73479,14672,41351,15803,8687,48731,1.0802e+05,84036,56735,53327,17411,16049,15187,11181,77376,14263
20827,11496,29656,23633,67668,12458,45000,12614,8407,46531,1.0466e+05,82293,50194,49763,15757,13828,13266,11025,74470,12036
18291,9741,27823,20622,60951,10850,48166,10508,7998,45144,1.009e+05,80029,44624,46732,13602,12432,11268,10909,70876,10336
15484,8407,25773,18538,54712,9414,51542,8259,7315,43535,96753,77230,39074,43581,12419,11132,10182,10588,66545,8844
13110,7491,23565,16381,46697,8002,53623,6508,6589,41063,92231,74647,34338,40386,11287,10150,8876,10730,62967,7776
11071,6661,21338,15008,39558,7189,56841,5357,5957,38854,87093,71992,29908,37453,10581,8924,8170,10558,58819,6770
9385,6083,19710,13458,32669,5882,57690,3922,5503,36649,81499,68556,26129,34034,9600,8124,6914,10210,54861,5625
8477,5169,17960,12204,26969,5230,58555,2916,4992,34994,76633,65202,23537,31249,8998,7686,6455,9818,50594,5134
7155,4567,16778,11440,20922,4484,58394,2442,4503,32816,71623,62657,20557,28842,8356,6946,6107,9399,47192,4263
5937,4325,15132,10219,16072,3825,57216,1879,3993,31073,66331,59421,18343,26202,8137,6193,5371,8904,43242,4198
5246,3732,13444,9677,11632,2985,54906,1390,3487,29171,61455,55402,16105,24240,7558,6116,4830,8555,39818,3875
4438,3167,12648,9084,7492,2697,52258,832,3024,27183,56025,52767,14845,22215,7662,5746,4486,7869,35742,3491
3860,2958,11073,8288,4625,2337,49242,495,2795,25899,51248,48928,13434,20075,7109,5064,4268,7379,32959,2896
3538,2616,10511,7750,1543,1831,44927,253,2486,24186,46890,46586,12252,18235,6622,4803,3641,6948,29371,2834
3004,2364,9342,7336,-195,1745,41072,11,2003,22671,42760,43675,11453,16918,6317,4765,3605,6359,26627,2506
2848,1826,8667,7016,-1925,1548,36955,-303,1729,21704,38511,40932,10864,15057,5871,4145,3244,5529,23945,2582
2348,1825,7651,6395,-3089,1506,33021,-494,1490,20372,35220,37827,10026,14078,5550,3861,3217,5106,21844,2075
2182,1577,7252,5906,-3637,1062,29628,-516,1396,19072,31933,35359,9275,12926,5271,3777,2953,4313,19355,1912
1802,1278,6739,5479,-4602,1099,26355,-541,1167,17723,28041,33371,8730,11593,5088,3230,2936,4092,17352,1639
1990,1122,6213,5111,-5137,784,23931,-492,992,17092,25227,30272,8132,10748,4726,3160,2520,3429,15712,1790
1631,974,5745,4353,-5487,706,22176,-772,977,16160,22632,28201,7798,9784,4567,3058,2432,3169,14925,1369
1689,699,5324,4310,-5833,603,20397,-735,769,15254,20608,26388,7412,8968,4016,2758,2353,2746,13171,1029
1844,628,5012,3857,-6216,553,18973,-796,633,13851,18089,24609,7300,8312,3758,2770,2277,2434,12380,943
1683,587,4633,3786,-6323,382,18490,-648,537,13352,16323,22417,7011,7773,3382,2558,2046,1827,11137,346
1470,610,4069,3136,-6540,345,17968,-764,423,12522,14265,20882,6532,7025,3117,2325,1803,1784,10428,482
1520,658,3891,2857,-6839,211,18223,-872,375,11647,13084,19337,6230,6089,3336,2368,1759,1403,9925,-130
1631,564,3697,2717,-6719,169,18437,-869,292,11084,11792,17832,6364,5903,2859,2261,1641,1438,9550,-263
1738,539,3062,2593,-6860,176,18641,-778,280,10238,10533,16396,6021,5334,2587,1992,1595,1182,9162,-427
1427,470,2775,2465,-7042,150,19080,-872,137,9884,9548,15048,5902,4955,2591,2038,1339,965,9043,-1030
1490,455,2602,2339,-6860,152,19367,-795,154,8919,8551,14477,6118,4686,1833,2011,1260,665,8732,-1245
1504,559,2140,2505,-6854,-37,19538,-503,38,8358,8073,13161,5986,4261,2135,1849,1264,574,8431,-2028
1430,348,1713,2362,-6532,-31,19438,-683,38,8015,7074,12164,5617,3936,1757,1810,1225,545,8364,-1946
1475,347,1362,2460,-6584,-34,19424,-598,94,7513,6504,11407,5680,3406,1580,1746,1071,382,8518,-2009
1594,501,1161,2205,-6438,-99,19745,-688,-144,7052,5929,10473,5584,3379,785,1421,1120,429,8156,-2306
1532,371,727,2012,-6328,-36,19164,-642,-144,6374,5430,9912,5783,3107,1085,1600,865,249,8342,-2242
1399,278,236,2382,-6319,-134,18369,-425,-155,6278,5308,9370,5288,2758,885,1623,733,95,8101,-2097
1531,353,-87,2252,-6141,-12,17577,-536,-171,5517,4578,8694,5762,2465,972,1429,771,39,7952,-1571
1447,241,-606,2173,-5735,-117,16744,-410,-307,5294,3998,7897,5289,2396,801,1464,680,136,7847,-1255
1428,203,-1188,2470,-5859,-269,15877,-586,-281,4803,3635,7644,5089,2213,882,1305,711,-94,7687,-1085
1159,162,-1420,2265,-5460,-117,14458,-296,-356,4629,3145,6993,5014,1936,707,1403,675,-205,7254,-918
1255,83,-1929,2370,-5126,-269,13346,-368,-303,4214,2741,6668,4576,1834,558,1213,623,-215,7337,-618
1134,223,-2466,2304,-5284,-224,12187,-328,-376,4192,2083,6264,3921,1681,-99,990,493,-291,6625,-520
869,92,-3077,2073,-5084,-261,10745,-136,-349,3664,1648,5932,3283,1432,453,1097,614,-414,6526,-65
619,69,-3510,2125,-4876,67,9526,-135,-397,3307,1554,5652,2787,1352,-98,1148,621,-490,6097,-1
406,-147,-3904,2016,-4846,-123,7980,-96,-392,2971,953,4827,1629,1420,180,1050,444,-469,5821,151
236,-364,-4655,1907,-4622,-125,7215,-67,-456,2730,784,5341,1119,1303,106,1059,383,-477,5700,-118
166,-271,-4965,1816,-4928,-315,6035,13,-502,2593,315,4803,722,1080,-234,1067,635,-520,5653,8
-281,-580,-5342,1456,-4894,-50,5274,143,-546,2409,131,4289,-273,1078,98,902,401,-658,5034,224
-583,-1001,-5936,1018,-4612,-398,4271,23,-506,2229,-354,4271,-1404,1006,-4,893,274,-846,4944,38
-780,-1022,-6135,729,-4466,-270,3418,-32,-576,2023,-450,3841,-1620,1030,-214,849,281,-1150,4481,18
-1422,-1161,-6565,330,-4331,-87,2785,157,-551,1946,-595,3645,-2661,1113,-1,846,275,-836,4337,236
-1534,-1405,-6773,160,-4502,-160,2262,184,-455,2017,-1353,3620,-2683,900,-319,837,284,-963,4163,85
-1783,-1568,-6952,-414,-4186,-363,1867,230,-567,1678,-1242,3333,-3895,982,-293,693,306,-1129,3569,162
-2046,-1411,-6858,-807,-4437,-161,1286,165,-625,1400,-1309,3034,-4437,814,-103,775,387,-1433,3427,-47
-2052,-1785,-6841,-1573,-4208,-14,981,90,-591,1274,-1329,2936,-4501,821,-272,678,139,-1409,3025,495
-2567,-1712,-6461,-1817,-4117,-145,589,-20,-643,1365,-1541,2687,-4838,888,-279,699,181,-1748,3024,613
-2586,-2022,-6393,-2193,-3978,-267,590,211,-612,1012,-1560,2905,-4872,1005,-196,537,231,-1686,2997,836
-2344,-2058,-5683,-2633,-3931,-138,311,-75,-611,1218,-1547,2664,-4875,872,13,626,375,-2286,2666,878
-2373,-1697,-5108,-2691,-3963,-157,69,153,-600,1050,-1666,2637,-5083,807,-223,598,264,-2376,2741,821
-2348,-1948,-4706,-3071,-3914,-94,205,72,-565,1052,-1982,2083,-4784,936,-247,605,258,-2470,2678,817
-2388,-2049,-4030,-3222,-3668,-242,-194,104,-617,1010,-2097,2404,-4599,777,-53,694,210,-2596,2393,812
-2046,-1726,-3105,-3352,-3355,-15,-242,-3,-535,795,-1804,1999,-4381,933,11,455,306,-2662,2123,633
-1742,-1294,-2357,-3314,-3539,-19,-76,37,-583,825,-1760,2250,-3833,946,-2,608,402,-2420,2274,499
-1469,-1476,-1399,-3470,-3482,-116,-160,11,-532,941,-1932,1830,-3755,823,36,491,183,-2495,1997,524
-1334,-1156,-526,-3428,-3323,-119,-257,-173,-602,836,-2041,1677,-3536,920,35,493,198,-2238,2203,369
-1077,-1026,89,-3038,-3058,-21,-132,-173,-560,566,-2053,1309,-3257,823,209,593,215,-2262,1756,523
-872,-691,922,-2696,-3147,-368,-29,-75,-581,416,-2175,1500,-2703,798,36,612,428,-1975,1955,232
-603,-453,1422,-2702,-2878,-457,206,-50,-595,539,-2093,1603,-2458,850,169,501,261,-1800,1776,296
-556,-353,2274,-2255,-3008,-340,180,-87,-544,524,-1982,1406,-2128,727,132,504,240,-1747,1784,143
-405,20,2882,-2173,-2744,-697,190,-74,-558,526,-2016,1202,-1928,824,201,375,374,-1617,1843,106
-306,-158,3170,-1801,-2823,-818,286,12,-553,505,-2156,1115,-1663,749,288,502,186,-1360,1825,83
-25,-11,3472,-1465,-2567,-988,673,-43,-578,450,-2126,1293,-1514,710,199,491,39,-949,1928,58
-136,330,3950,-1243,-2657,-857,778,-126,-556,318,-2036,964,-1230,642,187,537,389,-1066,2033,57
50,130,4119,-1084,-2504,-1323,972,-62,-502,577,-2100,1049,-1044,697,130,557,210,-853,1764,66
121,162,4417,-812,-2354,-1352,1367,-34,-543,405,-2172,1121,-713,625,197,588,253,-943,1948,66
200,89,4547,-631,-2035,-1313,1266,-114,-475,411,-2073,891,-813,693,46,465,263,-760,1536,136
225,51,4731,-297,-2086,-1774,1415,-81,-517,377,-1860,1068,-926,749,179,503,135,-662,1962,171
176,134,4576,-336,-2098,-1717,1916,-186,-458,524,-1989,959,-389,774,199,434,153,-463,1770,63
251,94,4415,-187,-2144,-1625,2011,-224,-531,443,-1700,1243,-346,762,126,436,152,-390,1749,27
160,118,4441,-123,-2109,-1850,2212,6,-478,459,-1775,1079,-392,890,180,672,21,-104,1944,164
238,-6,4173,-48,-1951,-1565,2632,0,-448,392,-1478,981,-224,805,284,561,97,-34,1609,-42
195,123,4151,138,-2018,-1562,2690,-105,-481,303,-1629,1323,-43,751,104,593,146,129,1658,-3
265,158,3956,137,-1945,-1307,2549,-111,-438,326,-1444,1038,-83,706,150,595,137,231,1476,18
297,76,3760,123,-2009,-1301,2828,40,-415,347,-1218,1149,138,753,165,427,45,415,1352,95
114,148,3530,198,-1965,-1046,2865,13,-531,382,-1381,1090,-15,787,176,415,72,661,1464,38
247,136,3389,174,-1841,-1039,2751,-114,-454,367,-1185,1210,154,689,128,560,80,853,1452,227
206,61,3191,132,-1870,-602,2326,173,-399,276,-1068,1011,64,663,84,499,33,787,1624,167
171,15,2870,269,-1759,-365,1741,128,-420,452,-1094,1332,133,796,138,517,33,982,1273,121
162,16,2522,172,-1661,-405,1365,36,-417,243,-789,1172,160,850,192,505,109,1001,1209,9
242,-30,2410,271,-1647,-171,575,63,-446,321,-962,1098,50,686,38,430,28,1126,1122,294
127,114,2249,125,-1446,-16,25,3,-422,521,-906,1238,200,769,157,383,-3,1112,1027,282
257,84,2095,244,-1443,7,-500,61,-450,392,-881,1130,54,703,137,337,109,1002,1444,291
118,-69,1872,216,-1173,108,-795,-6,-431,448,-439,1238,124,715,154,515,25,948,1095,252
140,-6,1681,78,-1307,217,-694,23,-446,413,-745,1122,89,637,163,484,-12,700,1070,261
124,69,1544,168,-1076,163,-531,15,-401,434,-542,1052,33,692,132,486,29,637,972,354
157,-8,1372,121,-1002,192,-164,-15,-467,476,-159,1044,80,707,197,432,-35,601,1109,337
-8,83,1106,176,-908,261,174,28,-397,469,-172,1164,188,636,80,512,-44,410,1184,334
96,9,1031,162,-833,196,705,17,-452,493,-154,1084,-76,485,178,455,-72,362,932,443
22,28,800,214,-609,124,1015,22,-432,496,108,1073,139,525,35,395,51,340,858,415
105,89,858,58,-605,202,1202,73,-432,596,275,1066,67,636,156,420,14,253,853,507
79,137,818,151,-547,165,1602,8,-430,606,416,1099,34,520,148,421,67,178,788,402
72,-7,590,81,-443,160,1445,-36,-419,517,889,1072,135,461,106,410,51,235,1086,299
88,3,527,127,-471,155,1378,-18,-407,653,898,1109,129,434,177,436,-53,187,930,279
36,81,383,146,-356,16,1338,-35,-440,562,1140,1175,78,463,100,386,-25,191,983,304
66,31,481,192,-471,130,1179,-129,-448,616,1443,990,-13,470,143,437,-4,120,856,290
164,8,375,158,-354,79,1070,-32,-443,543,1598,956,114,385,125,373,16,129,698,367
109,31,399,204,-397,22,876,5,-401,513,1686,916,131,372,163,374,82,222,748,367
123,48,297,211,-231,58,749,25,-398,529,1817,968,73,382,148,325,-66,147,812,245
71,40,231,119,-341,6,697,17,-368,319,2041,1022,178,409,89,501,105,175,855,140
36,72,225,117,-405,51,623,32,-405,245,2020,990,68,484,31,445,48,111,676,271
93,-80,179,198,-314,75,422,55,-392,290,2271,771,95,414,81,459,16,99,721,157
162,79,187,199,-229,152,503,2,-397,119,2254,764,146,442,76,319,48,137,403,117
154,88,170,152,-344,32,303,56,-403,195,2179,770,89,467,45,408,-32,136,498,118
157,28,141,259,-338,122,313,-31,-290,142,2169,817,151,428,20,434,92,135,395,257
59,103,148,172,-284,116,159,27,-356,65,2198,772,48,327,85,347,91,126,456,274
146,74,143,162,-211,60,199,49,-351,-278,2237,738,119,418,92,338,-12,65,285,212
131,44,100,210,-341,42,298,23,-349,-298,2256,751,180,447,130,357,20,73,382,235
61,52,155,66,-309,-20,186,-48,-370,-283,2360,793,102,421,51,338,106,62,121,201
134,-59,114,144,-302,66,230,59,-309,-175,2196,780,146,344,122,351,84,82,274,230
82,71,103,154,-280,32,45,22,-346,-322,2148,588,137,379,139,407,-20,125,125,102
150,12,112,168,-324,-3,210,8,-298,-369,2202,669,139,372,180,274,-61,66,129,79
67,108,103,114,-285,101,226,6,-290,-459,2080,607,137,408,79,301,-5,32,-143,252
24,43,106,239,-278,80,266,54,-292,-566,2020,660,216,354,64,388,95,77,-5,151
138,65,85,116,-307,37,95,-3,-221,-470,2003,502,18,436,118,332,42,18,58,47
115,87,76,150,-278,47,114,-28,-218,-467,1798,794,64,394,96,303,-27,54,192,78
44,59,84,123,-289,67,174,55,-240,-467,1839,685,55,335,81,362,-19,82,107,200
84,41,77,108,-260,65,144,26,-220,-577,1998,550,142,392,57,317,20,70,92,247
135,80,62,224,-368,112,178,7,-202,-478,1907,516,82,374,204,419,52,52,-33,147
48,46,92,27,-208,73,156,-5,-174,-499,1752,489,104,295,135,226,11,58,-65,282
178,-6,71,213,-255,72,182,29,-141,-532,1694,484,113,250,136,399,-37,25,18,239
130,-4,102,131,-252,53,189,3,-188,-391,1674,459,181,341,85,371,-24,57,-96,177
86,80,63,49,-251,55,143,47,-126,-442,1643,481,224,305,136,336,-20,45,49,139
107,69,116,145,-394,46,202,51,-166,-361,1410,530,-7,270,133,290,1,40,-66,208
77,26,105,106,-222,47,113,74,-171,-276,1254,573,53,315,95,423,25,25,27,264
91,-40,89,134,-215,76,32,60,-172,-214,1275,548,86,361,144,416,45,26,276,100
33,91,77,169,-281,61,232,-113,-158,-288,1299,486,-7,276,169,281,1,18,150,186
74,41,76,51,-272,113,109,43,-168,-307,1095,524,130,367,154,329,-24,2,52,283
102,57,87,154,-301,90,167,-28,-153,-261,1108,497,122,262,119,311,-147,-4,177,297
107,26,39,69,-254,88,137,-47,-168,-235,971,495,48,313,139,326,6,20,209,128
117,55,67,147,-216,105,145,31,-159,-150,991,452,130,260,87,257,74,41,98,151
67,35,39,100,-332,143,143,52,-166,-119,960,449,108,287,152,368,-93,72,103,115
108,82,72,103,-270,90,70,24,-146,-67,907,385,94,276,-58,336,119,33,-126,224
91,27,72,149,-354,71,79,99,-122,-36,868,384,38,189,152,317,33,10,160,79
85,52,87,121,-212,78,160,10,-131,-104,840,386,150,292,160,336,-1,36,134,106
58,77,73,41,-220,110,147,-4,-121,-94,734,397,102,215,101,286,111,-31,207,125
55,19,97,57,-233,99,225,47,-135,13,787,436,128,183,56,356,84,42,40,166
68,18,41,111,-276,135,229,56,-120,-6,751,367,66,241,134,305,21,22,247,82
-3,27,65,102,-204,64,111,13,-119,-85,703,451,115,239,116,281,-10,-10,209,130
110,50,81,121,-274,119,120,48,-124,-53,630,258,162,214,103,298,61,28,-2,148
115,73,127,170,-180,44,210,5,-146,-57,673,360,85,183,111,267,21,30,95,135
63,72,65,55,-243,111,205,69,-113,53,615,285,115,228,108,272,50,2,166,76
19,68,94,88,-220,96,129,68,-126,26,706,315,31,151,142,356,85,14,143,139
42,40,102,116,-251,70,207,33,-105,127,603,395,119,266,36,233,34,23,42,174
46,39,61,94,-261,95,215,98,-126,15,601,330,60,158,159,330,0,-4,36,113
-12,-7,14,79,-259,74,128,0,-128,47,643,336,98,88,115,309,46,31,131,24
29,44,122,56,-225,115,160,50,-122,62,545,309,62,215,110,274,-60,12,154,148
46,62,50,107,-243,97,89,60,-116,51,519,385,88,212,136,227,102,16,-16,107
136,54,102,14,-190,113,183,54,-107,-11,554,282,81,157,92,326,70,-3,67,74
52,68,54,70,-232,95,146,75,-94,35,598,357,94,168,110,246,11,16,-43,72
103,-37,95,147,-253,72,101,46,-114,60,473,324,128,210,123,217,106,40,28,140
55,36,60,14,-192,123,223,81,-128,27,549,319,148,154,77,169,11,13,-13,69
88,34,53,49,-205,73,149,-3,-115,54,610,372,113,163,144,190,86,47,-9,115
53,62,64,97,-208,66,67,24,-121,65,516,262,129,173,46,195,122,2,-81,144
35,68,128,94,-205,74,111,11,-91,68,553,367,89,147,72,246,58,57,-116,158
83,64,35,70,-205,81,175,30,-106,67,429,285,158,176,130,177,84,24,-93,17
79,17,82,22,-182,82,121,93,-90,78,560,333,109,208,42,220,8,-12,-20,114
85,81,47,5,-199,80,222,26,-83,55,542,280,101,181,88,216,66,-20,-61,152
36,48,57,41,-201,52,160,140,-152,23,500,281,165,205,125,233,134,17,-36,97
49,2,62,105,-164,70,90,89,-112,41,507,307,9,117,52,268,8,23,-218,126
34,21,49,116,-207,48,196,-14,-96,59,546,379,89,170,96,270,24,-16,-45,105
24,-14,31,29,-277,55,104,13,-100,84,490,353,90,127,7,291,8,-2,-157,105
56,30,32,23,-236,18,98,56,-103,24,427,286,96,203,42,289,48,-4,-7,97
30,-7,37,27,-155,130,76,103,-73,119,454,352,96,190,173,269,15,34,36,111
105,-27,66,92,-194,40,87,66,-71,37,475,351,97,183,105,219,51,38,-1,107
-73,46,30,98,-186,73,103,122,-109,56,436,235,104,116,89,256,28,36,-57,86
36,20,55,98,-211,52,132,99,-102,56,378,297,91,135,122,108,34,43,-119,58
22,37,46,36,-211,24,177,-7,-95,62,417,338,150,170,102,260,60,7,-68,100
62,-22,36,60,-213,21,117,82,-78,20,470,355,56,174,89,215,76,5,-79,42
73,-43,62,78,-189,90,143,19,-90,16,402,235,128,119,89,191,103,34,-259,60
70,52,37,94,-235,59,117,75,-75,81,448,274,158,118,93,274,94,10,-105,211
31,56,66,100,-207,42,105,-22,-55,-4,464,297,20,86,88,205,13,36,-108,64
46,80,36,53,-235,69,140,79,-69,36,362,280,133,139,146,211,135,14,-140,41
19,19,39,102,-157,52,122,74,-87,55,440,302,87,187,48,136,33,12,-40,76
61,-10,48,58,-171,58,178,161,-79,22,432,318,150,85,77,246,56,12,-46,95
74,6,48,19,-181,37,109,93,-94,24,386,280,30,111,68,220,96,31,-43,29
71,21,34,-24,-156,102,123,73,-77,3,397,232,123,102,74,238,38,10,-72,126
60,1,72,63,-136,37,128,78,-83,42,366,302,89,132,65,205,-34,41,-192,88
83,21,42,-54,-123,45,127,64,-85,42,428,289,116,145,67,202,20,23,-74,87
6,61,31,68,-200,50,184,76,-100,32,370,236,133,124,129,271,1,39,-83,43
64,39,29,45,-121,46,94,83,-54,24,418,243,95,116,29,213,69,15,2,184
42,23,66,-52,-168,53,156,91,-75,31,420,212,135,127,83,185,29,31,-102,184
96,-24,32,33,-190,87,159,91,-59,5,382,246,88,133,48,164,46,48,-77,69
39,23,38,68,-144,56,112,68,-79,44,406,256,112,66,16,216,9,33,-79,98
5,23,67,24,-178,29,92,98,-66,58,378,303,142,136,8,198,19,8,-97,8
19,17,47,34,-184,49,158,66,-70,39,369,304,77,110,49,201,-22,23,-69,81
22,-6,66,75,-156,79,143,59,-71,38,413,282,72,130,16,211,-33,37,-70,61
81,-50,24,22,-177,71,154,158,-67,31,367,233,92,89,89,127,28,26,3,51
89,40,7,72,-138,66,138,74,-78,9,397,299,49,111,73,222,6,35,-115,89
46,23,21,-27,-165,64,133,135,-70,49,468,252,140,95,71,166,-59,12,-104,81
60,23,30,19,-139,65,80,65,-71,31,391,299,116,88,94,151,55,28,36,84
58,34,66,41,-134,79,113,103,-55,30,372,247,73,76,55,287,45,38,-149,31
38,4,78,5,-194,62,175,108,-60,37,417,291,98,86,61,173,27,38,69,63
8,53,57,11,-194,70,99,107,-95,34,412,250,59,167,126,170,-26,-1,-101,37
42,83,54,46,-158,50,147,97,-54,55,412,269,130,98,70,251,-16,40,-1,70
11,34,47,8,-173,93,137,107,-64,41,419,275,33,93,36,128,-1,37,13,36
27,69,29,61,-199,58,120,105,-64,41,421,242,121,88,101,148,7,16,-41,66
1,53,32,82,-175,60,87,87,-60,64,383,226,46,121,88,239,59,32,-68,56
37,-41,43,44,-129,65,134,39,-59,35,446,220,53,88,57,209,-21,29,13,73
33,-11,47,-71,-181,23,128,150,-62,3,391,279,74,96,54,168,-3,9,-107,71
19,63,16,62,-163,15,108,68,-55,6,354,190,-8,105,45,112,83,52,-26,89
18,-10,59,39,-141,28,152,50,-79,34,436,224,56,147,33,203,56,40,-60,114
64,68,50,65,-156,31,160,101,-56,41,387,335,73,98,123,180,53,17,-119,101
20,-29,9,30,-152,56,131,133,-47,6,341,129,55,110,112,192,86,2,44,48
53,13,39,45,-176,63,106,39,-39,44,314,223,9,104,92,177,17,11,-47,66
4,-23,23,11,-157,61,167,65,-56,11,387,215,9,82,51,202,-10,12,-11,128
3,44,48,2,-114,35,181,103,-57,79,290,297,121,112,69,150,19,15,-48,79
-8,-7,32,36,-191,50,163,68,-57,-4,385,214,-7,124,74,137,53,28,-28,71
45,47,39,78,-147,52,126,92,-56,43,384,238,63,98,43,136,21,31,34,72
51,32,25,51,-167,60,187,112,-51,52,389,267,64,96,-10,149,42,-12,-74,65
53,34,30,16,-152,36,110,66,-55,-1,405,236,15,70,11,188,16,24,-107,59
32,-10,36,52,-154,68,178,7,-57,37,322,285,68,64,57,157,-1,5,38,80
24,31,19,51,-144,55,139,74,-46,21,376,298,-34,56,45,169,-2,16,-31,122
19,18,47,4,-183,30,161,66,-56,6,369,211,66,68,77,166,56,16,-77,11
4,1,29,-1,-155,37,157,94,-41,88,359,283,74,58,44,154,24,0,22,121
77,37,20,26,-130,25,201,79,-51,18,315,273,83,91,48,210,-26,35,-24,93
31,12,41,4,-163,13,125,65,-44,13,395,214,-5,95,104,161,42,15,-104,146
19,12,21,71,-139,57,174,74,-61,34,365,207,50,94,62,198,-31,29,-127,13
27,-1,27,2,-133,68,214,69,-44,34,371,193,44,118,55,145,-12,26,-93,57
49,34,10,-13,-172,56,204,83,-36,33,351,272,32,116,78,129,10,25,-67,66
-12,13,35,20,-150,34,157,14,-33,9,409,231,44,111,48,127,-6,42,-9,76
37,28,13,38,-125,15,114,57,-49,15,318,195,29,118,40,84,12,11,-41,126
38,-10,38,25,-162,50,208,49,-35,49,404,199,22,126,75,128,39,-12,45,125
-9,79,47,8,-186,49,135,119,-41,31,390,245,33,74,30,202,-23,29,-36,108
-2,2,59,14,-157,8,108,36,-57,23,402,203,15,99,57,174,31,13,-4,102
45,3,43,25,-142,8,131,84,-54,42,333,264,2,43,61,155,49,25,-5,103
67,17,39,9,-147,68,193,88,-44,15,373,296,22,71,71,99,-15,40,82,98
25,44,45,38,-149,-8,158,105,-47,10,350,250,73,114,83,176,42,35,4,37
6,6,30,39,-135,7,211,32,-20,-31,332,161,65,42,86,151,22,8,122,65
45,1,18,41,-138,35,155,75,-32,41,377,259,76,107,33,94,-39,9,17,56
26,-2,32,18,-169,1,214,77,-38,36,350,263,-7,41,69,96,-37,-5,22,129
1,67,19,15,-102,52,137,52,-43,46,324,216,47,70,34,121,-31,21,63,116
12,25,17,5,-167,27,176,32,-48,-19,327,290,77,75,8,163,-15,-10,-5,95
16,4,64,27,-123,41,232,86,-29,-6,292,221,65,88,86,131,9,15,65,129
-15,7,36,17,-102,-9,137,76,-54,5,396,263,69,78,76,115,-61,19,62,115
39,41,39,-5,-170,45,201,106,-41,-16,324,236,18,95,105,126,-6,7,21,95
28,12,49,36,-155,38,221,104,-55,-13,337,230,50,36,10,153,-15,23,14,104
23,46,44,30,-162,8,140,42,-21,-2,339,267,28,90,99,80,-2,18,100,100
-14,1,25,32,-141,-2,219,72,-48,17,359,296,6,48,97,171,-6,13,64,104
61,-11,31,6,-167,42,166,49,-37,44,337,257,4,70,34,116,-14,9,17,72
48,22,19,67,-144,5,157,55,-24,41,328,199,10,90,69,93,-36,18,96,71
26,58,31,60,-113,44,206,58,-25,-1,360,198,10,95,46,153,-2,14,56,112
-10,28,31,13,-109,35,183,28,-38,24,346,286,62,96,44,138,-20,9,55,83
-6,34,46,43,-146,27,151,44,-40,14,309,256,13,66,90,107,18,38,112,87
-1,22,32,56,-74,1,227,93,-28,8,328,249,30,86,55,130,26,18,3,94
58,12,50,12,-90,24,156,42,-38,51,333,215,82,38,34,77,-31,15,93,74
19,0,33,57,-117,-3,199,60,-43,28,387,283,29,55,47,128,-41,17,33,102
12,27,26,-10,-102,64,212,99,-13,8,327,250,56,63,81,134,-40,6,97,154
0,-6,31,20,-118,35,212,72,-30,4,322,236,27,58,51,139,-68,-3,60,109
63,45,18,46,-129,34,176,60,-48,-8,326,243,50,109,42,137,-63,11,35,93
46,-38,27,-12,-131,28,210,82,-10,4,322,308,63,108,45,104,10,26,127,81
59,59,7,11,-129,50,163,22,-25,25,329,235,83,103,128,154,-33,25,82,72
-4,33,20,22,-167,1,225,50,-9,45,325,222,75,49,75,146,31,0,54,58
36,-13,29,27,-133,36,192,66,-9,4,314,251,12,88,68,114,-18,11,61,88
-1,-9,26,6,-113,46,222,64,-36,3,345,293,62,42,55,113,-17,15,64,53
37,45,35,19,-82,70,153,90,-44,47,344,194,49,33,79,81,-61,2,10,65
35,20,40,42,-140,34,256,76,-27,13,276,172,19,39,68,93,13,20,43,144
13,41,28,47,-111,14,173,38,-22,23,318,210,52,56,96,146,52,16,-11,162
21,13,34,25,-137,57,152,61,-20,26,294,239,40,43,95,115,-19,6,69,156
-9,37,20,19,-109,0,210,89,-26,-19,292,245,45,87,32,71,-36,26,2,122
32,21,45,29,-82,17,244,55,-34,42,308,204,7,44,91,108,-48,19,76,64
20,20,58,37,-121,27,209,8,-36,-3,308,253,37,78,46,106,-27,13,25,56
27,11,39,15,-142,38,200,57,-28,5,351,191,86,54,67,115,-10,9,60,102
33,-18,41,23,-125,23,197,75,-28,-8,310,232,63,62,65,135,12,-8,87,125
23,33,50,-8,-106,16,204,40,-38,-6,294,223,90,97,106,116,16,16,52,136
44,-10,40,42,-106,15,175,62,-31,13,344,167,43,43,76,96,-24,16,62,171
25,35,28,45,-86,12,180,58,-27,1,309,180,78,78,53,129,-25,1,-4,111
32,48,27,27,-126,20,189,53,-16,3,315,223,10,54,57,127,-5,-4,59,143
22,24,58,24,-138,-4,196,65,-27,20,275,226,105,78,100,142,25,12,23,58
21,60,26,28,-117,32,195,8,-25,-3,339,277,28,57,68,87,-15,22,92,106
50,6,19,9,-133,4,226,55,-23,17,284,229,59,6,83,136,-22,32,24,144
9,44,36,35,-71,18,196,74,-19,24,315,224,82,51,40,136,-7,19,120,130
64,23,13,-14,-114,13,193,80,-13,31,261,203,29,48,38,62,-24,14,78,107
52,-3,35,36,-100,31,207,74,-12,5,320,171,72,66,18,114,13,14,78,127
16,-3,28,25,-110,17,201,56,-38,-18,307,201,64,80,70,112,-10,6,46,84
30,-9,6,14,-106,8,195,41,-20,2,278,199,38,78,61,66,-11,28,62,155
35,-24,17,12,-104,54,174,69,-22,12,302,192,37,24,53,88,5,16,2,114
-11,0,37,15,-89,41,204,42,-13,6,330,185,67,38,38,97,-15,30,85,105
34,7,30,-19,-82,21,220,40,-33,9,328,207,35,90,82,103,-28,0,4,98
31,13,24,14,-120,31,208,46,-18,17,272,242,39,80,73,65,-34,17,43,123
26,14,39,1,-86,19,200,55,-13,11,291,189,13,81,100,160,2,30,-23,127
54,27,25,-12,-79,20,213,29,-17,18,265,148,30,51,45,81,-3,-13,-21,128
23,17,38,72,-112,26,222,23,-8,24,318,273,18,32,98,68,13,20,61,150
15,12,25,30,-96,9,175,16,-29,-4,278,168,1,55,84,105,-7,18,38,123
-13,21,25,13,-110,49,236,31,-23,28,299,227,36,64,80,62,6,0,3,155
40,13,21,12,-100,26,210,78,-16,16,287,175,45,75,55,88,9,3,71,145
65,48,23,46,-76,2,183,37,-19,13,288,209,61,61,16,69,-2,4,82,98
40,11,13,5,-98,22,222,50,-26,19,298,228,-2,39,25,87,-16,2,67,123
36,30,44,-13,-86,41,221,63,-25,9,264,199,18,72,32,75,13,27,-7,117
25,17,35,-22,-102,22,168,52,-17,23,268,206,53,63,31,73,-31,13,55,98
-24,33,23,17,-87,6,191,69,-17,4,266,190,69,45,67,108,-32,3,44,121
-16,27,17,1,-120,15,146,40,-28,20,281,189,50,57,1,99,72,15,30,127
4,15,36,-18,-89,30,195,52,-9,7,286,263,33,53,39,94,-37,18,-39,125
12,19,20,47,-101,70,158,45,-10,9,257,185,66,105,67,84,-2,12,41,117
17,24,28,52,-46,47,208,40,-27,2,329,171,16,68,45,93,-1,23,120,161
45,29,35,22,-86,11,216,64,-14,12,303,145,53,91,93,161,-20,0,90,87
11,36,28,-27,-63,14,191,80,-13,19,259,180,35,59,51,65,-18,12,22,61
-8,30,33,21,-83,24,190,24,-1,24,252,206,45,75,24,45,-36,14,67,142
-3,29,9,15,-97,19,186,46,-26,16,309,159,18,39,42,118,-11,-5,50,128
21,23,30,49,-97,57,171,31,2,1,291,208,49,66,67,91,-26,13,-8,157
33,-5,21,-18,-92,43,242,41,-13,-1,226,232,12,86,33,64,-6,10,-1,142
37,17,20,43,-94,32,196,47,-16,6,281,153,60,66,52,82,28,11,-23,157
21,7,16,8,-96,24,169,45,-1,5,243,139,31,90,54,95,-9,4,22,120
29,43,28,-18,-67,10,194,35,-5,2,249,157,31,56,59,92,21,7,-40,91
21,31,18,15,-94,38,203,48,-17,5,265,193,39,57,86,82,-11,25,33,134
13,11,42,23,-81,25,200,52,-17,5,254,217,41,45,48,42,-11,6,44,119
31,45,23,-18,-88,38,216,50,-1,6,234,134,25,72,18,107,9,8,25,137
17,-1,39,5,-73,19,192,44,-7,27,276,189,89,44,70,62,35,9,74,145
33,21,34,18,-67,32,177,38,-15,5,240,167,35,52,77,99,1,2,42,121
30,19,24,-17,-98,7,210,41,-15,2,238,185,11,46,51,84,-21,5,16,134
61,19,23,8,-80,31,173,46,-10,13,252,213,30,47,58,61,-6,2,12,113
-6,39,18,-18,-83,21,219,29,-5,22,249,183,80,40,58,83,-6,2,35,132
24,-6,13,-4,-71,17,175,45,-24,21,214,187,62,31,83,25,-35,10,55,149
17,0,1,-1,-51,6,183,60,-9,10,237,169,42,53,89,87,-1,-2,38,115
-4,35,31,23,-94,1,194,51,-8,18,256,174,44,45,57,65,-40,8,34,121
19,-18,16,-9,-61,29,167,11,-26,11,242,195,25,26,44,59,-25,10,-10,86
39,9,14,-17,-84,21,207,11,-9,-9,212,196,43,61,90,71,19,17,-7,96
33,-24,16,27,-115,30,196,19,-6,4,226,145,15,66,42,33,8,-5,-3,126
24,2,24,5,-94,25,190,9,-3,13,243,168,24,52,53,64,-41,0,68,61
0,0,12,-2,-90,29,148,12,-11,5,233,156,30,93,81,48,-48,5,64,104
-14,22,18,29,-89,16,187,24,-4,8,260,234,50,38,77,84,6,4,68,146
-8,18,8,6,-87,15,215,28,-11,-4,222,177,25,83,94,64,-45,18,29,218
47,15,13,-14,-85,15,211,18,-4,1,212,210,9,51,65,66,-21,3,-2,149
14,-25,13,-10,-74,14,174,6,-8,5,174,166,11,75,49,64,2,17,24,109
-2,42,15,8,-97,28,175,28,3,6,229,134,21,40,33,1,-21,11,60,89
26,-2,15,-21,-104,10,221,38,-8,16,198,131,18,41,61,25,-22,6,-12,124
28,19,6,2,-92,17,139,34,-4,18,204,145,26,68,91,58,-12,9,19,86
22,-7,8,22,-67,8,179,42,0,-4,232,133,7,47,48,38,-49,18,26,139
36,43,-2,16,-46,33,196,32,4,-13,216,116,16,55,50,72,-9,12,9,70
50,-1,16,2,-89,19,191,29,1,4,207,151,12,78,47,91,-17,0,62,98
-9,-8,-2,-16,-95,53,184,44,-8,10,233,185,42,61,56,60,22,22,39,87
45,37,13,31,-79,22,194,31,-5,11,195,131,51,45,57,86,-19,27,14,116
56,24,13,-2,-64,4,205,37,2,9,207,150,23,51,58,55,-23,-4,-38,101
20,14,6,24,-60,24,187,21,-14,-2,171,154,21,50,41,49,-24,9,10,125
23,5,12,-16,-69,27,174,32,-16,9,198,118,30,66,63,25,-8,7,20,85
8,0,11,3,-56,38,178,14,5,25,204,128,27,60,56,64,-1,2,14,126
12,51,2,57,-50,29,183,17,3,12,213,141,23,33,27,73,-1,26,25,130
7,27,24,0,-102,13,172,17,0,5,177,121,24,40,32,83,-31,15,25,150
9,-4,7,8,-62,13,194,33,-13,21,193,119,54,53,53,84,-2,4,29,97
12,25,12,14,-74,19,168,20,-8,-4,181,170,3,57,27,61,1,9,40,100
19,4,11,-12,-72,8,178,18,0,1,209,231,18,6,45,42,-4,10,-62,117
3,20,5,45,-57,-4,193,9,1,17,170,155,38,67,27,56,-22,12,1,109
12,18,5,37,-55,-6,169,20,-9,3,193,154,4,67,-4,29,-16,17,-8,109
21,-12,12,23,-82,5,173,13,-4,2,183,113,29,51,14,44,0,8,36,80
24,22,2,-5,-74,33,132,20,-8,8,165,152,18,58,32,66,9,7,8,98
40,31,10,17,-56,24,210,13,3,6,185,113,16,78,36,55,-12,3,16,114
39,40,11,6,-75,30,207,28,-3,3,183,123,20,36,55,75,-10,7,47,101
28,14,-3,-9,-74,17,183,21,-3,6,173,107,17,46,45,55,0,3,0,97
7,3,8,-11,-72,18,196,19,-1,6,163,141,21,48,53,39,-31,12,6,116
19,27,7,29,-66,29,190,24,-3,-3,176,123,34,76,45,47,27,5,78,57
26,13,1,-2,-35,8,166,27,-7,11,194,157,12,48,51,55,3,7,-30,113
29,27,6,26,-67,25,180,22,0,8,170,127,5,32,76,43,-20,4,-2,77
4,36,-1,-6,-41,13,149,12,10,6,190,151,12,53,26,82,18,11,-11,118
45,28,9,38,-51,14,169,22,-3,5,188,146,11,48,34,35,-42,12,35,110
28,14,4,-1,-73,22,167,15,-5,-6,186,137,20,30,24,22,-42,5,10,113
-9,17,1,-10,-83,16,153,0,1,14,149,151,1,52,31,69,-15,22,-10,93
0,8,-4,20,-65,12,163,0,-3,18,175,96,8,29,22,69,4,10,-34,97
13,23,-11,19,-51,13,182,29,-7,15,166,140,9,48,16,59,-9,5,66,113
15,24,4,-19,-34,20,151,8,1,13,131,117,24,70,58,33,17,16,69,109
6,14,8,21,-62,12,176,9,-8,16,164,140,5,29,18,42,-23,8,-18,102
15,6,3,9,-58,9,178,6,-4,12,167,88,18,26,46,54,-35,19,56,30
44,6,-2,14,-62,6,143,3,-4,8,164,108,9,19,33,73,-17,5,21,99
16,20,7,24,-56,19,141,27,1,8,145,120,9,60,35,21,4,8,26,53
27,22,12,11,-68,7,168,24,-4,6,175,121,9,42,42,10,-11,21,27,62
16,28,-3,-10,-67,32,141,10,0,4,171,115,6,55,67,44,-12,0,24,128
4,29,-6,14,-40,13,154,30,-1,14,137,69,20,30,42,53,-19,6,15,91
8,14,4,2,-50,20,130,-3,-4,16,128,148,13,46,23,39,-11,14,-17,109
6,34,-6,15,-44,7,177,4,4,16,156,114,3,53,28,43,-24,14,53,75
-1,34,0,-6,-72,11,138,17,3,13,155,143,30,39,35,37,-35,16,48,83
33,36,1,30,-52,6,144,19,8,12,158,130,24,22,29,60,12,6,25,84
11,6,-1,-19,-53,9,137,-3,-4,13,143,84,5,37,39,77,-31,17,34,50
9,15,6,8,-47,5,160,5,-4,15,125,91,16,33,35,84,5,11,43,110
26,23,6,6,-51,20,161,1,0,4,133,133,8,31,52,41,-11,9,40,100
26,10,2,9,-50,3,181,8,1,6,143,95,11,34,44,29,-29,11,58,106
2,26,-5,28,-42,-1,159,22,0,2,126,158,-1,47,44,60,-25,10,1,83
10,8,3,8,-53,18,152,14,-1,8,141,71,14,31,45,83,-3,19,5,98
-6,33,3,16,-65,13,148,-2,-5,8,156,139,12,41,50,70,-6,11,-1,77
9,24,0,2,-45,14,166,4,1,2,130,108,20,50,38,45,14,9,0,53
4,17,-1,-24,-47,31,105,15,6,5,133,96,0,16,24,75,-36,8,47,90
18,7,2,0,-48,11,156,7,-8,0,118,76,0,40,19,31,4,5,12,73
7,5,0,13,-62,13,157,1,3,5,136,85,-5,18,22,67,-6,10,43,113
29,19,14,4,-33,17,135,-1,-9,5,107,97,21,36,39,1,-45,15,11,96
17,13,0,4,-39,13,155,1,-3,-5,121,84,2,43,22,49,-18,15,26,62
4,15,0,-3,-43,10,160,20,-4,9,139,102,2,35,64,48,-45,15,-4,71
-4,36,8,-2,-48,9,164,10,-11,1,111,105,19,41,27,17,-26,17,55,71
15,29,8,14,-46,23,129,19,1,9,122,95,-4,34,34,42,-7,3,25,95
19,29,7,27,-46,9,170,24,3,10,122,110,3,48,24,50,-7,13,9,71
-2,14,8,-10,-61,21,124,-11,2,6,140,81,30,22,28,55,-20,0,33,55
26,28,1,5,-24,8,155,5,0,13,132,105,7,25,50,46,10,7,27,86
12,22,4,13,-27,9,130,6,-4,3,91,108,-9,39,36,22,-29,13,80,91
-3,1,2,-12,-43,10,149,4,-2,6,137,46,-6,39,32,52,-20,-1,9,73
22,23,4,6,-51,14,162,3,0,11,111,119,13,18,36,64,-22,19,2,85
-3,4,0,-10,-42,11,139,7,-2,5,129,83,15,43,33,28,7,13,6,84
24,29,9,10,-47,23,144,1,-13,8,98,85,13,41,21,33,-3,12,10,107
14,12,6,9,-43,13,140,9,-5,0,129,73,54,6,47,31,-23,12,-11,64
11,33,0,12,-41,-5,146,13,6,14,110,53,-13,18,33,11,-21,13,19,64
6,15,2,4,-48,9,118,-1,-9,9,100,98,-3,33,34,41,-13,12,6,106
23,30,3,29,-60,15,141,5,-2,17,114,119,5,40,19,44,-18,11,27,66
1,18,4,-6,-36,14,141,14,-1,-5,137,63,27,37,45,26,1,17,30,71
-1,-7,8,-17,-37,18,180,3,4,8,93,86,14,22,41,30,3,18,6,69
4,35,1,0,-33,6,154,7,-5,7,113,54,11,26,15,29,-24,7,3,78
23,2,-1,6,-31,0,146,-6,-1,6,128,68,3,40,39,34,-9,17,-1,85
0,29,-1,11,-51,15,138,8,-9,6,107,55,12,39,34,38,-19,25,8,85
16,16,1,20,-40,14,149,8,-4,2,116,66,-11,23,6,34,14,20,20,83
17,10,1,-1,-37,18,143,2,3,8,116,102,-1,31,10,39,-18,1,9,60
2,15,3,-4,-39,4,146,7,-1,13,133,69,21,31,39,33,-40,19,-2,62
12,21,0,-6,-53,4,161,9,-3,-4,113,87,-23,40,31,59,-23,18,10,67
19,28,4,18,-34,0,139,5,3,7,101,57,3,31,32,57,11,17,-4,85
-2,2,4,8,-45,4,154,9,0,11,102,98,24,30,37,6,-29,24,10,83
1,-4,6,12,-57,24,152,0,1,5,102,88,0,33,5,22,18,12,1,90
14,21,7,8,-45,19,138,5,1,12,103,76,-8,45,48,34,-5,22,-6,65
-1,20,4,6,-47,25,155,10,-7,1,111,77,7,28,28,35,-8,13,16,55
18,24,1,4,-30,4,128,-3,0,13,98,84,2,29,24,44,-5,21,5,55
2,12,7,10,-36,12,135,3,-4,12,91,116,12,23,12,33,-13,21,12,79
-7,21,4,-18,-37,1,124,5,-2,14,95,71,16,43,20,26,-13,20,-12,42
13,21,1,-11,-35,18,136,4,-7,12,91,85,5,29,16,49,3,35,-11,39
-1,29,1,15,-29,17,111,7,4,9,101,45,15,19,26,36,2,21,-4,85
3,33,1,10,-23,3,122,3,0,8,106,86,5,22,36,50,16,16,-9,65
9,14,3,13,-32,11,133,-3,-1,12,88,88,10,13,35,48,-40,23,21,67
-8,9,0,1,-39,-3,118,6,-4,11,93,85,12,46,22,23,26,19,9,45
17,15,-6,-10,-32,-4,121,1,-5,28,88,98,9,28,15,40,-5,34,27,40
17,11,1,11,-25,0,137,5,1,1,114,55,5,29,20,19,-28,33,-26,71
12,3,7,-5,-29,1,164,7,-1,15,100,99,21,23,47,29,-2,23,15,76
12,19,6,0,-25,15,146,-5,3,9,82,69,1,24,19,36,-3,25,26,61
0,23,-3,8,-32,13,108,0,-2,11,72,56,12,41,21,53,-2,21,-40,35
7,9,2,-2,-30,13,131,3,-1,18,79,101,-3,26,34,25,-13,25,-3,51
-1,2,6,12,-32,-1,136,4,-4,0,71,73,14,36,39,12,18,26,12,46
10,26,2,-7,-23,6,99,2,-6,5,77,111,6,27,11,31,5,31,35,69
-6,15,3,-5,-34,0,107,2,-1,17,101,50,3,31,36,49,6,20,17,62
12,16,5,5,-32,10,102,2,-4,11,68,58,14,28,32,54,-8,28,-7,50
13,2,7,-5,-35,12,121,3,5,8,64,81,-1,33,22,23,-4,35,20,49
4,-7,0,-15,-34,6,132,6,1,17,149,101,9,15,58,51,-29,52,-40,137
