48286,1.789e+05,5.4512e+05,1.1092e+06,8.866e+05,5.6151e+05,3.3171e+05,1.9272e+05,1.1678e+05,83500,77730,93652,1.3919e+05,2.1689e+05,2.8e+05,2.7973e+05,2.2337e+05,1.6042e+05,1.2057e+05,1.0234e+05,95423,91832,86875,80755,72932,65732,58627,51748,46262,41311,36961,32776,29931,27425,25348,23299,22070,20629,19402,18501,17610,17112,16151,15624,15111,14269,13970,13534,13231,12586,12322,12099,11562,11257,10999,10556,10500,10123,10129,9724,9656,9211,9196,9013,8978,8810,8596,8343,8376,8160,7963,7947,7966,7845,7750,7669,7714,7581,7561,7446,7472,7405,7302,7353,7247,7179,7105,7117,7151,6950,7025,7016,7121,7064,7227,7077,7331,7241,7303,6257,7481,7629,7608,7745,7747,8169,8379,8504,8770,8928,9513,9482,10086,10197,10287,10322,10216,10204,10125,10056,9989,10163,10583,12620,19211,38733,83946,1.6983e+05,3.0197e+05,4.574e+05,6.0264e+05,6.9578e+05,7.1137e+05,6.6214e+05,5.7448e+05,4.7428e+05,3.824e+05,3.1052e+05,2.58e+05,2.2202e+05,1.9918e+05,1.8541e+05,1.7849e+05,1.7617e+05,1.772e+05,1.8223e+05,1.8966e+05,2.0164e+05,2.1751e+05,2.3973e+05,2.6821e+05,3.0249e+05,3.3947e+05,3.7538e+05,4.0419e+05,4.2347e+05,4.2859e+05,4.111e+05,3.7358e+05,3.1795e+05,2.5803e+05,2.0082e+05,1.5195e+05,1.1223e+05,83878,64367,51356,42724,36956,34090,32499,32426,33276,35757,38797,42517,44793,47390,47000,45024,40449,34116,26994,20696,15296,11436,9148,7492,6766,6185,5885,5796,5516,5177,5069,4788,4597,4396,4264,3557,4015,3971,3820,3439,3445,3317,3234,3160,3014,2910,2794,2793,2707,2551,2477,2406,2332,2262,2223,2162,2052,2027,2135,1847,1884,1858,1791,1716,1696,1692,1647,1506,1543,1534,1466,1352,1381,1315,1355,1300,1187,1218,1201,1189,1149,1091,1082,1011,1046,1000,935,935,916,893,880,845,842,822,786,763,723,697,683,685,653,635,584,583,583,593,550,515,533,504,497,491,492,448,492,482,437,413,457,425,422,413,378,427,383,372,362,374,382,352,302,294,259,259,228,188,173,157,138,136,118,98,110,108,80,81,86,93,83,78,73,76,74,76,64,72,68,72,51,57,69,59,70,55,65,51,48,40,39,44,60,48,61,50,45,45,50,53,55,50,41,44,43,42,47,35,42,38,29,42,33,47,37,38,29,34,45,33,38,33,33,27,41,39,22,33,31,29,36,40,30,25,33,28,20,27,32,32,25,31,32,28,28,22,13,22,17,14,14,22,22,20,12,18,15,15,9,14,13,9,18,14,7,10,3,7,5,6,7,7,4,2,4,5,2,5,4,5,3,3,0,3,3,3,2,3,0,1,1,1,2,1,0,1,0,2,0,0,0,0,1,0,1,0,0,1,0,0,0,0,0,0,1,0,0,0,0,0,0,1,0,0,0,0,0,0,0,0,0,0,0,0,0,0,1,0,0,0,0,0,0,1,0,0,0,0,0,0,0,0,0,0,0,0,0,1
4.7312e+05,7.8186e+05,1.6189e+06,1.3852e+06,7.8431e+05,4.9664e+05,2.9265e+05,2.2615e+05,2.0031e+05,2.0024e+05,2.5184e+05,2.7752e+05,3.5641e+05,4.2507e+05,4.3942e+05,4.3517e+05,3.0955e+05,2.4722e+05,2.1124e+05,1.9645e+05,1.9522e+05,2.2543e+05,2.0356e+05,2.0236e+05,1.9664e+05,1.8706e+05,1.9509e+05,1.5775e+05,1.428e+05,1.2632e+05,1.1219e+05,1.0955e+05,84095,73484,63916,57024,56008,44210,39674,36268,33114,30684,31555,26073,24688,23063,22111,23517,19792,19104,18662,17840,19770,16954,16273,16159,15741,17204,14960,14840,14608,14132,14129,15689,13676,13693,13600,13573,15157,13469,13150,13421,13141,14823,13190,13161,13120,13231,15043,13103,13121,13366,13215,13113,14651,13175,13281,13336,13706,15750,14076,14408,14734,14978,17086,15588,15707,15561,15942,16061,18996,19451,25668,39528,67780,1.4158e+05,2.2374e+05,3.5994e+05,5.2932e+05,7.0517e+05,9.5111e+05,8.9381e+05,8.4666e+05,7.4167e+05,6.1441e+05,5.4803e+05,3.8234e+05,3.0966e+05,2.5774e+05,2.2461e+05,2.0484e+05,2.1958e+05,1.9414e+05,2.0016e+05,2.1268e+05,2.3136e+05,2.9094e+05,2.912e+05,3.261e+05,3.6086e+05,3.9074e+05,4.607e+05,4.0877e+05,3.9541e+05,3.7179e+05,3.4874e+05,3.648e+05,2.9958e+05,2.7485e+05,2.4448e+05,2.054e+05,1.66e+05,1.4138e+05,94639,74183,61324,52966,52785,42247,39048,37086,35566,38972,33679,33472,33059,32155,35199,29141,26715,23925,20812,17708,17003,12874,11240,10013,9133,9618,8087,7485,7284,6900,7325,6326,6098,5704,5370,5726,5104,4769,4475,4342,4145,4540,3786,3598,3388,3159,3593,3014,2885,2794,2686,2798,2452,2284,2211,2127,2161,2162,1866,1785,1798,1721,1825,1545,1535,1501,1411,1484,1273,1200,1197,1149,1226,967,943,945,923,869,883,716,722,741,685,704,642,621,538,513,587,490,482,450,458,515,414,388,402,404,381,398,335,329,332,297,348,305,282,280,283,362,290,282,248,251,281,256,258,215,193,194,219,164,195,157,150,144,132,119,121,116,103,85,78,65,66,58,66,63,52,42,47,37,29,27,24,30,29,28,31,16,11,22,22,23,18,12,16,15,17,16,13,18,16,13,11,2,12,13,16,9,7,21,19,9,13,16,11,11,7,10,12,13,8,6,10,5,6,6,6,12,7,3,13,5,8,8,8,18,6,10,8,7,10,9,14,7,11,9,13,19,21,11,20,18,21,25,26,22,22,18,23,25,21,23,15,22,18,18,17,11,22,9,18,14,14,13,11,8,9,4,5,5,2,1,1,3,1,0,1,0,0,0,1,1,0,0,1,0,0,0,0,0,0,0,1,1,0,0,0,1,0,0,0,0,0,2,0,0,0,0,0,1,0,0,0,0,0,1,0,0,0,0,0,0,0,0,0,0,0,0,0,0,0,0,0,0,0,1,0,0,0,0,0,0,0,0,0,0,0,0,0,0,0,0,0,0,0,0,0,0,0,0,0,0,0,0,0,0,0,0,0,0,0,0,0,0,0,0,0,0,0,0,0,0,0,0,3
10679,35800,1.3093e+05,3.9314e+05,6.6302e+05,1.0822e+06,9.699e+05,6.5063e+05,3.6202e+05,3.0771e+05,2.3597e+05,2.0812e+05,2.0311e+05,1.6578e+05,1.8489e+05,1.6887e+05,1.7862e+05,2.0316e+05,3.6338e+05,4.6031e+05,4.3224e+05,2.6885e+05,2.1322e+05,1.404e+05,1.0903e+05,96952,76475,86894,81460,75052,57842,62488,55799,49633,37256,40079,36158,32496,29311,22410,24747,22665,21060,16445,18281,17355,16425,13102,15114,14258,13635,12986,10375,11807,11564,11295,9265,10646,10571,10040,8206,9594,9335,9199,8866,7415,8576,8704,8459,6880,8296,8145,8044,6544,7789,7799,7658,7757,6336,7534,7633,7366,6209,7385,7429,7358,6115,7117,7130,7122,7162,5859,6895,7064,7000,5646,6709,6776,6891,5675,6631,6823,6695,6744,5482,6607,6531,6438,5245,6366,6447,6419,6241,5311,6228,6337,6127,5113,6263,6279,6136,5118,6241,6106,6256,6286,5278,6382,6380,6319,5395,6598,6562,6644,5458,6691,6803,6848,7047,5964,7168,7124,7168,6078,7172,7511,7574,6202,7610,7623,7738,7967,6712,8349,9133,11264,13813,28939,55150,1.0148e+05,1.3144e+05,2.1993e+05,2.7528e+05,3.0698e+05,3.1248e+05,2.4867e+05,2.7439e+05,2.4362e+05,2.1432e+05,1.5645e+05,1.6782e+05,1.4824e+05,1.3438e+05,1.0471e+05,1.1952e+05,1.1632e+05,1.1516e+05,1.1798e+05,1.025e+05,1.2991e+05,1.4214e+05,1.608e+05,1.5248e+05,2.1193e+05,2.4735e+05,2.8952e+05,2.7167e+05,3.5865e+05,3.8315e+05,3.9614e+05,3.9949e+05,3.2678e+05,3.7481e+05,3.3966e+05,2.9069e+05,2.0024e+05,1.9113e+05,1.4554e+05,1.1165e+05,75451,75869,64754,56730,50368,37515,40830,37931,35937,29936,36409,37743,39993,42556,37246,45410,44709,41677,30930,31259,24863,19050,12827,12262,10434,9258,8323,6796,7616,7356,6937,5562,6471,6229,6071,4933,5850,5596,5438,5156,4263,4998,4842,4661,3724,4385,4262,4145,3234,3712,3808,3632,3476,2771,3318,3265,3030,2522,2816,2851,2706,2298,2613,2388,2465,2302,1927,2191,2090,2080,1728,2007,1992,1829,1586,1857,1713,1723,1624,1352,1575,1531,1454,1223,1410,1366,1318,1111,1224,1244,1190,1205,976,1093,1065,1030,812,970,968,972,923,759,852,830,836,654,785,748,762,568,687,632,674,655,498,601,590,584,486,585,564,537,410,488,489,469,440,370,442,401,423,347,400,361,379,309,338,344,326,333,231,322,318,313,251,282,289,254,210,251,249,252,259,176,242,215,245,174,233,214,214,156,207,173,195,176,161,203,172,189,146,183,186,182,133,145,171,151,152,98,122,129,121,81,76,69,55,51,65,51,49,39,31,28,34,25,22,26,27,17,18,20,20,19,20,19,24,36,33,19,17,16,32,28,26,30,31,40,46,35,48,44,46,41,58,51,49,38,51,52,50,43,47,55,41,42,47,47,26,30,45,37,38,33,24,51,37,31,28,43,40,39,36,21,30,26,31,18,26,29,28,21,20,27,22,18,10,14,14,19,8,9,16,6,11,9,9,10,6,3,6,7,2,3,3,2,3,3,2,3,3,2,1,2,2,0,0,1,1,0,1
1.0391e+05,6.2569e+05,2.5582e+06,2.1159e+06,8.9868e+05,5.0106e+05,3.1522e+05,2.9972e+05,3.1239e+05,3.2964e+05,3.6965e+05,2.9984e+05,3.2131e+05,4.6952e+05,5.945e+05,5.5608e+05,2.968e+05,1.6758e+05,1.0289e+05,73431,58122,54559,42277,40548,42829,50094,73486,84881,1.0162e+05,1.1331e+05,1.1707e+05,1.2867e+05,1.094e+05,1.0312e+05,97519,91768,97336,81444,77933,74301,70848,67885,72043,61110,58085,54835,51693,54389,45430,42405,39498,37221,39177,32876,31224,29897,28131,30305,25736,24436,23955,23131,22296,24340,21255,20618,20001,19773,21593,18742,18588,18335,18004,20193,17392,16982,16695,16458,18274,15972,15704,15403,15090,14939,16716,14625,14498,14444,14244,16212,14387,14460,14609,14887,16586,14801,14737,14723,14821,15058,16815,14905,14884,15074,15049,16997,14738,14982,15343,15567,17817,17946,22469,32180,47439,78324,95374,1.1889e+05,1.3631e+05,1.4439e+05,1.4908e+05,1.748e+05,1.641e+05,1.7496e+05,1.8829e+05,2.0453e+05,2.5628e+05,2.6318e+05,3.1814e+05,3.9872e+05,4.9343e+05,6.3489e+05,5.7424e+05,5.3351e+05,4.9038e+05,4.7073e+05,5.4068e+05,4.9697e+05,4.9536e+05,4.4822e+05,3.4545e+05,2.1759e+05,1.3089e+05,63757,44586,38839,36799,41588,37528,37311,36803,35268,36577,30015,27065,25036,23673,25019,20960,20197,19124,18341,17346,18216,15495,14328,13641,13224,13892,11930,11278,10650,10141,10810,9148,8809,8390,7929,8380,7164,6877,6726,6319,5972,6567,5591,5317,4925,4800,5163,4434,4345,4009,3744,4129,3506,3294,3227,3064,2882,3084,2693,2601,2408,2271,2436,2074,1937,1999,1771,1984,1740,1558,1478,1468,1531,1280,1139,1163,1146,1023,1174,975,945,861,831,885,779,688,614,610,708,581,600,525,460,575,433,430,443,400,398,408,316,357,320,337,352,296,301,241,230,284,220,229,210,164,200,183,185,185,152,177,166,157,124,139,127,137,141,107,99,121,121,111,95,103,100,136,117,97,87,97,87,99,75,48,60,47,49,23,25,25,12,5,5,4,4,2,2,1,0,0,0,1,0,2,1,1,0,0,0,0,0,2,1,3,1,1,0,2,1,1,0,0,1,0,2,3,2,0,0,2,1,2,1,0,1,0,0,0,3,2,0,1,2,0,0,2,3,1,0,2,1,1,1,1,1,2,0,0,0,0,0,1,2,1,1,0,1,1,4,0,0,3,2,2,2,0,0,1,1,0,1,0,0,0,2,3,0,2,1,1,2,1,1,0,2,0,2,2,0,0,0,1,0,1,1,1,2,0,0,0,1,0,1,1,0,2,0,0,2,0,1,0,0,2,0,0,0,0,2,1,0,0,0,1,1,1,1,0,1,1,0,0,1,2,0,0,3,1,0,2,2,0,1,0,2,1,0,0,0,1,2,1,0,0,1,2,1,0,0,0,0,4,0,2,0,2,0,1,0,0,2,3,1,0,0,0,0,0,0,0,0,1,2,1,3,0,119
12624,29183,1.0674e+05,2.2625e+05,5.5586e+05,6.2267e+05,6.7253e+05,4.2696e+05,3.2128e+05,2.7702e+05,1.6445e+05,1.5288e+05,1.1429e+05,1.4176e+05,1.2673e+05,1.6447e+05,1.5667e+05,1.9351e+05,3.0447e+05,3.0974e+05,3.7779e+05,2.6719e+05,2.3588e+05,1.3395e+05,95498,84614,57072,58587,42835,45460,33361,35252,25710,23536,26320,20963,23903,19534,23443,19564,23745,20366,20541,25045,21475,26073,21980,26831,22288,22376,25802,20822,23930,18791,21304,16666,18918,14978,14292,16150,12949,14840,11982,13767,11218,12990,10369,10000,11603,9442,11008,8977,10526,8487,8315,9932,8127,9631,7567,9107,7429,8783,7407,7164,8513,6662,8242,6646,7999,6549,7747,6422,6415,7430,6300,7684,5989,7224,6073,6102,7303,6011,7262,6140,7300,6195,7304,6280,6154,7331,6068,7508,6142,7154,5999,7221,6030,5837,7051,5957,7179,5866,7168,5792,5851,7181,5927,7182,5846,7068,5780,7093,5833,5813,7238,5889,7120,5935,6875,5704,6700,5542,5556,6408,5248,6141,5165,6138,4933,6120,5064,5225,6441,5302,6405,5565,6949,6299,7206,11058,13588,26854,40017,89795,1.3357e+05,2.7087e+05,3.5044e+05,4.7451e+05,7.0951e+05,6.5407e+05,7.7544e+05,5.849e+05,5.956e+05,4.0175e+05,3.8175e+05,2.5168e+05,2.0683e+05,2.0557e+05,1.4688e+05,1.5612e+05,1.1939e+05,1.3346e+05,1.0596e+05,1.037e+05,1.211e+05,1e+05,1.2111e+05,1.0255e+05,1.2579e+05,1.0842e+05,1.3612e+05,1.2016e+05,1.259e+05,1.6206e+05,1.4449e+05,1.8537e+05,1.6693e+05,2.1694e+05,1.9637e+05,2.1054e+05,2.7202e+05,2.3992e+05,2.9389e+05,2.3935e+05,2.6837e+05,2.0058e+05,2.0387e+05,1.3866e+05,1.1306e+05,1.0809e+05,71168,68884,47236,48122,34549,36669,27119,25088,27469,21082,23482,18432,21374,17468,16968,20322,16856,20900,17813,22340,19837,25310,22830,24461,31038,27474,33599,27994,32693,25428,27554,20239,17542,18213,12594,13020,9553,10526,7752,7086,8056,6198,6746,5141,5724,4544,4830,3632,3417,3727,2876,3186,2534,2857,2310,2666,2123,2059,2332,1909,2416,1900,2204,1769,1711,2046,1640,1999,1620,1768,1526,1759,1463,1415,1671,1318,1560,1315,1523,1274,1450,1096,1153,1346,1113,1326,1097,1240,1024,1217,1002,972,1090,954,1113,818,1004,877,859,925,822,898,765,915,737,894,723,752,848,682,803,628,779,677,723,645,633,685,623,702,567,657,526,544,654,469,553,480,562,457,539,460,396,490,395,463,382,439,350,447,334,309,357,301,342,311,342,263,254,314,264,308,239,285,219,277,205,209,267,193,233,162,215,183,200,164,172,204,161,180,150,178,112,127,166,129,166,132,164,109,135,113,104,116,67,99,78,105,82,63,95,70,78,54,54,29,43,28,30,33,27,23,16,21,19,29,10,12,17,16,10,14,18,17,17,17,14,15,16,25,17,20,20,14,26,16,19,17,15,10,13,9,9,12,14,9,9,8,3,8,8,1,1,5,2,1,1,4,3,1,2,4,2,1,1,3,3,0,2,4,0,3,0,0,1,1,3,0,4,1,0,2,2,1,2,0,1,1,0,1,0,0,0,0,0,2,0,0,0,1
3.5165e+06,11388,53769,2.6361e+05,5.747e+05,8.9358e+05,7.1228e+05,4.5445e+05,1.8289e+05,98635,98355,1.4217e+05,1.7914e+05,2.8943e+05,4.1796e+05,2.982e+05,2.2301e+05,1.2571e+05,1.0238e+05,63739,43352,42980,39859,27326,31507,34649,26340,32396,26058,32720,27583,19266,22265,21396,14843,17983,13153,17753,16298,11859,16471,15771,11319,15414,15860,11137,15296,11020,15516,14749,10492,14584,14088,9969,13331,13466,9189,12467,8652,11934,11352,7959,10837,10273,7052,9594,9771,6696,8703,6384,8770,8258,5967,7707,7927,5401,7225,7313,5098,6723,4923,6814,6343,4767,6260,6508,4508,6092,6032,4399,5875,4165,6152,5687,4285,5478,5710,4027,5297,4008,5641,5202,3949,5531,5214,3913,5112,5254,3824,5056,3748,5193,4791,3640,5254,4856,3721,4811,5099,3599,4729,3527,4934,4728,3621,4961,4488,3547,4591,4858,3564,4523,3597,4982,4631,3522,4573,4931,3570,4623,4882,3457,4636,3526,4969,4709,3563,4816,5169,3631,4862,5168,3553,4801,3527,4837,4436,3127,4272,4462,3067,4387,4541,3281,4590,3521,5093,5288,4140,6502,10096,11641,28588,35045,77335,1.0843e+05,96385,1.5304e+05,1.5303e+05,1.1054e+05,1.4256e+05,1.3389e+05,83952,1.0653e+05,68377,92130,83308,55519,78378,74290,50970,71627,73068,50313,72738,52066,78625,80360,58446,89225,98556,73283,1.1525e+05,1.3198e+05,98811,1.4855e+05,1.0472e+05,1.4236e+05,1.2086e+05,74877,90722,83833,58201,83739,99674,84656,1.2928e+05,1.2057e+05,1.8672e+05,1.8113e+05,1.4605e+05,1.5736e+05,1.4058e+05,83227,87007,82178,58201,77070,59494,81154,70876,48780,53706,45678,26987,28550,18582,22295,19174,13544,18891,18082,14234,20500,23779,18642,27237,22195,31687,29607,22106,26914,20530,13049,13033,10663,6016,6775,4112,5274,4718,2991,4223,4067,2638,3749,3631,2346,3400,2309,3143,3248,2116,3134,2953,1906,2806,2729,1785,2637,1742,2446,2425,1542,2239,2238,1474,2124,2064,1357,1988,1311,1869,1752,1243,1673,1735,1104,1622,1623,1026,1545,1026,1492,1496,928,1454,1382,962,1327,902,1327,1257,915,1254,1284,804,1174,1245,816,1164,760,1128,1071,749,1081,1048,683,1033,997,640,958,660,922,897,612,929,878,552,840,808,584,812,564,773,788,545,794,745,496,700,725,494,722,461,688,701,421,655,601,397,596,653,394,569,387,588,578,373,532,531,363,546,391,506,523,357,485,475,311,488,462,322,420,274,397,383,268,399,359,238,374,356,257,379,229,337,329,208,318,308,201,286,308,190,271,194,254,257,178,262,239,163,204,202,145,213,133,180,162,112,176,172,108,146,142,88,126,86,121,106,67,91,92,55,79,54,79,88,38,70,65,20,41,42,25,39,26,28,26,15,18,12,9,21,15,13,14,5,4,5,3,8,10,3,6,2,0,1,0,2,6,0,2,2,1,1,3,1,1,0,3,1,1,2,2,0,2,1,1,0,0,1,0,0,0,0,0,0,1
27472,42562,1.3868e+05,2.742e+05,5.3978e+05,1.1688e+06,1.1551e+06,1.2964e+06,7.7083e+05,5.1168e+05,4.1537e+05,1.9939e+05,1.6009e+05,1.1126e+05,1.0488e+05,1.6353e+05,1.5833e+05,2.3902e+05,2.349e+05,2.394e+05,2.8566e+05,1.7598e+05,1.5934e+05,1.0799e+05,89247,1.0269e+05,65624,64955,54134,49822,63391,39443,38308,32311,29761,38686,24182,24347,21305,19858,26495,17093,16954,15174,14887,20838,13918,14241,13642,13335,19269,13256,14221,13575,13902,20488,14187,14872,14361,14241,20443,14264,14555,13929,13824,20168,13676,13994,13617,13434,19729,13562,13853,13225,12846,18967,12934,12661,12167,12147,17344,11609,11840,11122,11025,15368,10490,10614,10039,9860,14224,9298,9335,8881,8729,12750,8415,8685,8348,8070,11739,7983,8225,7743,7719,11052,7430,7695,7431,7303,10550,7112,7477,6880,6758,9893,6556,6779,6419,6325,9080,6126,6348,6101,5938,8611,5771,5925,5668,5556,8255,5447,5805,5313,5406,7801,5303,5422,5156,5077,7423,5011,5345,4926,5048,7131,4953,5240,4911,5093,7221,5067,5442,4990,5014,7512,5230,5399,5123,5167,7380,5151,5418,5115,7404,5251,5192,5340,5158,7396,5219,5154,5441,5313,7654,5374,5380,5644,5229,7714,5521,5546,5764,5369,7818,5639,5515,5794,5645,8321,5855,5904,6250,6186,8935,6221,6211,6725,6559,10524,8236,9965,13598,18526,43985,48463,68171,94807,1.1933e+05,2.2479e+05,1.815e+05,2.0168e+05,2.2091e+05,2.2424e+05,3.3382e+05,2.1761e+05,2.0648e+05,1.9429e+05,1.7573e+05,2.3221e+05,1.3904e+05,1.2809e+05,1.1951e+05,1.1003e+05,1.5191e+05,96631,93195,92155,89831,1.3134e+05,89148,90569,93519,94693,98062,1.5488e+05,1.115e+05,1.214e+05,1.3e+05,1.4214e+05,2.3802e+05,1.805e+05,2.0286e+05,2.1818e+05,2.3458e+05,3.7324e+05,2.6714e+05,2.8949e+05,2.907e+05,2.9716e+05,4.3095e+05,2.9305e+05,3.004e+05,2.5589e+05,2.2548e+05,2.6337e+05,1.446e+05,1.2145e+05,88879,70314,79306,42889,36476,31254,27334,34972,20215,18527,16549,15356,20999,13109,12673,12191,11899,17225,11543,11909,11874,11861,18015,12421,12889,12971,12945,19061,12699,12487,11895,11367,15493,9787,9230,8220,7405,9977,5836,5401,4872,4540,6278,3964,3827,3701,3554,5179,3227,3243,3169,3136,4657,2994,2894,2850,2733,4016,2707,2565,2610,2509,3664,2344,2323,2342,3371,2167,2148,2115,2114,2981,1984,1908,1906,1811,2705,1799,1696,1668,1712,2485,1581,1472,1597,1485,2209,1391,1378,1418,1347,1950,1294,1260,1222,1106,1704,1172,1041,1109,1054,1495,998,983,962,848,1416,874,850,776,828,1227,860,725,714,705,1056,743,657,646,646,962,630,633,572,590,848,519,564,541,519,746,505,450,444,437,679,450,397,435,403,571,385,366,333,317,481,332,294,271,257,399,269,258,254,237,344,225,200,212,179,271,206,169,176,173,243,141,139,119,148,194,131,122,100,115,145,97,82,95,81,118,77,78,63,69,96,56,64,49,51,78,38,42,36,33,60,34,33,31,31,58,28,33,26,29,37,28,22,18,17,23,20,10,8,11,8,8,6,13,4,13,12,7,4,2,2,3,1,4,1,1,1,0,0,0,0,0,1,0,0,1
58994,29883,33126,54669,69204,63904,87237,93020,78133,1.0464e+05,1.1332e+05,97595,1.237e+05,1.1611e+05,81125,86209,70766,48340,52623,46281,32866,36743,32341,22736,25075,21443,15161,16989,15036,11188,13262,12292,9494,11455,11390,8882,10971,10873,8722,10685,10405,8121,9898,9122,6746,7681,6820,4868,5814,4126,5013,4766,3739,4497,4237,3381,4125,4180,3182,3971,3837,3060,3883,3738,3063,3638,3703,2938,3831,3805,3118,3671,3839,2989,3882,3879,3038,3943,3840,3117,4011,3946,3213,3796,3928,3014,3999,3754,3003,3680,3894,2950,3619,3620,2908,3662,3545,2808,3468,2781,3492,3435,2769,3362,3439,2672,3501,3303,2664,3416,3384,2677,3443,3505,2829,3507,3415,2822,3629,3716,2975,3915,3904,3189,4126,4048,3302,4191,4428,3631,4640,4558,3869,4890,4866,4007,5045,5131,4089,5389,5385,4237,5530,5453,4496,5511,5534,4382,5609,4473,5518,5521,4321,5503,5649,4328,5459,5354,4344,5438,5293,4294,5214,5179,4310,5230,5152,4065,5228,5177,4081,5042,5112,4214,5119,5156,4067,5158,5235,4092,5158,5271,4425,5428,5767,4946,7073,8285,8389,13806,19735,21705,38089,52376,54398,82425,95978,82964,1.0698e+05,84754,1.0159e+05,94699,70058,80505,74089,54107,62673,58216,43961,52148,49759,38462,47466,46709,36905,46593,47746,38411,50129,51602,42966,56190,58778,48730,64314,67855,56349,72849,74650,60227,74912,71937,55409,65611,61069,46594,55740,54149,43300,53613,54086,42553,51174,48359,36135,41173,36894,25840,28879,20636,23441,20924,15786,18548,17664,13577,16340,15446,11846,13663,12574,9063,10209,9085,6202,6647,5661,3978,4259,3553,2514,2813,2610,1952,2285,2141,1603,2031,1962,1528,1919,1810,1456,1784,1741,1368,1809,1593,1210,1580,1466,1179,1441,1275,997,1168,1046,731,879,633,732,724,517,680,647,504,654,584,468,568,534,451,535,499,394,474,449,399,450,438,359,433,430,310,390,406,322,386,407,295,343,343,305,344,306,253,293,283,240,302,276,219,293,279,202,253,295,220,233,168,253,225,212,197,215,152,237,217,181,196,196,151,186,208,162,173,182,113,179,156,115,160,134,122,127,149,131,143,139,116,146,109,107,128,132,92,132,127,88,131,125,100,117,130,72,122,97,71,115,77,97,114,79,90,89,70,82,87,67,80,68,67,85,61,58,55,75,39,78,62,41,44,62,48,48,54,49,64,66,39,56,39,37,51,49,33,36,40,42,28,23,26,35,27,21,19,22,15,10,17,19,18,10,22,10,15,16,13,15,12,13,10,17,13,2,11,14,13,10,10,6,8,7,3,5,8,4,2,8,3,2,1,4,4,0,3,1,1,0,0,2,0,1,1,0,0,1,0,0,1
15758,30423,1.0285e+05,2.0684e+05,3.9141e+05,7.4404e+05,7.3985e+05,6.8487e+05,6.2581e+05,3.6091e+05,3.0153e+05,1.9854e+05,1.9719e+05,2.8679e+05,3.011e+05,3.4118e+05,4.0174e+05,2.8136e+05,2.5628e+05,1.5757e+05,1.2473e+05,1.2633e+05,96554,93372,1.1074e+05,90958,89102,1.0143e+05,78752,85721,65235,59179,64130,47405,42577,43647,31246,32142,23549,20426,22602,17017,15814,17920,13817,15252,12201,11477,12900,10107,10044,11895,9905,9627,11574,9493,11266,9059,8725,10106,7987,7498,8814,7034,7802,6407,6014,7211,5803,5847,6686,5584,6413,5355,5351,6271,5056,5191,5934,4908,4983,5932,4853,6019,4908,4791,5842,4756,4776,5763,4779,5781,4723,5104,6084,5117,5333,6207,5308,5388,6407,5333,6461,5454,5318,6519,5359,5377,6283,5241,6289,5076,5082,6052,4988,4983,5784,4883,5691,4785,4740,5682,4755,4740,5584,4711,4643,5625,4608,5649,4727,4574,5630,4548,4525,5461,4587,5428,4471,4540,5415,4457,4653,5612,4652,5417,4659,4743,5644,4731,4887,5879,5031,4943,6086,5245,6323,5578,5391,6802,5932,6603,10291,13335,28119,42253,69372,1.3315e+05,1.5939e+05,2.0274e+05,2.8776e+05,2.6131e+05,3.1772e+05,2.5561e+05,2.3983e+05,2.5903e+05,1.9046e+05,1.6814e+05,1.7377e+05,1.2553e+05,1.1117e+05,1.1841e+05,90546,1.0156e+05,80844,77983,92172,78087,77969,96190,83638,1.0555e+05,91662,95117,1.1888e+05,1.0374e+05,1.0794e+05,1.3615e+05,1.204e+05,1.2675e+05,1.5981e+05,1.4077e+05,1.7426e+05,1.4853e+05,1.4932e+05,1.8277e+05,1.5533e+05,1.6033e+05,2.0028e+05,1.7047e+05,2.0406e+05,1.6451e+05,1.5468e+05,1.6742e+05,1.2391e+05,1.088e+05,1.1315e+05,81140,85337,61929,55845,58398,43127,39052,41613,30943,28278,30694,23704,25494,19956,18885,21205,16695,16313,18495,15057,16736,13272,12623,14627,11492,11020,12621,10131,11754,9399,9432,11637,9866,10228,12441,10584,10291,12183,9491,10265,7576,6391,6698,4486,3791,3768,2567,2523,2024,1649,1855,1455,1405,1589,1212,1426,1172,1111,1210,1033,971,1062,924,831,892,793,876,714,729,754,629,601,755,519,679,534,517,562,437,439,531,409,428,459,359,384,301,304,377,303,308,303,255,293,254,208,247,191,177,214,163,200,145,161,186,146,140,163,122,131,128,108,112,107,90,132,92,93,95,77,106,63,74,86,74,69,77,62,69,57,59,79,68,57,68,65,53,64,54,55,43,46,48,48,48,55,49,54,40,43,48,41,49,65,43,67,39,54,56,47,47,41,41,49,59,32,49,22,29,39,42,22,22,14,20,14,18,17,13,19,13,11,6,13,10,10,6,5,12,16,8,13,8,12,14,11,11,8,7,11,8,11,6,6,6,14,7,5,5,6,7,4,7,7,3,5,4,4,2,3,5,5,6,3,7,0,8,3,4,2,5,7,6,4,2,4,2,5,4,5,4,3,6,0,1,1,5,1,1,2,0,2,1,2,1,1,2,1,4,2,1,2,3,3,2,1,1,1,1,0,0,0,0,0,0,0,0,0,1,0,0,1,1
5.8772e+06,3.6084e+05,5.1255e+05,7.2867e+05,5.537e+05,4.232e+05,3.6948e+05,2.5034e+05,2.4326e+05,3.0811e+05,2.6215e+05,2.4368e+05,2.5256e+05,1.7367e+05,1.4425e+05,1.4066e+05,97076,83392,87207,65021,59367,65084,49609,45784,42620,47092,35650,33066,36039,27291,24666,27073,21001,19922,22531,17886,17225,19895,16153,15533,18168,14810,14335,17268,14201,14116,16537,13649,13657,13636,16265,13872,14054,16936,14275,14401,17617,14947,14877,18113,15050,14982,17715,14777,14843,17404,14171,13769,16368,13261,13060,15058,12289,11772,11502,13255,10774,10376,12284,9601,9503,11029,8896,8625,9940,8109,7886,9272,7618,7188,8665,7033,6840,8101,6500,6450,7588,6118,6022,6287,7142,5839,5854,6865,5768,5772,6818,5633,5600,6724,5628,5445,6661,5477,5627,6676,5506,5534,6613,5550,5323,6383,5304,5333,5245,6360,5148,5322,6265,5051,5272,6279,5192,5286,6063,5112,5179,6079,5004,5031,6203,5044,5116,6180,5034,5178,6363,5115,5228,5104,6236,5038,5271,6194,5205,5146,6151,5076,5205,6268,5378,5685,7522,7243,8530,13113,15228,21987,40754,52892,76946,1.34e+05,1.4982e+05,1.8181e+05,2.0563e+05,2.6439e+05,2.2158e+05,2.1549e+05,2.4409e+05,1.8989e+05,1.7612e+05,1.9361e+05,1.4761e+05,1.3602e+05,1.5027e+05,1.1588e+05,1.0845e+05,1.2375e+05,1.0003e+05,97309,1.166e+05,97836,1.0058e+05,1.2509e+05,1.1112e+05,1.1969e+05,1.5662e+05,1.4678e+05,1.6485e+05,1.8607e+05,2.573e+05,2.4498e+05,2.7125e+05,3.5084e+05,3.0252e+05,3.0409e+05,3.5636e+05,2.9107e+05,2.8725e+05,3.5024e+05,3.0258e+05,3.1225e+05,3.8629e+05,3.1903e+05,3.0676e+05,3.4014e+05,2.5183e+05,2.1838e+05,2.187e+05,1.4787e+05,1.2135e+05,1.1696e+05,77613,64569,55039,57245,42516,38875,43526,33146,30173,33202,25070,23150,25492,19907,19009,21557,17522,17018,20218,16548,16186,19436,16286,16213,19761,16563,16604,16916,20278,16794,16800,19884,16164,15434,17514,13360,12582,13691,10301,9416,10610,8145,7330,7802,5839,5419,6027,4614,4250,4932,3801,3700,3454,4154,3262,3072,3723,2892,2717,3259,2618,2500,2888,2337,2281,2598,2149,2166,2420,2033,1978,2303,1791,1723,2099,1674,1629,1563,1903,1555,1571,1746,1442,1380,1650,1325,1328,1542,1271,1221,1478,1168,1198,1319,1142,1087,1310,1057,1027,1223,1051,964,977,1187,917,885,1115,900,920,987,809,814,938,739,754,877,722,695,794,668,656,751,634,625,700,588,553,564,679,530,484,624,502,474,550,431,444,513,396,386,460,414,378,439,349,353,409,344,369,369,322,284,309,339,289,250,291,250,258,286,252,239,250,204,231,221,164,170,235,178,150,174,145,149,160,148,117,156,163,123,122,163,106,101,146,107,100,140,72,98,117,85,80,111,90,82,101,79,64,95,80,69,62,66,75,55,75,49,39,59,50,50,55,42,42,44,33,43,32,37,26,27,18,19,32,15,15,15,18,15,6,15,8,6,7,5,5,6,3,2,1,1,2,1,0,1,1,2,0,1,0,0,0,0,0,0,1,1,0,0,0,0,0,1,0,0,0,0,0,0,0,0,0,1,0,0,0,1
6.5819e+06,5.6474e+05,6.2217e+05,5.3201e+05,3.8978e+05,3.0691e+05,1.9738e+05,1.5618e+05,1.2937e+05,1.1371e+05,1.1274e+05,90889,84514,76792,70421,71246,57020,51203,46515,42220,38059,38270,30665,27768,25708,24072,25763,21857,21009,20156,19510,21117,18298,17521,17254,16423,17908,15348,14881,14126,13794,13106,14381,12377,12254,11735,11302,12361,10662,10467,10185,10175,11130,9616,9515,9409,9210,10187,9073,8820,8858,8855,8576,9649,8511,8436,8515,8193,9172,8256,8105,7910,8267,9233,8242,8437,8386,8761,9962,9022,9170,9192,9478,9722,11237,10144,10491,10995,11436,12884,11956,12436,12810,13542,15921,15194,16457,18084,20210,23127,30473,32716,39773,50083,63500,95555,1.1535e+05,1.5422e+05,2.0488e+05,2.6411e+05,3.6453e+05,3.6861e+05,3.8821e+05,3.8754e+05,3.7288e+05,3.9478e+05,3.2571e+05,3.0402e+05,2.8559e+05,2.7207e+05,2.6275e+05,2.9188e+05,2.6031e+05,2.6697e+05,2.7562e+05,2.8772e+05,3.3997e+05,3.1954e+05,3.3587e+05,3.5218e+05,3.6863e+05,4.3336e+05,4.0018e+05,4.134e+05,4.255e+05,4.3401e+05,4.9304e+05,4.305e+05,4.1345e+05,3.8292e+05,3.4352e+05,2.987e+05,2.796e+05,2.0128e+05,1.6405e+05,1.3444e+05,1.0858e+05,1.0029e+05,74035,62848,55440,48599,49275,39376,37012,34187,31655,33128,27229,24912,22792,20538,18370,18874,15219,13998,12863,11988,12398,10053,9376,8889,8411,8872,7282,7022,6615,6381,6841,5717,5456,5290,5196,4974,5453,4581,4434,4120,4161,4368,3791,3666,3663,3437,3748,3199,3276,2991,3013,2907,3178,2777,2656,2472,2542,2655,2342,2298,2260,2198,2420,2082,2040,1985,1983,2112,1866,1754,1819,1801,1687,1875,1530,1536,1487,1538,1639,1358,1391,1346,1300,1426,1225,1177,1185,1169,1321,1080,1128,979,987,1007,1133,950,927,889,875,962,827,802,772,694,801,684,711,640,659,709,635,635,611,624,607,656,533,511,532,500,542,466,461,442,405,454,355,392,338,320,345,283,269,236,252,220,270,219,220,173,204,194,177,180,161,175,175,143,150,153,138,133,161,123,143,127,128,148,113,124,129,118,125,123,121,130,126,139,91,90,101,125,110,117,104,105,96,109,103,96,94,97,85,112,94,100,82,94,91,93,75,83,91,72,107,85,79,79,68,101,81,65,71,75,75,78,72,65,81,89,74,73,57,77,54,71,75,56,60,62,76,66,61,51,62,64,55,58,55,48,51,45,60,51,56,57,44,56,43,45,51,58,44,55,47,50,62,39,42,43,52,45,41,38,43,44,50,42,57,45,45,38,44,39,54,44,46,47,41,44,45,31,34,44,38,40,41,43,37,40,47,44,27,37,40,42,30,37,43,24,40,34,30,44,46,48,28,46,25,45,39,43,42,29,35,30,35,33,33,32,28,37,29,36,39,30,36,38,35,47,37,37,32,24,34,35,39,23,36,37,39,31,30,32,31,22,38,28,35,36,32,37,37,32,34,32,36,36,28,26,32,10273
12397,30845,92130,2.3793e+05,5.0915e+05,8.4364e+05,1.0105e+06,8.8594e+05,6.2394e+05,4.0918e+05,2.6864e+05,1.8163e+05,1.3498e+05,1.2082e+05,1.3449e+05,1.6317e+05,1.484e+05,1.9099e+05,1.7739e+05,1.5133e+05,1.2705e+05,1.1235e+05,1.0623e+05,1.0686e+05,1.0975e+05,1.134e+05,1.1558e+05,1.1664e+05,1.1714e+05,1.142e+05,1.111e+05,1.0677e+05,1.0147e+05,77957,92364,86744,80697,75836,70618,65571,60645,55912,51911,47745,43782,40610,36519,33549,29655,21621,24850,22650,20323,18978,17288,16408,15218,14367,13815,13092,12368,11812,11385,10911,10576,10359,7961,9606,9523,9132,9038,8634,8623,8344,8322,8226,8101,7829,7611,7572,7359,7239,7101,5621,6924,6956,6733,6722,6485,6175,6286,6322,6145,6115,5963,6003,6032,5910,5742,4593,5773,5548,5662,5642,5702,5508,5502,5463,5286,5339,5358,5210,5302,5413,5316,5333,4288,5305,5350,5190,5098,5184,5182,5296,5277,5218,5269,5202,5356,5143,5237,5256,5180,4197,5212,5469,5462,5420,5495,5265,5428,5556,5511,5539,5495,5583,5575,5464,5684,5745,4640,5868,5872,5972,5972,6182,6233,6328,6455,6492,6648,6718,6686,6761,6783,6939,5717,7090,7323,7399,7484,7721,7926,8077,8183,8536,8808,9258,9580,10153,11684,13692,17352,18340,31361,45096,63174,85835,1.0994e+05,1.343e+05,1.5556e+05,1.7281e+05,1.839e+05,1.8927e+05,1.8845e+05,1.8435e+05,1.7494e+05,1.6538e+05,1.5489e+05,1.4467e+05,1.0891e+05,1.2923e+05,1.2303e+05,1.1884e+05,1.1568e+05,1.1517e+05,1.1488e+05,1.1811e+05,1.2087e+05,1.2638e+05,1.3344e+05,1.4331e+05,1.5546e+05,1.7216e+05,1.9346e+05,2.1761e+05,1.9284e+05,2.6407e+05,2.8493e+05,2.987e+05,3.075e+05,3.1078e+05,3.1487e+05,3.2319e+05,3.3294e+05,3.3868e+05,3.3533e+05,3.2035e+05,2.9009e+05,2.4935e+05,2.0422e+05,1.6259e+05,1.27e+05,81608,84863,70220,61634,55997,51408,48205,46273,44547,44441,44845,46358,47720,49833,51512,51838,40721,49669,47224,43383,39636,35919,31847,28549,25195,22474,19698,17480,15325,13187,11352,9755,8406,6055,6756,6299,6042,5729,5550,5557,5396,5238,5102,5014,4866,4725,4649,4596,4340,4373,3358,4209,3991,3922,3830,3666,3626,3524,3459,3387,3295,3204,3065,3085,2979,2973,2757,2215,2740,2676,2592,2539,2403,2443,2333,2222,2236,2261,2093,2025,1999,1866,1892,1425,1782,1711,1668,1639,1655,1550,1611,1468,1448,1403,1364,1394,1307,1282,1177,1234,940,1166,1182,1144,1156,1106,995,1024,1063,986,1017,965,882,923,843,770,781,615,792,738,709,687,700,627,641,644,628,619,600,559,570,500,466,392,434,456,449,411,428,433,374,367,380,356,343,347,344,312,303,280,213,296,260,250,253,268,245,238,259,218,223,229,221,211,208,193,175,184,189,176,167,171,161,160,157,162,142,129,141,137,151,143,148,114,131,119,117,118,112,121,94,88,93,99,99,78,81,74,63,57,37,44,47,32,35,27,22,31,19,16,17,24,6,18,8,9,9,9,7,8,1,3,5,4,0,2,1,3,7,2,4,4,1,0,1,2,3,0,1,1,2,1,3,1,2,3,3,0,5,1,3,0,2,0,2,2,0,1,1,0,0,0,0,1,0,0,3
59513,64418,1.6015e+05,2.2849e+05,3.5886e+05,3.0034e+05,2.518e+05,2.2753e+05,1.4473e+05,1.3857e+05,95435,82695,87494,67003,76117,61244,60391,70870,58720,69949,57986,68374,56844,55511,64822,51675,59745,46717,43300,47722,35557,38102,27802,24952,26486,19835,20814,15307,13554,14559,10847,11675,8990,9875,7591,7338,8246,6595,7336,6111,5966,7005,5763,6857,5669,5987,7030,6094,7131,6068,7233,6234,6215,7557,6331,7814,6385,6410,7781,6596,7896,6507,6700,8046,6634,8164,6813,6726,7953,6459,7844,6417,7853,6240,6217,7559,6143,7184,6098,5929,6962,5709,6838,5719,5628,6529,5526,6600,5417,5457,6365,5432,6387,5353,6333,5174,5273,6107,5107,6098,4900,4988,5972,4855,5917,5004,4863,5802,4941,5919,4875,5954,4844,4872,5870,4970,6180,5033,5183,6142,5314,6332,5190,5298,6334,5439,6509,5435,5376,6308,5314,6346,5480,6492,5430,5426,6791,5529,7007,5891,6062,7489,6263,7824,6945,7316,9708,9225,13517,15332,26713,33423,49961,90609,1.111e+05,1.8526e+05,2.0112e+05,2.4483e+05,3.4651e+05,3.2443e+05,4.1933e+05,3.6326e+05,3.6684e+05,4.3199e+05,3.4618e+05,3.9474e+05,3.0492e+05,2.8366e+05,3.163e+05,2.4565e+05,2.7707e+05,2.2114e+05,2.5995e+05,2.1539e+05,2.1856e+05,2.7128e+05,2.3741e+05,3.0079e+05,2.6631e+05,2.7752e+05,3.4531e+05,2.9286e+05,3.5415e+05,2.9067e+05,2.8244e+05,3.2655e+05,2.6025e+05,2.9896e+05,2.3884e+05,2.3024e+05,2.6858e+05,2.2071e+05,2.6488e+05,2.2515e+05,2.759e+05,2.3546e+05,2.3816e+05,2.8335e+05,2.3125e+05,2.6419e+05,2.042e+05,1.8464e+05,1.9458e+05,1.4001e+05,1.4127e+05,98026,83417,82673,58187,58381,41346,42458,30625,27455,29343,21541,23553,17755,16548,18313,14079,16067,12537,12049,13516,10701,12255,9827,9601,10744,8638,10056,7978,9175,7231,6980,8095,6516,7540,5734,5567,6311,5075,5713,4556,4332,4986,3769,4493,3494,3963,3145,3065,3484,2669,3119,2534,2509,2797,2300,2652,2098,2075,2413,1961,2256,1850,1792,2089,1645,1977,1587,1812,1501,1464,1670,1379,1664,1252,1330,1605,1262,1507,1098,1166,1302,1136,1339,1019,1043,1273,1029,1255,968,1168,944,997,1059,915,1017,909,863,1054,792,947,818,756,918,692,799,721,839,703,637,803,626,788,607,608,676,568,696,539,538,663,533,588,477,514,555,507,555,469,583,404,430,504,435,492,369,352,435,375,406,347,357,366,347,326,292,336,266,260,323,266,341,249,261,252,209,270,219,219,245,195,236,206,171,215,189,227,169,211,137,157,165,146,169,138,132,176,128,147,121,100,136,105,116,105,90,103,87,91,79,102,70,54,67,73,59,67,41,65,46,58,45,33,41,21,34,25,29,28,17,15,21,20,12,22,27,20,16,17,12,21,20,8,15,7,16,16,17,9,9,7,5,12,6,13,5,6,6,5,9,4,10,7,2,4,7,10,2,4,5,6,3,5,3,4,4,3,2,2,2,4,1,2,2,4,2,2,2,1,2,1,0,1,0,2,4,0,1,1,0,1,1,1,0,1,2
29314,67755,1.865e+05,4.1549e+05,8.2664e+05,8.3284e+05,6.845e+05,4.9332e+05,3.3893e+05,2.3368e+05,1.665e+05,1.4492e+05,1.0159e+05,1.0014e+05,1.0931e+05,1.255e+05,1.4941e+05,1.8782e+05,2.3933e+05,2.8366e+05,2.9529e+05,2.6631e+05,2.504e+05,1.5413e+05,1.1643e+05,88899,70728,57425,47754,39658,34199,31008,29129,34229,29116,30364,32471,34038,36221,38556,39958,41081,42473,43172,52839,44717,44569,44554,43904,42506,40876,39547,37550,35485,33528,37160,28666,26643,25061,23339,21569,20077,18283,17215,16217,15126,16826,13148,12476,11611,11132,10658,10180,9811,9501,9035,8798,10264,8374,8326,8005,7852,7649,7557,7277,7155,7331,7081,8378,6974,6788,6773,6664,6520,6367,6416,6484,6371,6080,6148,7579,6089,5960,6098,5927,5872,6012,5791,5892,5967,5885,6864,5782,5762,5757,5828,5686,5683,5799,5847,5739,5632,6951,5656,5587,5656,5624,5652,5627,5488,5659,5597,5617,6672,5529,5527,5661,5560,5693,5561,5644,5765,5720,5827,6932,5963,5783,6036,5984,6082,5997,5848,5903,5791,5748,6785,5330,5269,5143,5192,5089,4992,5133,5106,5169,5150,6414,5738,6268,7289,9060,12281,18295,29002,49071,84300,1.3912e+05,2.68e+05,3.2575e+05,4.2361e+05,5.0353e+05,5.4816e+05,5.4819e+05,5.0558e+05,4.3898e+05,3.6219e+05,2.9387e+05,2.3531e+05,2.2568e+05,1.5298e+05,1.3035e+05,1.1346e+05,1.0133e+05,91947,86271,81723,79365,78739,77929,79859,98456,86364,91335,99242,1.0919e+05,1.2316e+05,1.4363e+05,1.6994e+05,2.0357e+05,2.4134e+05,2.8441e+05,3.8978e+05,3.5058e+05,3.5777e+05,3.4842e+05,3.2794e+05,3.0384e+05,2.7503e+05,2.4522e+05,2.155e+05,1.8262e+05,1.517e+05,1.4424e+05,94397,76798,63673,54649,48404,44372,41365,38401,36265,34706,39940,32458,31419,30268,28975,27931,27485,26759,25532,24425,23458,26024,19493,17491,15110,13191,11042,9433,7972,7099,6266,5636,6497,5037,4835,4493,4452,4318,4289,4142,3992,3789,3679,4356,3519,3428,3238,3269,3252,3009,3066,2993,2790,2804,3324,2725,2634,2577,2448,2404,2480,2366,2272,2265,2229,2549,2076,2054,1951,2028,1974,1899,1904,1816,1792,1813,1754,1972,1565,1633,1604,1554,1586,1522,1522,1469,1487,1350,1681,1408,1354,1338,1308,1287,1277,1287,1247,1264,1264,1407,1127,1128,1133,1177,1122,1106,1120,1070,1041,1037,1278,1038,917,967,950,966,948,947,832,849,839,1023,815,805,788,803,791,792,763,733,737,763,825,682,657,659,656,581,608,543,559,587,546,641,524,520,482,459,492,445,430,429,424,390,460,412,347,365,350,334,323,323,287,285,288,305,265,256,232,215,235,214,204,195,187,192,166,190,161,137,128,95,93,101,79,67,60,68,61,55,46,43,34,23,37,24,24,26,26,23,12,15,13,16,22,17,13,14,10,13,7,15,17,14,4,12,15,16,10,12,17,11,14,12,11,13,18,16,12,9,9,14,23,11,9,15,12,10,8,7,8,8,10,12,9,7,7,5,14,7,5,5,2,7,3,2,4,2,1,5,0,0,1,5,1,1,1,1,1,1,0,0,0,0,0,0,2
6155,10037,22913,50432,1.0548e+05,2.0469e+05,3.3407e+05,4.1201e+05,3.9555e+05,3.3658e+05,2.7848e+05,2.2575e+05,1.463e+05,1.4561e+05,1.146e+05,92947,82419,79171,79227,82698,86942,90741,96336,1.0566e+05,95745,1.3918e+05,1.6338e+05,1.869e+05,1.9886e+05,1.9682e+05,1.8239e+05,1.6039e+05,1.3613e+05,1.1388e+05,94873,79289,54600,59672,52209,46648,41794,37583,34893,31359,29344,26932,25077,22955,17306,20145,18898,17418,16356,15455,14589,13493,12533,12057,11385,10630,8089,9607,9177,8935,8588,8361,8001,7791,7527,7229,7201,7083,6914,5487,6605,6638,6660,6586,6285,6268,6219,6219,5941,5994,6024,4774,5726,5818,5911,5816,5873,5791,5813,5623,5711,5661,5765,4579,5673,5843,5718,5698,5796,5704,5548,5691,5735,5673,5783,4589,5765,5553,5659,5725,5652,5736,5687,5708,5733,5548,5623,4648,5638,5687,5753,5374,5450,5455,5383,5252,5442,5377,5186,5107,4089,5176,5066,5096,5046,4947,4864,4985,4899,4892,4817,4817,3814,4878,4854,4740,4766,4894,4763,4950,5012,4860,4989,4993,4062,5058,5170,5256,5102,5323,5268,5254,5362,5322,5371,5617,4749,6061,6616,7583,8774,11251,15150,21498,31967,48424,74257,1.1326e+05,1.2943e+05,2.279e+05,3.2194e+05,4.2928e+05,5.3826e+05,6.2945e+05,6.8569e+05,7.0034e+05,6.7541e+05,6.214e+05,5.5015e+05,4.7696e+05,4.0715e+05,2.7888e+05,2.9953e+05,2.5337e+05,2.1758e+05,1.878e+05,1.6557e+05,1.5015e+05,1.3841e+05,1.3036e+05,1.258e+05,1.2506e+05,1.2749e+05,1.055e+05,1.4008e+05,1.5073e+05,1.6475e+05,1.8133e+05,2.019e+05,2.2174e+05,2.4288e+05,2.6614e+05,2.8575e+05,3.0454e+05,3.2235e+05,2.6744e+05,3.4227e+05,3.4567e+05,3.4071e+05,3.2701e+05,3.0404e+05,2.7508e+05,2.3967e+05,2.0349e+05,1.6873e+05,1.3582e+05,1.0819e+05,69966,70742,57076,46609,39814,33746,29813,26529,23969,21644,19452,17721,13196,15300,13975,12793,11761,11026,10135,9115,8522,7905,7601,7179,6933,5268,6236,6084,5812,5762,5534,5499,5273,5279,5018,4974,4906,3838,4516,4563,4411,4337,4166,4085,3937,3893,3717,3622,3582,2752,3332,3321,3281,3198,3046,3085,2932,2859,2797,2711,2746,2139,2657,2586,2514,2528,2441,2328,2297,2237,2170,2196,2154,1709,2005,2064,1983,1973,1952,1907,1909,1877,1749,1695,1756,1681,1414,1695,1582,1541,1488,1577,1486,1487,1403,1433,1508,1460,1107,1366,1344,1367,1292,1280,1207,1295,1251,1243,1277,1204,894,1120,1103,1097,1194,1101,1067,1110,1005,966,1032,984,753,982,953,924,914,952,899,870,913,854,836,818,631,829,771,756,737,789,693,741,690,740,689,679,685,583,660,621,716,626,668,634,590,539,573,613,618,470,570,580,543,538,512,497,498,493,483,504,472,352,465,444,427,409,398,415,428,430,361,385,343,326,384,357,386,348,325,344,313,287,297,293,265,209,240,220,240,211,174,180,175,150,126,126,104,95,58,85,65,56,52,38,35,42,40,32,25,21,18,16,15,9,10,18,9,5,5,9,5,8,5,6,3,8,2,2,2,2,0,1,0,1,0,2,2,2,2,1,1,3,0,1,1,0,0,0,0,0,1,1,0,0,0,0,0,0,1
94282,4.283e+05,1.1505e+06,1.0931e+06,6.6657e+05,4.0683e+05,1.9636e+05,1.2715e+05,1.1695e+05,1.481e+05,2.6524e+05,3.7807e+05,4.391e+05,3.5393e+05,2.3311e+05,1.7772e+05,1.311e+05,1.2581e+05,1.2656e+05,1.3294e+05,1.4165e+05,1.6511e+05,1.4697e+05,1.4123e+05,1.3228e+05,1.1901e+05,1.1632e+05,88750,74912,63127,52870,50134,37824,32584,28647,25265,25963,20951,19172,17926,16655,15985,16711,14000,13473,13097,12287,13421,11372,11094,11075,10537,11703,10290,10042,9972,9757,10462,9439,9112,9196,9062,8919,10020,8625,8511,8586,8694,9635,8680,8436,8502,8501,9600,8561,8537,8477,8451,9713,8597,8608,8848,8854,8847,10346,9232,9356,9252,9210,10490,9335,9361,9274,9372,10572,9309,9393,9402,9574,9262,10310,9234,9290,9450,9818,12432,14116,22976,51523,1.2748e+05,3.2571e+05,5.2642e+05,7.4702e+05,8.6563e+05,8.315e+05,7.6165e+05,4.9205e+05,3.528e+05,2.6184e+05,2.1025e+05,1.8309e+05,1.9366e+05,1.711e+05,1.7975e+05,1.943e+05,2.1506e+05,2.763e+05,2.8305e+05,3.2631e+05,3.7061e+05,4.0867e+05,4.8188e+05,4.322e+05,4.2743e+05,4.1673e+05,3.8908e+05,3.7163e+05,2.512e+05,1.813e+05,1.2469e+05,89495,65255,56626,41683,36233,31939,29723,30649,25228,23414,20867,19216,19550,16005,14833,14062,13214,14065,11510,10826,10186,9663,9022,9483,7878,7437,7127,6555,7068,6031,5520,5390,5059,5410,4642,4531,4408,4117,4405,3755,3628,3596,3401,3328,3588,3152,3150,3001,2871,3121,2693,2532,2440,2466,2635,2214,2209,2190,2096,2048,2235,1921,1882,1765,1726,1786,1607,1549,1519,1477,1579,1404,1295,1291,1207,1384,1195,1222,1118,1106,1046,1168,1015,970,948,944,984,881,898,758,782,870,717,736,705,722,741,675,691,615,615,589,672,570,597,548,522,645,577,558,489,462,581,465,448,464,448,462,393,418,347,317,295,304,223,202,159,128,88,62,48,37,31,21,17,5,7,14,9,3,8,4,3,5,3,1,4,5,6,4,4,4,4,4,4,3,2,2,4,2,6,6,3,5,4,4,2,6,3,1,1,1,2,5,4,4,2,1,1,0,2,3,2,2,1,2,0,2,3,1,4,1,2,0,5,1,1,0,3,2,0,1,2,2,1,0,1,1,0,1,1,0,2,1,0,2,1,2,0,1,1,0,1,2,0,0,0,2,0,1,0,0,2,0,0,0,0,0,0,0,0,1,0,0,1,0,0,1,1,2,0,0,0,0,0,0,0,0,1,0,0,0,0,4,0,1,0,0,0,2,0,2,0,0,1,1,2,0,2,1,0,0,1,1,0,1,0,0,0,0,1,1,0,0,1,1,0,1,0,0,0,1,0,0,0,0,0,1,0,0,0,1,1,0,0,0,1,0,0,0,0,0,0,1,0,0,0,1,0,0,0,0,0,0,0,0,1,0,0,0,0,0,1,1,1,0,0,0,0,0,0,0,1,0,0,0,0,0,0,19
3320,8507,25545,64679,1.3752e+05,2.4051e+05,3.4104e+05,3.953e+05,3.835e+05,3.2536e+05,2.5394e+05,1.8832e+05,1.7023e+05,1.2926e+05,1.5404e+05,1.9951e+05,2.3938e+05,2.4449e+05,2.0908e+05,1.5644e+05,1.0979e+05,78936,63558,56720,54596,64653,53703,53151,51548,49580,47400,45497,43658,41876,40318,39028,38407,44953,37560,37487,36882,36488,36040,35419,35150,34295,33529,32916,32390,31549,37504,29916,29614,28701,27913,26557,25254,23725,22022,20169,18549,16656,18526,14054,12996,12457,11231,10866,10314,9881,9483,9075,8994,8674,8331,9561,7742,7583,7465,7153,7079,7022,6691,6530,6540,6308,6095,7269,6039,5974,6023,5848,5907,5780,5829,5780,5691,5780,5521,5433,6476,5254,5273,5026,5127,4934,4866,4811,4811,4693,4742,4607,5462,4682,4667,4522,4607,4527,4595,4671,4584,4419,4472,4568,4453,5265,4515,4540,4415,4435,4403,4559,4571,4404,4471,4507,4450,5419,4539,4619,4556,4547,4519,4393,4577,4702,4636,4680,4748,4724,5614,4704,4959,4938,4906,5037,5166,5299,5296,5546,5614,5672,6931,5870,5966,5965,6097,6047,6197,6232,6580,7266,8964,12627,21509,50348,81284,1.4064e+05,2.254e+05,3.2952e+05,4.3847e+05,5.299e+05,5.8678e+05,5.9262e+05,5.5713e+05,4.9274e+05,4.1406e+05,3.9752e+05,2.6133e+05,2.1296e+05,1.7892e+05,1.529e+05,1.35e+05,1.2158e+05,1.1274e+05,1.0614e+05,1.0278e+05,1.0007e+05,99540,99941,1.2246e+05,1.0627e+05,1.1027e+05,1.1704e+05,1.2355e+05,1.3244e+05,1.427e+05,1.5492e+05,1.6837e+05,1.8305e+05,1.9944e+05,2.1649e+05,2.7892e+05,2.4241e+05,2.4495e+05,2.3845e+05,2.2359e+05,2.0087e+05,1.7502e+05,1.4609e+05,1.2122e+05,98726,80354,66611,57492,59543,43573,39842,35853,32319,29285,25818,23189,20548,18502,17124,15899,17905,14511,14456,14415,14843,15131,15502,16052,15797,16031,16011,16026,15345,17575,13988,13308,13178,12787,12449,12545,11912,11479,10436,9168,7605,7208,4773,3938,3291,2685,2443,2103,1931,1755,1587,1499,1322,1180,1403,1138,1096,977,903,871,901,849,828,815,774,729,768,685,647,617,591,560,552,515,505,479,447,460,468,539,421,392,413,397,398,391,371,334,321,362,362,388,310,300,282,280,271,272,281,278,260,262,242,214,282,253,190,218,201,200,193,205,170,175,172,165,192,170,163,183,136,140,131,150,139,122,156,130,141,146,120,110,127,119,102,110,113,89,115,92,108,108,101,98,91,79,93,92,99,93,73,100,86,76,105,72,101,78,80,88,67,77,84,79,87,104,106,82,93,94,99,117,102,118,118,121,110,124,126,163,141,111,102,120,100,116,99,54,71,65,74,44,42,27,20,22,11,17,12,11,6,1,8,3,7,5,1,3,3,3,4,4,3,0,5,1,4,2,2,0,1,0,2,1,2,4,2,0,2,2,0,3,1,0,2,0,1,0,0,1,0,2,0,1,1,1,1,0,0,0,0,0,0,0,0,0,0,0,0,0,0,0,0,0,0,0,1,0,0,0,1,0,0,0,0,0,0,0,1
45903,1.3932e+05,3.8068e+05,1.0784e+06,1.3786e+06,1.4214e+06,8.8755e+05,4.8189e+05,3.9712e+05,2.6909e+05,2.8197e+05,2.7247e+05,2.2832e+05,2.5063e+05,2.0285e+05,2.6022e+05,3.7587e+05,4.5956e+05,6.1902e+05,4.8072e+05,4.1358e+05,2.4981e+05,1.2708e+05,1.0107e+05,69538,72634,66329,53736,58352,47741,53653,53497,45770,53582,46908,55340,55659,47955,55528,46479,52367,49612,39967,44065,35349,38936,35641,28718,31461,25477,27566,26033,21265,23489,19056,21341,20563,16825,18815,15688,17632,17047,13927,15951,13356,15279,14927,12409,14386,12064,13934,13514,11506,13270,11227,12923,12829,11053,12575,10819,12467,12419,10332,12070,10422,12263,12073,10303,11924,10206,12071,11762,10354,11619,10074,11729,11722,10036,11492,9833,11535,11483,9882,11537,10002,11665,11823,10051,11797,11891,10237,12133,10342,12261,12558,10687,12611,10746,12329,12351,10505,12436,10528,12494,12568,10949,12784,11059,13001,13505,12355,16689,18633,33744,60463,92511,1.8466e+05,2.4214e+05,3.8452e+05,4.5848e+05,4.0941e+05,4.5182e+05,3.4832e+05,3.5435e+05,3.0204e+05,2.2247e+05,2.2694e+05,1.7103e+05,1.7829e+05,1.6046e+05,1.2729e+05,1.3922e+05,1.1278e+05,1.2748e+05,1.2615e+05,1.0873e+05,1.3274e+05,1.2027e+05,1.5349e+05,1.4811e+05,1.9934e+05,2.3918e+05,2.5e+05,3.6023e+05,3.7182e+05,4.9537e+05,5.2996e+05,4.468e+05,4.8602e+05,3.8074e+05,4.0543e+05,3.6988e+05,2.9068e+05,3.0239e+05,2.2513e+05,2.2052e+05,1.7514e+05,1.1915e+05,1.0966e+05,74893,72985,63478,49921,54157,44478,49720,46582,37147,40088,31806,34952,32687,26895,30320,25099,28442,27334,22412,26059,21304,24163,23647,19806,22920,19656,22701,22543,18592,21062,16842,18802,17373,14022,15124,13930,11262,12499,10446,11172,11049,8865,10183,8269,9382,8778,7343,8399,6865,7886,7745,6500,7184,6142,6741,6667,5528,6378,5170,5777,5487,4327,4871,3935,4376,4112,3468,3747,3162,3488,3622,2982,3415,2673,3023,2976,2370,2811,2281,2495,2436,2043,2341,2002,2277,2181,1824,2053,1842,1937,1904,1579,1828,1550,1784,1702,1404,1646,1403,1564,1423,1239,1398,1181,1364,1260,1076,1270,1048,1172,1106,1041,1120,948,1067,1032,848,993,868,886,860,750,843,739,810,787,674,685,621,733,675,542,624,505,582,498,541,578,453,501,431,480,488,389,428,360,434,390,341,443,295,334,324,282,308,246,331,323,280,265,225,246,279,228,216,187,191,199,171,192,151,172,170,112,139,120,169,138,125,120,114,114,118,97,92,70,114,97,49,77,57,60,51,40,41,26,40,34,28,23,20,23,32,23,17,9,24,31,18,23,18,20,32,22,19,26,27,18,24,26,18,25,18,22,26,18,24,24,21,24,22,21,26,20,15,13,28,24,20,20,20,21,26,25,25,20,20,15,19,14,24,24,21,17,28,24,13,28,16,25,19,18,24,18,21,24,21,23,18,21,19,15,20,29,26,18,26,19,22,25,20,21,18,17,27,23,22,17,27,26,20,22,20,19,23,19,9,12,6,8,10,6,5,4,8,5,3,4,5,1,0,1,3,1,1,1,0,1,0,2,1
4.2028e+05,1.4703e+06,4.2928e+06,4.1121e+06,1.4431e+06,5.5024e+05,4.723e+05,7.0661e+05,9.1862e+05,8.4622e+05,6.158e+05,3.6487e+05,4.5575e+05,7.2695e+05,7.5613e+05,4.6108e+05,1.6343e+05,1.0622e+05,92871,83773,74165,72508,55874,48721,43335,38541,39404,31985,29970,28140,26577,28558,24207,22988,22320,21581,23993,20918,20109,19819,19675,18913,21683,18762,18427,18115,17818,19948,17468,17089,17105,16708,18941,16533,16468,16250,16273,18022,16004,15874,15826,15765,15755,17890,15504,15983,15941,16197,18416,16495,16539,17055,17258,19457,17293,17641,17656,17649,20185,18200,18282,17864,18108,17866,20518,18061,17804,17369,16763,18284,16016,15790,15785,15964,18020,16432,16575,16792,16900,16839,18902,16646,16911,16978,17205,19984,18085,18837,19578,20856,26450,29114,41350,61928,94327,1.5899e+05,1.9548e+05,2.5067e+05,3.1099e+05,3.74e+05,4.3826e+05,5.6576e+05,5.6607e+05,6.2621e+05,6.7662e+05,7.1597e+05,8.6142e+05,8.6767e+05,1.033e+06,1.2509e+06,1.4443e+06,1.7135e+06,1.4209e+06,1.2253e+06,1.0072e+06,7.9064e+05,6.2818e+05,3.5466e+05,2.2315e+05,1.5331e+05,1.1902e+05,1.0111e+05,1.0275e+05,85940,82584,78370,74195,77607,67108,66078,66151,63637,65129,50019,42939,38134,34911,37210,31106,29595,28231,27084,25447,27342,22802,21678,20295,19546,20585,17709,16986,16067,15070,16218,13579,13293,12823,12292,13311,11461,11072,10717,10438,10149,11059,9198,9208,9017,8484,9255,7953,7930,7549,7205,8085,6969,6650,6428,6407,6379,6831,6041,5886,5636,5633,6128,5357,5160,5114,4859,5452,4577,4567,4304,4335,4786,4056,3997,3765,3827,3689,3957,3360,3430,3298,3130,3482,3027,2916,2835,2695,3111,2684,2603,2466,2431,2723,2331,2216,2175,2065,2024,2261,1952,1912,1801,1739,1972,1609,1614,1547,1523,1645,1470,1439,1358,1415,1437,1176,1239,1168,1120,1110,1244,1088,1052,943,973,1050,899,777,756,625,669,525,437,390,353,366,311,239,243,228,172,191,146,111,133,119,122,125,95,91,85,84,75,51,40,39,29,35,26,27,22,12,33,29,23,23,21,25,16,17,29,16,22,37,22,19,17,18,24,23,26,26,16,26,25,22,17,25,29,27,20,24,31,25,23,19,22,20,22,20,19,22,24,24,17,13,23,25,23,24,14,21,26,20,22,18,22,27,20,13,13,15,23,9,17,12,15,14,6,6,16,11,10,11,7,17,10,17,8,21,8,6,13,8,12,9,10,12,10,16,7,23,9,12,10,5,6,18,12,10,5,5,11,7,12,10,12,7,8,3,12,8,15,14,8,3,10,8,7,9,9,8,5,9,4,9,6,4,4,2,5,2,3,3,4,2,8,7,0,3,1,6,2,1,4,4,3,1,6,3,2,2,3,2,2,2,3,2,2,2,4,5,1,2,1,4,5,4,3,3,3,6,2,0,0,6,1,4,3,3,3,0,4,4,3,6,2,2,10,2,0,4,4,4,10,17,40
