-1026,-1019,-1012,-1005,-998.04,-991.05,-984.06,-977.07,-970.08,-963.09,-956.1,-949.11,-942.12,-935.13,-928.14,-921.15,-914.16,-907.17,-900.18,-893.19,-886.2,-879.21,-872.22,-865.23,-858.24,-851.25,-844.26,-837.27,-830.28,-823.29,-816.3,-809.31,-802.32,-795.33,-788.34,-781.35,-774.36,-767.37,-760.38,-753.39,-746.4,-739.41,-732.42,-725.43,-718.44,-711.45,-704.46,-697.47,-690.48,-683.49,-676.5,-669.51,-662.52,-655.53,-648.54,-641.55,-634.56,-627.57,-620.58,-613.59,-606.6,-599.61,-592.62,-585.63,-578.64,-571.65,-564.66,-557.67,-550.68,-543.69,-536.7,-529.71,-522.72,-515.73,-508.74,-501.75,-494.76,-487.77,-480.78,-473.79,-466.8,-459.81,-452.82,-445.83,-438.84,-431.85,-424.86,-417.87,-410.88,-403.89,-396.9,-389.91,-382.92,-375.93,-368.94,-361.95,-354.96,-347.97,-340.98,-333.99,-327,-320.01,-313.02,-306.03,-299.04,-292.05,-285.06,-278.07,-271.08,-264.09,-257.1,-250.11,-243.12,-236.13,-229.14,-222.15,-215.16,-208.17,-201.18,-194.19,-187.2,-180.21,-173.22,-166.23,-159.24,-152.25,-145.26,-138.27,-131.28,-124.29,-117.3,-110.31,-103.32,-96.33,-89.34,-82.35,-75.36,-68.37,-61.38,-54.39,-47.4,-40.41,-33.42,-26.43,-19.44,-12.45,-5.46,1.53,8.52,15.51,22.5,29.49,36.48,43.47,50.46,57.45,64.44,71.43,78.42,85.41,92.4,99.39,106.38,113.37,120.36,127.35,134.34,141.33,148.32,155.31,162.3,169.29,176.28,183.27,190.26,197.25,204.24,211.23,218.22,225.21,232.2,239.19,246.18,253.17,260.16,267.15,274.14,281.13,288.12,295.11,302.1,309.09,316.08,323.07,330.06,337.05,344.04,351.03,358.02,365.01,372,378.99,385.98,392.97,399.96,406.95,413.94,420.93,427.92,434.91,441.9,448.89,455.88,462.87,469.86,476.85,483.84,490.83,497.82,504.81,511.8,518.79,525.78,532.77,539.76,546.75,553.74,560.73,567.72,574.71,581.7,588.69,595.68,602.67,609.66,616.65,623.64,630.63,637.62,644.61,651.6,658.59,665.58,672.57,679.56,686.55,693.54,700.53,707.52,714.51,721.5,728.49,735.48,742.47,749.46,756.45,763.44,770.43,777.42,784.41,791.4,798.39,805.38,812.37,819.36,826.35,833.34,840.33,847.32,854.31,861.3,868.29,875.28,882.27,889.26,896.25,903.24,910.23,917.22,924.21,931.2,938.19,945.18,952.17,959.16,966.15,973.14,980.13,987.12,994.11,1001.1,1008.1,1015.1,1022.1,1029.1,1036.1,1043,1050,1057,1064,1071,1078,1085,1092,1099,1106,1112.9,1119.9,1126.9,1133.9,1140.9,1147.9,1154.9,1161.9,1168.9,1175.8,1182.8,1189.8,1196.8,1203.8,1210.8,1217.8,1224.8,1231.8,1238.8,1245.8,1252.7,1259.7,1266.7,1273.7,1280.7,1287.7,1294.7,1301.7,1308.7,1315.7,1322.6,1329.6,1336.6,1343.6,1350.6,1357.6,1364.6,1371.6,1378.6,1385.6,1392.5,1399.5,1406.5,1413.5,1420.5,1427.5,1434.5,1441.5,1448.5,1455.5,1462.4,1469.4,1476.4,1483.4,1490.4,1497.4,1504.4,1511.4,1518.4,1525.3,1532.3,1539.3,1546.3,1553.3,1560.3,1567.3,1574.3,1581.3,1588.3,1595.3,1602.2,1609.2,1616.2,1623.2,1630.2,1637.2,1644.2,1651.2,1658.2,1665.2,1672.1,1679.1,1686.1,1693.1,1700.1,1707.1,1714.1,1721.1,1728.1,1735.1,1742,1749,1756,1763,1770,1777,1784,1791,1798,1805,1811.9,1818.9,1825.9,1832.9,1839.9,1846.9,1853.9,1860.9,1867.9,1874.8,1881.8,1888.8,1895.8,1902.8,1909.8,1916.8,1923.8,1930.8,1937.8,1944.8,1951.7,1958.7,1965.7,1972.7,1979.7,1986.7,1993.7,2000.7,2007.7,2014.7,2021.6,2028.6,2035.6,2042.6,2049.6,2056.6,2063.6,2070.6,2077.6,2084.6,2091.5,2098.5,2105.5,2112.5,2119.5,2126.5,2133.5,2140.5,2147.5,2154.5,2161.4,2168.4,2175.4,2182.4,2189.4,2196.4,2203.4,2210.4,2217.4,2224.3,2231.3,2238.3,2245.3,2252.3,2259.3,2266.3,2273.3,2280.3,2287.3,2294.3,2301.2,2308.2,2315.2,2322.2,2329.2,2336.2,2343.2,2350.2,2357.2,2364.2,2371.1,2378.1,2385.1,2392.1,2399.1,2406.1,2413.1,2420.1,2427.1,2434.1,2441,2448,2455,2462,2469
-1024,-1015.8,-1007.6,-999.43,-991.24,-983.05,-974.86,-966.67,-958.48,-950.29,-942.1,-933.91,-925.72,-917.53,-909.34,-901.15,-892.96,-884.77,-876.58,-868.39,-860.2,-852.01,-843.82,-835.63,-827.44,-819.25,-811.06,-802.87,-794.68,-786.49,-778.3,-770.11,-761.92,-753.73,-745.54,-737.35,-729.16,-720.97,-712.78,-704.59,-696.4,-688.21,-680.02,-671.83,-663.64,-655.45,-647.26,-639.07,-630.88,-622.69,-614.5,-606.31,-598.12,-589.93,-581.74,-573.55,-565.36,-557.17,-548.98,-540.79,-532.6,-524.41,-516.22,-508.03,-499.84,-491.65,-483.46,-475.27,-467.08,-458.89,-450.7,-442.51,-434.32,-426.13,-417.94,-409.75,-401.56,-393.37,-385.18,-376.99,-368.8,-360.61,-352.42,-344.23,-336.04,-327.85,-319.66,-311.47,-303.28,-295.09,-286.9,-278.71,-270.52,-262.33,-254.14,-245.95,-237.76,-229.57,-221.38,-213.19,-205,-196.81,-188.62,-180.43,-172.24,-164.05,-155.86,-147.67,-139.48,-131.29,-123.1,-114.91,-106.72,-98.53,-90.34,-82.15,-73.96,-65.77,-57.58,-49.39,-41.2,-33.01,-24.82,-16.63,-8.44,-0.25,7.94,16.13,24.32,32.51,40.7,48.89,57.08,65.27,73.46,81.65,89.84,98.03,106.22,114.41,122.6,130.79,138.98,147.17,155.36,163.55,171.74,179.93,188.12,196.31,204.5,212.69,220.88,229.07,237.26,245.45,253.64,261.83,270.02,278.21,286.4,294.59,302.78,310.97,319.16,327.35,335.54,343.73,351.92,360.11,368.3,376.49,384.68,392.87,401.06,409.25,417.44,425.63,433.82,442.01,450.2,458.39,466.58,474.77,482.96,491.15,499.34,507.53,515.72,523.91,532.1,540.29,548.48,556.67,564.86,573.05,581.24,589.43,597.62,605.81,614,622.19,630.38,638.57,646.76,654.95,663.14,671.33,679.52,687.71,695.9,704.09,712.28,720.47,728.66,736.85,745.04,753.23,761.42,769.61,777.8,785.99,794.18,802.37,810.56,818.75,826.94,835.13,843.32,851.51,859.7,867.89,876.08,884.27,892.46,900.65,908.84,917.03,925.22,933.41,941.6,949.79,957.98,966.17,974.36,982.55,990.74,998.93,1007.1,1015.3,1023.5,1031.7,1039.9,1048.1,1056.3,1064.4,1072.6,1080.8,1089,1097.2,1105.4,1113.6,1121.8,1130,1138.2,1146.3,1154.5,1162.7,1170.9,1179.1,1187.3,1195.5,1203.7,1211.9,1220.1,1228.3,1236.4,1244.6,1252.8,1261,1269.2,1277.4,1285.6,1293.8,1302,1310.1,1318.3,1326.5,1334.7,1342.9,1351.1,1359.3,1367.5,1375.7,1383.9,1392,1400.2,1408.4,1416.6,1424.8,1433,1441.2,1449.4,1457.6,1465.8,1473.9,1482.1,1490.3,1498.5,1506.7,1514.9,1523.1,1531.3,1539.5,1547.7,1555.8,1564,1572.2,1580.4,1588.6,1596.8,1605,1613.2,1621.4,1629.6,1637.8,1645.9,1654.1,1662.3,1670.5,1678.7,1686.9,1695.1,1703.3,1711.5,1719.6,1727.8,1736,1744.2,1752.4,1760.6,1768.8,1777,1785.2,1793.4,1801.5,1809.7,1817.9,1826.1,1834.3,1842.5,1850.7,1858.9,1867.1,1875.3,1883.4,1891.6,1899.8,1908,1916.2,1924.4,1932.6,1940.8,1949,1957.2,1965.3,1973.5,1981.7,1989.9,1998.1,2006.3,2014.5,2022.7,2030.9,2039.1,2047.3,2055.4,2063.6,2071.8,2080,2088.2,2096.4,2104.6,2112.8,2121,2129.1,2137.3,2145.5,2153.7,2161.9,2170.1,2178.3,2186.5,2194.7,2202.9,2211,2219.2,2227.4,2235.6,2243.8,2252,2260.2,2268.4,2276.6,2284.8,2292.9,2301.1,2309.3,2317.5,2325.7,2333.9,2342.1,2350.3,2358.5,2366.7,2374.8,2383,2391.2,2399.4,2407.6,2415.8,2424,2432.2,2440.4,2448.6,2456.8,2464.9,2473.1,2481.3,2489.5,2497.7,2505.9,2514.1,2522.3,2530.5,2538.6,2546.8,2555,2563.2,2571.4,2579.6,2587.8,2596,2604.2,2612.4,2620.5,2628.7,2636.9,2645.1,2653.3,2661.5,2669.7,2677.9,2686.1,2694.3,2702.4,2710.6,2718.8,2727,2735.2,2743.4,2751.6,2759.8,2768,2776.2,2784.3,2792.5,2800.7,2808.9,2817.1,2825.3,2833.5,2841.7,2849.9,2858.1,2866.2,2874.4,2882.6,2890.8,2899,2907.2,2915.4,2923.6,2931.8,2940,2948.1,2956.3,2964.5,2972.7,2980.9,2989.1,2997.3,3005.5,3013.7,3021.9,3030,3038.2,3046.4,3054.6,3062.8,3071
-1025,-1019.2,-1013.5,-1007.7,-1001.9,-996.15,-990.38,-984.61,-978.84,-973.07,-967.3,-961.53,-955.76,-949.99,-944.22,-938.45,-932.68,-926.91,-921.14,-915.37,-909.6,-903.83,-898.06,-892.29,-886.52,-880.75,-874.98,-869.21,-863.44,-857.67,-851.9,-846.13,-840.36,-834.59,-828.82,-823.05,-817.28,-811.51,-805.74,-799.97,-794.2,-788.43,-782.66,-776.89,-771.12,-765.35,-759.58,-753.81,-748.04,-742.27,-736.5,-730.73,-724.96,-719.19,-713.42,-707.65,-701.88,-696.11,-690.34,-684.57,-678.8,-673.03,-667.26,-661.49,-655.72,-649.95,-644.18,-638.41,-632.64,-626.87,-621.1,-615.33,-609.56,-603.79,-598.02,-592.25,-586.48,-580.71,-574.94,-569.17,-563.4,-557.63,-551.86,-546.09,-540.32,-534.55,-528.78,-523.01,-517.24,-511.47,-505.7,-499.93,-494.16,-488.39,-482.62,-476.85,-471.08,-465.31,-459.54,-453.77,-448,-442.23,-436.46,-430.69,-424.92,-419.15,-413.38,-407.61,-401.84,-396.07,-390.3,-384.53,-378.76,-372.99,-367.22,-361.45,-355.68,-349.91,-344.14,-338.37,-332.6,-326.83,-321.06,-315.29,-309.52,-303.75,-297.98,-292.21,-286.44,-280.67,-274.9,-269.13,-263.36,-257.59,-251.82,-246.05,-240.28,-234.51,-228.74,-222.97,-217.2,-211.43,-205.66,-199.89,-194.12,-188.35,-182.58,-176.81,-171.04,-165.27,-159.5,-153.73,-147.96,-142.19,-136.42,-130.65,-124.88,-119.11,-113.34,-107.57,-101.8,-96.03,-90.26,-84.49,-78.72,-72.95,-67.18,-61.41,-55.64,-49.87,-44.1,-38.33,-32.56,-26.79,-21.02,-15.25,-9.48,-3.71,2.06,7.83,13.6,19.37,25.14,30.91,36.68,42.45,48.22,53.99,59.76,65.53,71.3,77.07,82.84,88.61,94.38,100.15,105.92,111.69,117.46,123.23,129,134.77,140.54,146.31,152.08,157.85,163.62,169.39,175.16,180.93,186.7,192.47,198.24,204.01,209.78,215.55,221.32,227.09,232.86,238.63,244.4,250.17,255.94,261.71,267.48,273.25,279.02,284.79,290.56,296.33,302.1,307.87,313.64,319.41,325.18,330.95,336.72,342.49,348.26,354.03,359.8,365.57,371.34,377.11,382.88,388.65,394.42,400.19,405.96,411.73,417.5,423.27,429.04,434.81,440.58,446.35,452.12,457.89,463.66,469.43,475.2,480.97,486.74,492.51,498.28,504.05,509.82,515.59,521.36,527.13,532.9,538.67,544.44,550.21,555.98,561.75,567.52,573.29,579.06,584.83,590.6,596.37,602.14,607.91,613.68,619.45,625.22,630.99,636.76,642.53,648.3,654.07,659.84,665.61,671.38,677.15,682.92,688.69,694.46,700.23,706,711.77,717.54,723.31,729.08,734.85,740.62,746.39,752.16,757.93,763.7,769.47,775.24,781.01,786.78,792.55,798.32,804.09,809.86,815.63,821.4,827.17,832.94,838.71,844.48,850.25,856.02,861.79,867.56,873.33,879.1,884.87,890.64,896.41,902.18,907.95,913.72,919.49,925.26,931.03,936.8,942.57,948.34,954.11,959.88,965.65,971.42,977.19,982.96,988.73,994.5,1000.3,1006,1011.8,1017.6,1023.4,1029.1,1034.9,1040.7,1046.4,1052.2,1058,1063.7,1069.5,1075.3,1081.1,1086.8,1092.6,1098.4,1104.1,1109.9,1115.7,1121.4,1127.2,1133,1138.8,1144.5,1150.3,1156.1,1161.8,1167.6,1173.4,1179.1,1184.9,1190.7,1196.5,1202.2,1208,1213.8,1219.5,1225.3,1231.1,1236.8,1242.6,1248.4,1254.2,1259.9,1265.7,1271.5,1277.2,1283,1288.8,1294.5,1300.3,1306.1,1311.9,1317.6,1323.4,1329.2,1334.9,1340.7,1346.5,1352.2,1358,1363.8,1369.6,1375.3,1381.1,1386.9,1392.6,1398.4,1404.2,1409.9,1415.7,1421.5,1427.3,1433,1438.8,1444.6,1450.3,1456.1,1461.9,1467.6,1473.4,1479.2,1485,1490.7,1496.5,1502.3,1508,1513.8,1519.6,1525.3,1531.1,1536.9,1542.7,1548.4,1554.2,1560,1565.7,1571.5,1577.3,1583,1588.8,1594.6,1600.4,1606.1,1611.9,1617.7,1623.4,1629.2,1635,1640.7,1646.5,1652.3,1658.1,1663.8,1669.6,1675.4,1681.1,1686.9,1692.7,1698.4,1704.2,1710,1715.8,1721.5,1727.3,1733.1,1738.8,1744.6,1750.4,1756.1,1761.9,1767.7,1773.5,1779.2,1785,1790.8,1796.5,1802.3,1808.1,1813.8,1819.6,1825.4,1831.2,1836.9,1842.7,1848.5,1854.2,1860
-1024,-1015.8,-1007.6,-999.43,-991.24,-983.05,-974.86,-966.67,-958.48,-950.29,-942.1,-933.91,-925.72,-917.53,-909.34,-901.15,-892.96,-884.77,-876.58,-868.39,-860.2,-852.01,-843.82,-835.63,-827.44,-819.25,-811.06,-802.87,-794.68,-786.49,-778.3,-770.11,-761.92,-753.73,-745.54,-737.35,-729.16,-720.97,-712.78,-704.59,-696.4,-688.21,-680.02,-671.83,-663.64,-655.45,-647.26,-639.07,-630.88,-622.69,-614.5,-606.31,-598.12,-589.93,-581.74,-573.55,-565.36,-557.17,-548.98,-540.79,-532.6,-524.41,-516.22,-508.03,-499.84,-491.65,-483.46,-475.27,-467.08,-458.89,-450.7,-442.51,-434.32,-426.13,-417.94,-409.75,-401.56,-393.37,-385.18,-376.99,-368.8,-360.61,-352.42,-344.23,-336.04,-327.85,-319.66,-311.47,-303.28,-295.09,-286.9,-278.71,-270.52,-262.33,-254.14,-245.95,-237.76,-229.57,-221.38,-213.19,-205,-196.81,-188.62,-180.43,-172.24,-164.05,-155.86,-147.67,-139.48,-131.29,-123.1,-114.91,-106.72,-98.53,-90.34,-82.15,-73.96,-65.77,-57.58,-49.39,-41.2,-33.01,-24.82,-16.63,-8.44,-0.25,7.94,16.13,24.32,32.51,40.7,48.89,57.08,65.27,73.46,81.65,89.84,98.03,106.22,114.41,122.6,130.79,138.98,147.17,155.36,163.55,171.74,179.93,188.12,196.31,204.5,212.69,220.88,229.07,237.26,245.45,253.64,261.83,270.02,278.21,286.4,294.59,302.78,310.97,319.16,327.35,335.54,343.73,351.92,360.11,368.3,376.49,384.68,392.87,401.06,409.25,417.44,425.63,433.82,442.01,450.2,458.39,466.58,474.77,482.96,491.15,499.34,507.53,515.72,523.91,532.1,540.29,548.48,556.67,564.86,573.05,581.24,589.43,597.62,605.81,614,622.19,630.38,638.57,646.76,654.95,663.14,671.33,679.52,687.71,695.9,704.09,712.28,720.47,728.66,736.85,745.04,753.23,761.42,769.61,777.8,785.99,794.18,802.37,810.56,818.75,826.94,835.13,843.32,851.51,859.7,867.89,876.08,884.27,892.46,900.65,908.84,917.03,925.22,933.41,941.6,949.79,957.98,966.17,974.36,982.55,990.74,998.93,1007.1,1015.3,1023.5,1031.7,1039.9,1048.1,1056.3,1064.4,1072.6,1080.8,1089,1097.2,1105.4,1113.6,1121.8,1130,1138.2,1146.3,1154.5,1162.7,1170.9,1179.1,1187.3,1195.5,1203.7,1211.9,1220.1,1228.3,1236.4,1244.6,1252.8,1261,1269.2,1277.4,1285.6,1293.8,1302,1310.1,1318.3,1326.5,1334.7,1342.9,1351.1,1359.3,1367.5,1375.7,1383.9,1392,1400.2,1408.4,1416.6,1424.8,1433,1441.2,1449.4,1457.6,1465.8,1473.9,1482.1,1490.3,1498.5,1506.7,1514.9,1523.1,1531.3,1539.5,1547.7,1555.8,1564,1572.2,1580.4,1588.6,1596.8,1605,1613.2,1621.4,1629.6,1637.8,1645.9,1654.1,1662.3,1670.5,1678.7,1686.9,1695.1,1703.3,1711.5,1719.6,1727.8,1736,1744.2,1752.4,1760.6,1768.8,1777,1785.2,1793.4,1801.5,1809.7,1817.9,1826.1,1834.3,1842.5,1850.7,1858.9,1867.1,1875.3,1883.4,1891.6,1899.8,1908,1916.2,1924.4,1932.6,1940.8,1949,1957.2,1965.3,1973.5,1981.7,1989.9,1998.1,2006.3,2014.5,2022.7,2030.9,2039.1,2047.3,2055.4,2063.6,2071.8,2080,2088.2,2096.4,2104.6,2112.8,2121,2129.1,2137.3,2145.5,2153.7,2161.9,2170.1,2178.3,2186.5,2194.7,2202.9,2211,2219.2,2227.4,2235.6,2243.8,2252,2260.2,2268.4,2276.6,2284.8,2292.9,2301.1,2309.3,2317.5,2325.7,2333.9,2342.1,2350.3,2358.5,2366.7,2374.8,2383,2391.2,2399.4,2407.6,2415.8,2424,2432.2,2440.4,2448.6,2456.8,2464.9,2473.1,2481.3,2489.5,2497.7,2505.9,2514.1,2522.3,2530.5,2538.6,2546.8,2555,2563.2,2571.4,2579.6,2587.8,2596,2604.2,2612.4,2620.5,2628.7,2636.9,2645.1,2653.3,2661.5,2669.7,2677.9,2686.1,2694.3,2702.4,2710.6,2718.8,2727,2735.2,2743.4,2751.6,2759.8,2768,2776.2,2784.3,2792.5,2800.7,2808.9,2817.1,2825.3,2833.5,2841.7,2849.9,2858.1,2866.2,2874.4,2882.6,2890.8,2899,2907.2,2915.4,2923.6,2931.8,2940,2948.1,2956.3,2964.5,2972.7,2980.9,2989.1,2997.3,3005.5,3013.7,3021.9,3030,3038.2,3046.4,3054.6,3062.8,3071
-1025,-1019.6,-1014.1,-1008.7,-1003.2,-997.8,-992.36,-986.92,-981.48,-976.04,-970.6,-965.16,-959.72,-954.28,-948.84,-943.4,-937.96,-932.52,-927.08,-921.64,-916.2,-910.76,-905.32,-899.88,-894.44,-889,-883.56,-878.12,-872.68,-867.24,-861.8,-856.36,-850.92,-845.48,-840.04,-834.6,-829.16,-823.72,-818.28,-812.84,-807.4,-801.96,-796.52,-791.08,-785.64,-780.2,-774.76,-769.32,-763.88,-758.44,-753,-747.56,-742.12,-736.68,-731.24,-725.8,-720.36,-714.92,-709.48,-704.04,-698.6,-693.16,-687.72,-682.28,-676.84,-671.4,-665.96,-660.52,-655.08,-649.64,-644.2,-638.76,-633.32,-627.88,-622.44,-617,-611.56,-606.12,-600.68,-595.24,-589.8,-584.36,-578.92,-573.48,-568.04,-562.6,-557.16,-551.72,-546.28,-540.84,-535.4,-529.96,-524.52,-519.08,-513.64,-508.2,-502.76,-497.32,-491.88,-486.44,-481,-475.56,-470.12,-464.68,-459.24,-453.8,-448.36,-442.92,-437.48,-432.04,-426.6,-421.16,-415.72,-410.28,-404.84,-399.4,-393.96,-388.52,-383.08,-377.64,-372.2,-366.76,-361.32,-355.88,-350.44,-345,-339.56,-334.12,-328.68,-323.24,-317.8,-312.36,-306.92,-301.48,-296.04,-290.6,-285.16,-279.72,-274.28,-268.84,-263.4,-257.96,-252.52,-247.08,-241.64,-236.2,-230.76,-225.32,-219.88,-214.44,-209,-203.56,-198.12,-192.68,-187.24,-181.8,-176.36,-170.92,-165.48,-160.04,-154.6,-149.16,-143.72,-138.28,-132.84,-127.4,-121.96,-116.52,-111.08,-105.64,-100.2,-94.76,-89.32,-83.88,-78.44,-73,-67.56,-62.12,-56.68,-51.24,-45.8,-40.36,-34.92,-29.48,-24.04,-18.6,-13.16,-7.72,-2.28,3.16,8.6,14.04,19.48,24.92,30.36,35.8,41.24,46.68,52.12,57.56,63,68.44,73.88,79.32,84.76,90.2,95.64,101.08,106.52,111.96,117.4,122.84,128.28,133.72,139.16,144.6,150.04,155.48,160.92,166.36,171.8,177.24,182.68,188.12,193.56,199,204.44,209.88,215.32,220.76,226.2,231.64,237.08,242.52,247.96,253.4,258.84,264.28,269.72,275.16,280.6,286.04,291.48,296.92,302.36,307.8,313.24,318.68,324.12,329.56,335,340.44,345.88,351.32,356.76,362.2,367.64,373.08,378.52,383.96,389.4,394.84,400.28,405.72,411.16,416.6,422.04,427.48,432.92,438.36,443.8,449.24,454.68,460.12,465.56,471,476.44,481.88,487.32,492.76,498.2,503.64,509.08,514.52,519.96,525.4,530.84,536.28,541.72,547.16,552.6,558.04,563.48,568.92,574.36,579.8,585.24,590.68,596.12,601.56,607,612.44,617.88,623.32,628.76,634.2,639.64,645.08,650.52,655.96,661.4,666.84,672.28,677.72,683.16,688.6,694.04,699.48,704.92,710.36,715.8,721.24,726.68,732.12,737.56,743,748.44,753.88,759.32,764.76,770.2,775.64,781.08,786.52,791.96,797.4,802.84,808.28,813.72,819.16,824.6,830.04,835.48,840.92,846.36,851.8,857.24,862.68,868.12,873.56,879,884.44,889.88,895.32,900.76,906.2,911.64,917.08,922.52,927.96,933.4,938.84,944.28,949.72,955.16,960.6,966.04,971.48,976.92,982.36,987.8,993.24,998.68,1004.1,1009.6,1015,1020.4,1025.9,1031.3,1036.8,1042.2,1047.6,1053.1,1058.5,1064,1069.4,1074.8,1080.3,1085.7,1091.2,1096.6,1102,1107.5,1112.9,1118.4,1123.8,1129.2,1134.7,1140.1,1145.6,1151,1156.4,1161.9,1167.3,1172.8,1178.2,1183.6,1189.1,1194.5,1200,1205.4,1210.8,1216.3,1221.7,1227.2,1232.6,1238,1243.5,1248.9,1254.4,1259.8,1265.2,1270.7,1276.1,1281.6,1287,1292.4,1297.9,1303.3,1308.8,1314.2,1319.6,1325.1,1330.5,1336,1341.4,1346.8,1352.3,1357.7,1363.2,1368.6,1374,1379.5,1384.9,1390.4,1395.8,1401.2,1406.7,1412.1,1417.6,1423,1428.4,1433.9,1439.3,1444.8,1450.2,1455.6,1461.1,1466.5,1472,1477.4,1482.8,1488.3,1493.7,1499.2,1504.6,1510,1515.5,1520.9,1526.4,1531.8,1537.2,1542.7,1548.1,1553.6,1559,1564.4,1569.9,1575.3,1580.8,1586.2,1591.6,1597.1,1602.5,1608,1613.4,1618.8,1624.3,1629.7,1635.2,1640.6,1646,1651.5,1656.9,1662.4,1667.8,1673.2,1678.7,1684.1,1689.6,1695
-1025,-1019.7,-1014.5,-1009.2,-1003.9,-998.65,-993.38,-988.11,-982.84,-977.57,-972.3,-967.03,-961.76,-956.49,-951.22,-945.95,-940.68,-935.41,-930.14,-924.87,-919.6,-914.33,-909.06,-903.79,-898.52,-893.25,-887.98,-882.71,-877.44,-872.17,-866.9,-861.63,-856.36,-851.09,-845.82,-840.55,-835.28,-830.01,-824.74,-819.47,-814.2,-808.93,-803.66,-798.39,-793.12,-787.85,-782.58,-777.31,-772.04,-766.77,-761.5,-756.23,-750.96,-745.69,-740.42,-735.15,-729.88,-724.61,-719.34,-714.07,-708.8,-703.53,-698.26,-692.99,-687.72,-682.45,-677.18,-671.91,-666.64,-661.37,-656.1,-650.83,-645.56,-640.29,-635.02,-629.75,-624.48,-619.21,-613.94,-608.67,-603.4,-598.13,-592.86,-587.59,-582.32,-577.05,-571.78,-566.51,-561.24,-555.97,-550.7,-545.43,-540.16,-534.89,-529.62,-524.35,-519.08,-513.81,-508.54,-503.27,-498,-492.73,-487.46,-482.19,-476.92,-471.65,-466.38,-461.11,-455.84,-450.57,-445.3,-440.03,-434.76,-429.49,-424.22,-418.95,-413.68,-408.41,-403.14,-397.87,-392.6,-387.33,-382.06,-376.79,-371.52,-366.25,-360.98,-355.71,-350.44,-345.17,-339.9,-334.63,-329.36,-324.09,-318.82,-313.55,-308.28,-303.01,-297.74,-292.47,-287.2,-281.93,-276.66,-271.39,-266.12,-260.85,-255.58,-250.31,-245.04,-239.77,-234.5,-229.23,-223.96,-218.69,-213.42,-208.15,-202.88,-197.61,-192.34,-187.07,-181.8,-176.53,-171.26,-165.99,-160.72,-155.45,-150.18,-144.91,-139.64,-134.37,-129.1,-123.83,-118.56,-113.29,-108.02,-102.75,-97.48,-92.21,-86.94,-81.67,-76.4,-71.13,-65.86,-60.59,-55.32,-50.05,-44.78,-39.51,-34.24,-28.97,-23.7,-18.43,-13.16,-7.89,-2.62,2.65,7.92,13.19,18.46,23.73,29,34.27,39.54,44.81,50.08,55.35,60.62,65.89,71.16,76.43,81.7,86.97,92.24,97.51,102.78,108.05,113.32,118.59,123.86,129.13,134.4,139.67,144.94,150.21,155.48,160.75,166.02,171.29,176.56,181.83,187.1,192.37,197.64,202.91,208.18,213.45,218.72,223.99,229.26,234.53,239.8,245.07,250.34,255.61,260.88,266.15,271.42,276.69,281.96,287.23,292.5,297.77,303.04,308.31,313.58,318.85,324.12,329.39,334.66,339.93,345.2,350.47,355.74,361.01,366.28,371.55,376.82,382.09,387.36,392.63,397.9,403.17,408.44,413.71,418.98,424.25,429.52,434.79,440.06,445.33,450.6,455.87,461.14,466.41,471.68,476.95,482.22,487.49,492.76,498.03,503.3,508.57,513.84,519.11,524.38,529.65,534.92,540.19,545.46,550.73,556,561.27,566.54,571.81,577.08,582.35,587.62,592.89,598.16,603.43,608.7,613.97,619.24,624.51,629.78,635.05,640.32,645.59,650.86,656.13,661.4,666.67,671.94,677.21,682.48,687.75,693.02,698.29,703.56,708.83,714.1,719.37,724.64,729.91,735.18,740.45,745.72,750.99,756.26,761.53,766.8,772.07,777.34,782.61,787.88,793.15,798.42,803.69,808.96,814.23,819.5,824.77,830.04,835.31,840.58,845.85,851.12,856.39,861.66,866.93,872.2,877.47,882.74,888.01,893.28,898.55,903.82,909.09,914.36,919.63,924.9,930.17,935.44,940.71,945.98,951.25,956.52,961.79,967.06,972.33,977.6,982.87,988.14,993.41,998.68,1004,1009.2,1014.5,1019.8,1025,1030.3,1035.6,1040.8,1046.1,1051.4,1056.7,1061.9,1067.2,1072.5,1077.7,1083,1088.3,1093.5,1098.8,1104.1,1109.4,1114.6,1119.9,1125.2,1130.4,1135.7,1141,1146.2,1151.5,1156.8,1162.1,1167.3,1172.6,1177.9,1183.1,1188.4,1193.7,1198.9,1204.2,1209.5,1214.8,1220,1225.3,1230.6,1235.8,1241.1,1246.4,1251.6,1256.9,1262.2,1267.5,1272.7,1278,1283.3,1288.5,1293.8,1299.1,1304.3,1309.6,1314.9,1320.2,1325.4,1330.7,1336,1341.2,1346.5,1351.8,1357,1362.3,1367.6,1372.9,1378.1,1383.4,1388.7,1393.9,1399.2,1404.5,1409.7,1415,1420.3,1425.6,1430.8,1436.1,1441.4,1446.6,1451.9,1457.2,1462.4,1467.7,1473,1478.3,1483.5,1488.8,1494.1,1499.3,1504.6,1509.9,1515.1,1520.4,1525.7,1531,1536.2,1541.5,1546.8,1552,1557.3,1562.6,1567.8,1573.1,1578.4,1583.7,1588.9,1594.2,1599.5,1604.7,1610
-1024,-1019.6,-1015.2,-1010.8,-1006.4,-1002,-997.6,-993.2,-988.8,-984.4,-980,-975.6,-971.2,-966.8,-962.4,-958,-953.6,-949.2,-944.8,-940.4,-936,-931.6,-927.2,-922.8,-918.4,-914,-909.6,-905.2,-900.8,-896.4,-892,-887.6,-883.2,-878.8,-874.4,-870,-865.6,-861.2,-856.8,-852.4,-848,-843.6,-839.2,-834.8,-830.4,-826,-821.6,-817.2,-812.8,-808.4,-804,-799.6,-795.2,-790.8,-786.4,-782,-777.6,-773.2,-768.8,-764.4,-760,-755.6,-751.2,-746.8,-742.4,-738,-733.6,-729.2,-724.8,-720.4,-716,-711.6,-707.2,-702.8,-698.4,-694,-689.6,-685.2,-680.8,-676.4,-672,-667.6,-663.2,-658.8,-654.4,-650,-645.6,-641.2,-636.8,-632.4,-628,-623.6,-619.2,-614.8,-610.4,-606,-601.6,-597.2,-592.8,-588.4,-584,-579.6,-575.2,-570.8,-566.4,-562,-557.6,-553.2,-548.8,-544.4,-540,-535.6,-531.2,-526.8,-522.4,-518,-513.6,-509.2,-504.8,-500.4,-496,-491.6,-487.2,-482.8,-478.4,-474,-469.6,-465.2,-460.8,-456.4,-452,-447.6,-443.2,-438.8,-434.4,-430,-425.6,-421.2,-416.8,-412.4,-408,-403.6,-399.2,-394.8,-390.4,-386,-381.6,-377.2,-372.8,-368.4,-364,-359.6,-355.2,-350.8,-346.4,-342,-337.6,-333.2,-328.8,-324.4,-320,-315.6,-311.2,-306.8,-302.4,-298,-293.6,-289.2,-284.8,-280.4,-276,-271.6,-267.2,-262.8,-258.4,-254,-249.6,-245.2,-240.8,-236.4,-232,-227.6,-223.2,-218.8,-214.4,-210,-205.6,-201.2,-196.8,-192.4,-188,-183.6,-179.2,-174.8,-170.4,-166,-161.6,-157.2,-152.8,-148.4,-144,-139.6,-135.2,-130.8,-126.4,-122,-117.6,-113.2,-108.8,-104.4,-100,-95.6,-91.2,-86.8,-82.4,-78,-73.6,-69.2,-64.8,-60.4,-56,-51.6,-47.2,-42.8,-38.4,-34,-29.6,-25.2,-20.8,-16.4,-12,-7.6,-3.2,1.2,5.6,10,14.4,18.8,23.2,27.6,32,36.4,40.8,45.2,49.6,54,58.4,62.8,67.2,71.6,76,80.4,84.8,89.2,93.6,98,102.4,106.8,111.2,115.6,120,124.4,128.8,133.2,137.6,142,146.4,150.8,155.2,159.6,164,168.4,172.8,177.2,181.6,186,190.4,194.8,199.2,203.6,208,212.4,216.8,221.2,225.6,230,234.4,238.8,243.2,247.6,252,256.4,260.8,265.2,269.6,274,278.4,282.8,287.2,291.6,296,300.4,304.8,309.2,313.6,318,322.4,326.8,331.2,335.6,340,344.4,348.8,353.2,357.6,362,366.4,370.8,375.2,379.6,384,388.4,392.8,397.2,401.6,406,410.4,414.8,419.2,423.6,428,432.4,436.8,441.2,445.6,450,454.4,458.8,463.2,467.6,472,476.4,480.8,485.2,489.6,494,498.4,502.8,507.2,511.6,516,520.4,524.8,529.2,533.6,538,542.4,546.8,551.2,555.6,560,564.4,568.8,573.2,577.6,582,586.4,590.8,595.2,599.6,604,608.4,612.8,617.2,621.6,626,630.4,634.8,639.2,643.6,648,652.4,656.8,661.2,665.6,670,674.4,678.8,683.2,687.6,692,696.4,700.8,705.2,709.6,714,718.4,722.8,727.2,731.6,736,740.4,744.8,749.2,753.6,758,762.4,766.8,771.2,775.6,780,784.4,788.8,793.2,797.6,802,806.4,810.8,815.2,819.6,824,828.4,832.8,837.2,841.6,846,850.4,854.8,859.2,863.6,868,872.4,876.8,881.2,885.6,890,894.4,898.8,903.2,907.6,912,916.4,920.8,925.2,929.6,934,938.4,942.8,947.2,951.6,956,960.4,964.8,969.2,973.6,978,982.4,986.8,991.2,995.6,1000,1004.4,1008.8,1013.2,1017.6,1022,1026.4,1030.8,1035.2,1039.6,1044,1048.4,1052.8,1057.2,1061.6,1066,1070.4,1074.8,1079.2,1083.6,1088,1092.4,1096.8,1101.2,1105.6,1110,1114.4,1118.8,1123.2,1127.6,1132,1136.4,1140.8,1145.2,1149.6,1154,1158.4,1162.8,1167.2,1171.6,1176
-1024,-1019.3,-1014.7,-1010,-1005.4,-1000.7,-996.04,-991.38,-986.72,-982.06,-977.4,-972.74,-968.08,-963.42,-958.76,-954.1,-949.44,-944.78,-940.12,-935.46,-930.8,-926.14,-921.48,-916.82,-912.16,-907.5,-902.84,-898.18,-893.52,-888.86,-884.2,-879.54,-874.88,-870.22,-865.56,-860.9,-856.24,-851.58,-846.92,-842.26,-837.6,-832.94,-828.28,-823.62,-818.96,-814.3,-809.64,-804.98,-800.32,-795.66,-791,-786.34,-781.68,-777.02,-772.36,-767.7,-763.04,-758.38,-753.72,-749.06,-744.4,-739.74,-735.08,-730.42,-725.76,-721.1,-716.44,-711.78,-707.12,-702.46,-697.8,-693.14,-688.48,-683.82,-679.16,-674.5,-669.84,-665.18,-660.52,-655.86,-651.2,-646.54,-641.88,-637.22,-632.56,-627.9,-623.24,-618.58,-613.92,-609.26,-604.6,-599.94,-595.28,-590.62,-585.96,-581.3,-576.64,-571.98,-567.32,-562.66,-558,-553.34,-548.68,-544.02,-539.36,-534.7,-530.04,-525.38,-520.72,-516.06,-511.4,-506.74,-502.08,-497.42,-492.76,-488.1,-483.44,-478.78,-474.12,-469.46,-464.8,-460.14,-455.48,-450.82,-446.16,-441.5,-436.84,-432.18,-427.52,-422.86,-418.2,-413.54,-408.88,-404.22,-399.56,-394.9,-390.24,-385.58,-380.92,-376.26,-371.6,-366.94,-362.28,-357.62,-352.96,-348.3,-343.64,-338.98,-334.32,-329.66,-325,-320.34,-315.68,-311.02,-306.36,-301.7,-297.04,-292.38,-287.72,-283.06,-278.4,-273.74,-269.08,-264.42,-259.76,-255.1,-250.44,-245.78,-241.12,-236.46,-231.8,-227.14,-222.48,-217.82,-213.16,-208.5,-203.84,-199.18,-194.52,-189.86,-185.2,-180.54,-175.88,-171.22,-166.56,-161.9,-157.24,-152.58,-147.92,-143.26,-138.6,-133.94,-129.28,-124.62,-119.96,-115.3,-110.64,-105.98,-101.32,-96.66,-92,-87.34,-82.68,-78.02,-73.36,-68.7,-64.04,-59.38,-54.72,-50.06,-45.4,-40.74,-36.08,-31.42,-26.76,-22.1,-17.44,-12.78,-8.12,-3.46,1.2,5.86,10.52,15.18,19.84,24.5,29.16,33.82,38.48,43.14,47.8,52.46,57.12,61.78,66.44,71.1,75.76,80.42,85.08,89.74,94.4,99.06,103.72,108.38,113.04,117.7,122.36,127.02,131.68,136.34,141,145.66,150.32,154.98,159.64,164.3,168.96,173.62,178.28,182.94,187.6,192.26,196.92,201.58,206.24,210.9,215.56,220.22,224.88,229.54,234.2,238.86,243.52,248.18,252.84,257.5,262.16,266.82,271.48,276.14,280.8,285.46,290.12,294.78,299.44,304.1,308.76,313.42,318.08,322.74,327.4,332.06,336.72,341.38,346.04,350.7,355.36,360.02,364.68,369.34,374,378.66,383.32,387.98,392.64,397.3,401.96,406.62,411.28,415.94,420.6,425.26,429.92,434.58,439.24,443.9,448.56,453.22,457.88,462.54,467.2,471.86,476.52,481.18,485.84,490.5,495.16,499.82,504.48,509.14,513.8,518.46,523.12,527.78,532.44,537.1,541.76,546.42,551.08,555.74,560.4,565.06,569.72,574.38,579.04,583.7,588.36,593.02,597.68,602.34,607,611.66,616.32,620.98,625.64,630.3,634.96,639.62,644.28,648.94,653.6,658.26,662.92,667.58,672.24,676.9,681.56,686.22,690.88,695.54,700.2,704.86,709.52,714.18,718.84,723.5,728.16,732.82,737.48,742.14,746.8,751.46,756.12,760.78,765.44,770.1,774.76,779.42,784.08,788.74,793.4,798.06,802.72,807.38,812.04,816.7,821.36,826.02,830.68,835.34,840,844.66,849.32,853.98,858.64,863.3,867.96,872.62,877.28,881.94,886.6,891.26,895.92,900.58,905.24,909.9,914.56,919.22,923.88,928.54,933.2,937.86,942.52,947.18,951.84,956.5,961.16,965.82,970.48,975.14,979.8,984.46,989.12,993.78,998.44,1003.1,1007.8,1012.4,1017.1,1021.7,1026.4,1031.1,1035.7,1040.4,1045,1049.7,1054.4,1059,1063.7,1068.3,1073,1077.7,1082.3,1087,1091.6,1096.3,1101,1105.6,1110.3,1114.9,1119.6,1124.3,1128.9,1133.6,1138.2,1142.9,1147.6,1152.2,1156.9,1161.5,1166.2,1170.9,1175.5,1180.2,1184.8,1189.5,1194.2,1198.8,1203.5,1208.1,1212.8,1217.5,1222.1,1226.8,1231.4,1236.1,1240.8,1245.4,1250.1,1254.7,1259.4,1264.1,1268.7,1273.4,1278,1282.7,1287.4,1292,1296.7,1301.3,1306
-1025,-1019.6,-1014.3,-1008.9,-1003.5,-998.15,-992.78,-987.41,-982.04,-976.67,-971.3,-965.93,-960.56,-955.19,-949.82,-944.45,-939.08,-933.71,-928.34,-922.97,-917.6,-912.23,-906.86,-901.49,-896.12,-890.75,-885.38,-880.01,-874.64,-869.27,-863.9,-858.53,-853.16,-847.79,-842.42,-837.05,-831.68,-826.31,-820.94,-815.57,-810.2,-804.83,-799.46,-794.09,-788.72,-783.35,-777.98,-772.61,-767.24,-761.87,-756.5,-751.13,-745.76,-740.39,-735.02,-729.65,-724.28,-718.91,-713.54,-708.17,-702.8,-697.43,-692.06,-686.69,-681.32,-675.95,-670.58,-665.21,-659.84,-654.47,-649.1,-643.73,-638.36,-632.99,-627.62,-622.25,-616.88,-611.51,-606.14,-600.77,-595.4,-590.03,-584.66,-579.29,-573.92,-568.55,-563.18,-557.81,-552.44,-547.07,-541.7,-536.33,-530.96,-525.59,-520.22,-514.85,-509.48,-504.11,-498.74,-493.37,-488,-482.63,-477.26,-471.89,-466.52,-461.15,-455.78,-450.41,-445.04,-439.67,-434.3,-428.93,-423.56,-418.19,-412.82,-407.45,-402.08,-396.71,-391.34,-385.97,-380.6,-375.23,-369.86,-364.49,-359.12,-353.75,-348.38,-343.01,-337.64,-332.27,-326.9,-321.53,-316.16,-310.79,-305.42,-300.05,-294.68,-289.31,-283.94,-278.57,-273.2,-267.83,-262.46,-257.09,-251.72,-246.35,-240.98,-235.61,-230.24,-224.87,-219.5,-214.13,-208.76,-203.39,-198.02,-192.65,-187.28,-181.91,-176.54,-171.17,-165.8,-160.43,-155.06,-149.69,-144.32,-138.95,-133.58,-128.21,-122.84,-117.47,-112.1,-106.73,-101.36,-95.99,-90.62,-85.25,-79.88,-74.51,-69.14,-63.77,-58.4,-53.03,-47.66,-42.29,-36.92,-31.55,-26.18,-20.81,-15.44,-10.07,-4.7,0.67,6.04,11.41,16.78,22.15,27.52,32.89,38.26,43.63,49,54.37,59.74,65.11,70.48,75.85,81.22,86.59,91.96,97.33,102.7,108.07,113.44,118.81,124.18,129.55,134.92,140.29,145.66,151.03,156.4,161.77,167.14,172.51,177.88,183.25,188.62,193.99,199.36,204.73,210.1,215.47,220.84,226.21,231.58,236.95,242.32,247.69,253.06,258.43,263.8,269.17,274.54,279.91,285.28,290.65,296.02,301.39,306.76,312.13,317.5,322.87,328.24,333.61,338.98,344.35,349.72,355.09,360.46,365.83,371.2,376.57,381.94,387.31,392.68,398.05,403.42,408.79,414.16,419.53,424.9,430.27,435.64,441.01,446.38,451.75,457.12,462.49,467.86,473.23,478.6,483.97,489.34,494.71,500.08,505.45,510.82,516.19,521.56,526.93,532.3,537.67,543.04,548.41,553.78,559.15,564.52,569.89,575.26,580.63,586,591.37,596.74,602.11,607.48,612.85,618.22,623.59,628.96,634.33,639.7,645.07,650.44,655.81,661.18,666.55,671.92,677.29,682.66,688.03,693.4,698.77,704.14,709.51,714.88,720.25,725.62,730.99,736.36,741.73,747.1,752.47,757.84,763.21,768.58,773.95,779.32,784.69,790.06,795.43,800.8,806.17,811.54,816.91,822.28,827.65,833.02,838.39,843.76,849.13,854.5,859.87,865.24,870.61,875.98,881.35,886.72,892.09,897.46,902.83,908.2,913.57,918.94,924.31,929.68,935.05,940.42,945.79,951.16,956.53,961.9,967.27,972.64,978.01,983.38,988.75,994.12,999.49,1004.9,1010.2,1015.6,1021,1026.3,1031.7,1037.1,1042.4,1047.8,1053.2,1058.6,1063.9,1069.3,1074.7,1080,1085.4,1090.8,1096.2,1101.5,1106.9,1112.3,1117.6,1123,1128.4,1133.7,1139.1,1144.5,1149.8,1155.2,1160.6,1166,1171.3,1176.7,1182.1,1187.4,1192.8,1198.2,1203.6,1208.9,1214.3,1219.7,1225,1230.4,1235.8,1241.1,1246.5,1251.9,1257.3,1262.6,1268,1273.4,1278.7,1284.1,1289.5,1294.8,1300.2,1305.6,1311,1316.3,1321.7,1327.1,1332.4,1337.8,1343.2,1348.5,1353.9,1359.3,1364.7,1370,1375.4,1380.8,1386.1,1391.5,1396.9,1402.2,1407.6,1413,1418.3,1423.7,1429.1,1434.5,1439.8,1445.2,1450.6,1455.9,1461.3,1466.7,1472.1,1477.4,1482.8,1488.2,1493.5,1498.9,1504.3,1509.6,1515,1520.4,1525.8,1531.1,1536.5,1541.9,1547.2,1552.6,1558,1563.3,1568.7,1574.1,1579.5,1584.8,1590.2,1595.6,1600.9,1606.3,1611.7,1617,1622.4,1627.8,1633.2,1638.5,1643.9,1649.3,1654.6,1660
-1025,-1019.7,-1014.4,-1009,-1003.7,-998.4,-993.08,-987.76,-982.44,-977.12,-971.8,-966.48,-961.16,-955.84,-950.52,-945.2,-939.88,-934.56,-929.24,-923.92,-918.6,-913.28,-907.96,-902.64,-897.32,-892,-886.68,-881.36,-876.04,-870.72,-865.4,-860.08,-854.76,-849.44,-844.12,-838.8,-833.48,-828.16,-822.84,-817.52,-812.2,-806.88,-801.56,-796.24,-790.92,-785.6,-780.28,-774.96,-769.64,-764.32,-759,-753.68,-748.36,-743.04,-737.72,-732.4,-727.08,-721.76,-716.44,-711.12,-705.8,-700.48,-695.16,-689.84,-684.52,-679.2,-673.88,-668.56,-663.24,-657.92,-652.6,-647.28,-641.96,-636.64,-631.32,-626,-620.68,-615.36,-610.04,-604.72,-599.4,-594.08,-588.76,-583.44,-578.12,-572.8,-567.48,-562.16,-556.84,-551.52,-546.2,-540.88,-535.56,-530.24,-524.92,-519.6,-514.28,-508.96,-503.64,-498.32,-493,-487.68,-482.36,-477.04,-471.72,-466.4,-461.08,-455.76,-450.44,-445.12,-439.8,-434.48,-429.16,-423.84,-418.52,-413.2,-407.88,-402.56,-397.24,-391.92,-386.6,-381.28,-375.96,-370.64,-365.32,-360,-354.68,-349.36,-344.04,-338.72,-333.4,-328.08,-322.76,-317.44,-312.12,-306.8,-301.48,-296.16,-290.84,-285.52,-280.2,-274.88,-269.56,-264.24,-258.92,-253.6,-248.28,-242.96,-237.64,-232.32,-227,-221.68,-216.36,-211.04,-205.72,-200.4,-195.08,-189.76,-184.44,-179.12,-173.8,-168.48,-163.16,-157.84,-152.52,-147.2,-141.88,-136.56,-131.24,-125.92,-120.6,-115.28,-109.96,-104.64,-99.32,-94,-88.68,-83.36,-78.04,-72.72,-67.4,-62.08,-56.76,-51.44,-46.12,-40.8,-35.48,-30.16,-24.84,-19.52,-14.2,-8.88,-3.56,1.76,7.08,12.4,17.72,23.04,28.36,33.68,39,44.32,49.64,54.96,60.28,65.6,70.92,76.24,81.56,86.88,92.2,97.52,102.84,108.16,113.48,118.8,124.12,129.44,134.76,140.08,145.4,150.72,156.04,161.36,166.68,172,177.32,182.64,187.96,193.28,198.6,203.92,209.24,214.56,219.88,225.2,230.52,235.84,241.16,246.48,251.8,257.12,262.44,267.76,273.08,278.4,283.72,289.04,294.36,299.68,305,310.32,315.64,320.96,326.28,331.6,336.92,342.24,347.56,352.88,358.2,363.52,368.84,374.16,379.48,384.8,390.12,395.44,400.76,406.08,411.4,416.72,422.04,427.36,432.68,438,443.32,448.64,453.96,459.28,464.6,469.92,475.24,480.56,485.88,491.2,496.52,501.84,507.16,512.48,517.8,523.12,528.44,533.76,539.08,544.4,549.72,555.04,560.36,565.68,571,576.32,581.64,586.96,592.28,597.6,602.92,608.24,613.56,618.88,624.2,629.52,634.84,640.16,645.48,650.8,656.12,661.44,666.76,672.08,677.4,682.72,688.04,693.36,698.68,704,709.32,714.64,719.96,725.28,730.6,735.92,741.24,746.56,751.88,757.2,762.52,767.84,773.16,778.48,783.8,789.12,794.44,799.76,805.08,810.4,815.72,821.04,826.36,831.68,837,842.32,847.64,852.96,858.28,863.6,868.92,874.24,879.56,884.88,890.2,895.52,900.84,906.16,911.48,916.8,922.12,927.44,932.76,938.08,943.4,948.72,954.04,959.36,964.68,970,975.32,980.64,985.96,991.28,996.6,1001.9,1007.2,1012.6,1017.9,1023.2,1028.5,1033.8,1039.2,1044.5,1049.8,1055.1,1060.4,1065.8,1071.1,1076.4,1081.7,1087,1092.4,1097.7,1103,1108.3,1113.6,1119,1124.3,1129.6,1134.9,1140.2,1145.6,1150.9,1156.2,1161.5,1166.8,1172.2,1177.5,1182.8,1188.1,1193.4,1198.8,1204.1,1209.4,1214.7,1220,1225.4,1230.7,1236,1241.3,1246.6,1252,1257.3,1262.6,1267.9,1273.2,1278.6,1283.9,1289.2,1294.5,1299.8,1305.2,1310.5,1315.8,1321.1,1326.4,1331.8,1337.1,1342.4,1347.7,1353,1358.4,1363.7,1369,1374.3,1379.6,1385,1390.3,1395.6,1400.9,1406.2,1411.6,1416.9,1422.2,1427.5,1432.8,1438.2,1443.5,1448.8,1454.1,1459.4,1464.8,1470.1,1475.4,1480.7,1486,1491.4,1496.7,1502,1507.3,1512.6,1518,1523.3,1528.6,1533.9,1539.2,1544.6,1549.9,1555.2,1560.5,1565.8,1571.2,1576.5,1581.8,1587.1,1592.4,1597.8,1603.1,1608.4,1613.7,1619,1624.4,1629.7,1635
-1024,-1015.8,-1007.6,-999.43,-991.24,-983.05,-974.86,-966.67,-958.48,-950.29,-942.1,-933.91,-925.72,-917.53,-909.34,-901.15,-892.96,-884.77,-876.58,-868.39,-860.2,-852.01,-843.82,-835.63,-827.44,-819.25,-811.06,-802.87,-794.68,-786.49,-778.3,-770.11,-761.92,-753.73,-745.54,-737.35,-729.16,-720.97,-712.78,-704.59,-696.4,-688.21,-680.02,-671.83,-663.64,-655.45,-647.26,-639.07,-630.88,-622.69,-614.5,-606.31,-598.12,-589.93,-581.74,-573.55,-565.36,-557.17,-548.98,-540.79,-532.6,-524.41,-516.22,-508.03,-499.84,-491.65,-483.46,-475.27,-467.08,-458.89,-450.7,-442.51,-434.32,-426.13,-417.94,-409.75,-401.56,-393.37,-385.18,-376.99,-368.8,-360.61,-352.42,-344.23,-336.04,-327.85,-319.66,-311.47,-303.28,-295.09,-286.9,-278.71,-270.52,-262.33,-254.14,-245.95,-237.76,-229.57,-221.38,-213.19,-205,-196.81,-188.62,-180.43,-172.24,-164.05,-155.86,-147.67,-139.48,-131.29,-123.1,-114.91,-106.72,-98.53,-90.34,-82.15,-73.96,-65.77,-57.58,-49.39,-41.2,-33.01,-24.82,-16.63,-8.44,-0.25,7.94,16.13,24.32,32.51,40.7,48.89,57.08,65.27,73.46,81.65,89.84,98.03,106.22,114.41,122.6,130.79,138.98,147.17,155.36,163.55,171.74,179.93,188.12,196.31,204.5,212.69,220.88,229.07,237.26,245.45,253.64,261.83,270.02,278.21,286.4,294.59,302.78,310.97,319.16,327.35,335.54,343.73,351.92,360.11,368.3,376.49,384.68,392.87,401.06,409.25,417.44,425.63,433.82,442.01,450.2,458.39,466.58,474.77,482.96,491.15,499.34,507.53,515.72,523.91,532.1,540.29,548.48,556.67,564.86,573.05,581.24,589.43,597.62,605.81,614,622.19,630.38,638.57,646.76,654.95,663.14,671.33,679.52,687.71,695.9,704.09,712.28,720.47,728.66,736.85,745.04,753.23,761.42,769.61,777.8,785.99,794.18,802.37,810.56,818.75,826.94,835.13,843.32,851.51,859.7,867.89,876.08,884.27,892.46,900.65,908.84,917.03,925.22,933.41,941.6,949.79,957.98,966.17,974.36,982.55,990.74,998.93,1007.1,1015.3,1023.5,1031.7,1039.9,1048.1,1056.3,1064.4,1072.6,1080.8,1089,1097.2,1105.4,1113.6,1121.8,1130,1138.2,1146.3,1154.5,1162.7,1170.9,1179.1,1187.3,1195.5,1203.7,1211.9,1220.1,1228.3,1236.4,1244.6,1252.8,1261,1269.2,1277.4,1285.6,1293.8,1302,1310.1,1318.3,1326.5,1334.7,1342.9,1351.1,1359.3,1367.5,1375.7,1383.9,1392,1400.2,1408.4,1416.6,1424.8,1433,1441.2,1449.4,1457.6,1465.8,1473.9,1482.1,1490.3,1498.5,1506.7,1514.9,1523.1,1531.3,1539.5,1547.7,1555.8,1564,1572.2,1580.4,1588.6,1596.8,1605,1613.2,1621.4,1629.6,1637.8,1645.9,1654.1,1662.3,1670.5,1678.7,1686.9,1695.1,1703.3,1711.5,1719.6,1727.8,1736,1744.2,1752.4,1760.6,1768.8,1777,1785.2,1793.4,1801.5,1809.7,1817.9,1826.1,1834.3,1842.5,1850.7,1858.9,1867.1,1875.3,1883.4,1891.6,1899.8,1908,1916.2,1924.4,1932.6,1940.8,1949,1957.2,1965.3,1973.5,1981.7,1989.9,1998.1,2006.3,2014.5,2022.7,2030.9,2039.1,2047.3,2055.4,2063.6,2071.8,2080,2088.2,2096.4,2104.6,2112.8,2121,2129.1,2137.3,2145.5,2153.7,2161.9,2170.1,2178.3,2186.5,2194.7,2202.9,2211,2219.2,2227.4,2235.6,2243.8,2252,2260.2,2268.4,2276.6,2284.8,2292.9,2301.1,2309.3,2317.5,2325.7,2333.9,2342.1,2350.3,2358.5,2366.7,2374.8,2383,2391.2,2399.4,2407.6,2415.8,2424,2432.2,2440.4,2448.6,2456.8,2464.9,2473.1,2481.3,2489.5,2497.7,2505.9,2514.1,2522.3,2530.5,2538.6,2546.8,2555,2563.2,2571.4,2579.6,2587.8,2596,2604.2,2612.4,2620.5,2628.7,2636.9,2645.1,2653.3,2661.5,2669.7,2677.9,2686.1,2694.3,2702.4,2710.6,2718.8,2727,2735.2,2743.4,2751.6,2759.8,2768,2776.2,2784.3,2792.5,2800.7,2808.9,2817.1,2825.3,2833.5,2841.7,2849.9,2858.1,2866.2,2874.4,2882.6,2890.8,2899,2907.2,2915.4,2923.6,2931.8,2940,2948.1,2956.3,2964.5,2972.7,2980.9,2989.1,2997.3,3005.5,3013.7,3021.9,3030,3038.2,3046.4,3054.6,3062.8,3071
-1024,-1019.1,-1014.1,-1009.2,-1004.2,-999.3,-994.36,-989.42,-984.48,-979.54,-974.6,-969.66,-964.72,-959.78,-954.84,-949.9,-944.96,-940.02,-935.08,-930.14,-925.2,-920.26,-915.32,-910.38,-905.44,-900.5,-895.56,-890.62,-885.68,-880.74,-875.8,-870.86,-865.92,-860.98,-856.04,-851.1,-846.16,-841.22,-836.28,-831.34,-826.4,-821.46,-816.52,-811.58,-806.64,-801.7,-796.76,-791.82,-786.88,-781.94,-777,-772.06,-767.12,-762.18,-757.24,-752.3,-747.36,-742.42,-737.48,-732.54,-727.6,-722.66,-717.72,-712.78,-707.84,-702.9,-697.96,-693.02,-688.08,-683.14,-678.2,-673.26,-668.32,-663.38,-658.44,-653.5,-648.56,-643.62,-638.68,-633.74,-628.8,-623.86,-618.92,-613.98,-609.04,-604.1,-599.16,-594.22,-589.28,-584.34,-579.4,-574.46,-569.52,-564.58,-559.64,-554.7,-549.76,-544.82,-539.88,-534.94,-530,-525.06,-520.12,-515.18,-510.24,-505.3,-500.36,-495.42,-490.48,-485.54,-480.6,-475.66,-470.72,-465.78,-460.84,-455.9,-450.96,-446.02,-441.08,-436.14,-431.2,-426.26,-421.32,-416.38,-411.44,-406.5,-401.56,-396.62,-391.68,-386.74,-381.8,-376.86,-371.92,-366.98,-362.04,-357.1,-352.16,-347.22,-342.28,-337.34,-332.4,-327.46,-322.52,-317.58,-312.64,-307.7,-302.76,-297.82,-292.88,-287.94,-283,-278.06,-273.12,-268.18,-263.24,-258.3,-253.36,-248.42,-243.48,-238.54,-233.6,-228.66,-223.72,-218.78,-213.84,-208.9,-203.96,-199.02,-194.08,-189.14,-184.2,-179.26,-174.32,-169.38,-164.44,-159.5,-154.56,-149.62,-144.68,-139.74,-134.8,-129.86,-124.92,-119.98,-115.04,-110.1,-105.16,-100.22,-95.28,-90.34,-85.4,-80.46,-75.52,-70.58,-65.64,-60.7,-55.76,-50.82,-45.88,-40.94,-36,-31.06,-26.12,-21.18,-16.24,-11.3,-6.36,-1.42,3.52,8.46,13.4,18.34,23.28,28.22,33.16,38.1,43.04,47.98,52.92,57.86,62.8,67.74,72.68,77.62,82.56,87.5,92.44,97.38,102.32,107.26,112.2,117.14,122.08,127.02,131.96,136.9,141.84,146.78,151.72,156.66,161.6,166.54,171.48,176.42,181.36,186.3,191.24,196.18,201.12,206.06,211,215.94,220.88,225.82,230.76,235.7,240.64,245.58,250.52,255.46,260.4,265.34,270.28,275.22,280.16,285.1,290.04,294.98,299.92,304.86,309.8,314.74,319.68,324.62,329.56,334.5,339.44,344.38,349.32,354.26,359.2,364.14,369.08,374.02,378.96,383.9,388.84,393.78,398.72,403.66,408.6,413.54,418.48,423.42,428.36,433.3,438.24,443.18,448.12,453.06,458,462.94,467.88,472.82,477.76,482.7,487.64,492.58,497.52,502.46,507.4,512.34,517.28,522.22,527.16,532.1,537.04,541.98,546.92,551.86,556.8,561.74,566.68,571.62,576.56,581.5,586.44,591.38,596.32,601.26,606.2,611.14,616.08,621.02,625.96,630.9,635.84,640.78,645.72,650.66,655.6,660.54,665.48,670.42,675.36,680.3,685.24,690.18,695.12,700.06,705,709.94,714.88,719.82,724.76,729.7,734.64,739.58,744.52,749.46,754.4,759.34,764.28,769.22,774.16,779.1,784.04,788.98,793.92,798.86,803.8,808.74,813.68,818.62,823.56,828.5,833.44,838.38,843.32,848.26,853.2,858.14,863.08,868.02,872.96,877.9,882.84,887.78,892.72,897.66,902.6,907.54,912.48,917.42,922.36,927.3,932.24,937.18,942.12,947.06,952,956.94,961.88,966.82,971.76,976.7,981.64,986.58,991.52,996.46,1001.4,1006.3,1011.3,1016.2,1021.2,1026.1,1031,1036,1040.9,1045.9,1050.8,1055.7,1060.7,1065.6,1070.6,1075.5,1080.4,1085.4,1090.3,1095.3,1100.2,1105.1,1110.1,1115,1120,1124.9,1129.8,1134.8,1139.7,1144.7,1149.6,1154.5,1159.5,1164.4,1169.4,1174.3,1179.2,1184.2,1189.1,1194.1,1199,1203.9,1208.9,1213.8,1218.8,1223.7,1228.6,1233.6,1238.5,1243.5,1248.4,1253.3,1258.3,1263.2,1268.2,1273.1,1278,1283,1287.9,1292.9,1297.8,1302.7,1307.7,1312.6,1317.6,1322.5,1327.4,1332.4,1337.3,1342.3,1347.2,1352.1,1357.1,1362,1367,1371.9,1376.8,1381.8,1386.7,1391.7,1396.6,1401.5,1406.5,1411.4,1416.4,1421.3,1426.2,1431.2,1436.1,1441.1,1446
-1025,-1019.6,-1014.2,-1008.8,-1003.4,-997.95,-992.54,-987.13,-981.72,-976.31,-970.9,-965.49,-960.08,-954.67,-949.26,-943.85,-938.44,-933.03,-927.62,-922.21,-916.8,-911.39,-905.98,-900.57,-895.16,-889.75,-884.34,-878.93,-873.52,-868.11,-862.7,-857.29,-851.88,-846.47,-841.06,-835.65,-830.24,-824.83,-819.42,-814.01,-808.6,-803.19,-797.78,-792.37,-786.96,-781.55,-776.14,-770.73,-765.32,-759.91,-754.5,-749.09,-743.68,-738.27,-732.86,-727.45,-722.04,-716.63,-711.22,-705.81,-700.4,-694.99,-689.58,-684.17,-678.76,-673.35,-667.94,-662.53,-657.12,-651.71,-646.3,-640.89,-635.48,-630.07,-624.66,-619.25,-613.84,-608.43,-603.02,-597.61,-592.2,-586.79,-581.38,-575.97,-570.56,-565.15,-559.74,-554.33,-548.92,-543.51,-538.1,-532.69,-527.28,-521.87,-516.46,-511.05,-505.64,-500.23,-494.82,-489.41,-484,-478.59,-473.18,-467.77,-462.36,-456.95,-451.54,-446.13,-440.72,-435.31,-429.9,-424.49,-419.08,-413.67,-408.26,-402.85,-397.44,-392.03,-386.62,-381.21,-375.8,-370.39,-364.98,-359.57,-354.16,-348.75,-343.34,-337.93,-332.52,-327.11,-321.7,-316.29,-310.88,-305.47,-300.06,-294.65,-289.24,-283.83,-278.42,-273.01,-267.6,-262.19,-256.78,-251.37,-245.96,-240.55,-235.14,-229.73,-224.32,-218.91,-213.5,-208.09,-202.68,-197.27,-191.86,-186.45,-181.04,-175.63,-170.22,-164.81,-159.4,-153.99,-148.58,-143.17,-137.76,-132.35,-126.94,-121.53,-116.12,-110.71,-105.3,-99.89,-94.48,-89.07,-83.66,-78.25,-72.84,-67.43,-62.02,-56.61,-51.2,-45.79,-40.38,-34.97,-29.56,-24.15,-18.74,-13.33,-7.92,-2.51,2.9,8.31,13.72,19.13,24.54,29.95,35.36,40.77,46.18,51.59,57,62.41,67.82,73.23,78.64,84.05,89.46,94.87,100.28,105.69,111.1,116.51,121.92,127.33,132.74,138.15,143.56,148.97,154.38,159.79,165.2,170.61,176.02,181.43,186.84,192.25,197.66,203.07,208.48,213.89,219.3,224.71,230.12,235.53,240.94,246.35,251.76,257.17,262.58,267.99,273.4,278.81,284.22,289.63,295.04,300.45,305.86,311.27,316.68,322.09,327.5,332.91,338.32,343.73,349.14,354.55,359.96,365.37,370.78,376.19,381.6,387.01,392.42,397.83,403.24,408.65,414.06,419.47,424.88,430.29,435.7,441.11,446.52,451.93,457.34,462.75,468.16,473.57,478.98,484.39,489.8,495.21,500.62,506.03,511.44,516.85,522.26,527.67,533.08,538.49,543.9,549.31,554.72,560.13,565.54,570.95,576.36,581.77,587.18,592.59,598,603.41,608.82,614.23,619.64,625.05,630.46,635.87,641.28,646.69,652.1,657.51,662.92,668.33,673.74,679.15,684.56,689.97,695.38,700.79,706.2,711.61,717.02,722.43,727.84,733.25,738.66,744.07,749.48,754.89,760.3,765.71,771.12,776.53,781.94,787.35,792.76,798.17,803.58,808.99,814.4,819.81,825.22,830.63,836.04,841.45,846.86,852.27,857.68,863.09,868.5,873.91,879.32,884.73,890.14,895.55,900.96,906.37,911.78,917.19,922.6,928.01,933.42,938.83,944.24,949.65,955.06,960.47,965.88,971.29,976.7,982.11,987.52,992.93,998.34,1003.8,1009.2,1014.6,1020,1025.4,1030.8,1036.2,1041.6,1047,1052.4,1057.8,1063.3,1068.7,1074.1,1079.5,1084.9,1090.3,1095.7,1101.1,1106.5,1112,1117.4,1122.8,1128.2,1133.6,1139,1144.4,1149.8,1155.2,1160.6,1166.1,1171.5,1176.9,1182.3,1187.7,1193.1,1198.5,1203.9,1209.3,1214.7,1220.2,1225.6,1231,1236.4,1241.8,1247.2,1252.6,1258,1263.4,1268.8,1274.3,1279.7,1285.1,1290.5,1295.9,1301.3,1306.7,1312.1,1317.5,1322.9,1328.3,1333.8,1339.2,1344.6,1350,1355.4,1360.8,1366.2,1371.6,1377,1382.5,1387.9,1393.3,1398.7,1404.1,1409.5,1414.9,1420.3,1425.7,1431.1,1436.6,1442,1447.4,1452.8,1458.2,1463.6,1469,1474.4,1479.8,1485.2,1490.7,1496.1,1501.5,1506.9,1512.3,1517.7,1523.1,1528.5,1533.9,1539.3,1544.8,1550.2,1555.6,1561,1566.4,1571.8,1577.2,1582.6,1588,1593.4,1598.8,1604.3,1609.7,1615.1,1620.5,1625.9,1631.3,1636.7,1642.1,1647.5,1653,1658.4,1663.8,1669.2,1674.6,1680
-1025,-1019.9,-1014.8,-1009.7,-1004.6,-999.55,-994.46,-989.37,-984.28,-979.19,-974.1,-969.01,-963.92,-958.83,-953.74,-948.65,-943.56,-938.47,-933.38,-928.29,-923.2,-918.11,-913.02,-907.93,-902.84,-897.75,-892.66,-887.57,-882.48,-877.39,-872.3,-867.21,-862.12,-857.03,-851.94,-846.85,-841.76,-836.67,-831.58,-826.49,-821.4,-816.31,-811.22,-806.13,-801.04,-795.95,-790.86,-785.77,-780.68,-775.59,-770.5,-765.41,-760.32,-755.23,-750.14,-745.05,-739.96,-734.87,-729.78,-724.69,-719.6,-714.51,-709.42,-704.33,-699.24,-694.15,-689.06,-683.97,-678.88,-673.79,-668.7,-663.61,-658.52,-653.43,-648.34,-643.25,-638.16,-633.07,-627.98,-622.89,-617.8,-612.71,-607.62,-602.53,-597.44,-592.35,-587.26,-582.17,-577.08,-571.99,-566.9,-561.81,-556.72,-551.63,-546.54,-541.45,-536.36,-531.27,-526.18,-521.09,-516,-510.91,-505.82,-500.73,-495.64,-490.55,-485.46,-480.37,-475.28,-470.19,-465.1,-460.01,-454.92,-449.83,-444.74,-439.65,-434.56,-429.47,-424.38,-419.29,-414.2,-409.11,-404.02,-398.93,-393.84,-388.75,-383.66,-378.57,-373.48,-368.39,-363.3,-358.21,-353.12,-348.03,-342.94,-337.85,-332.76,-327.67,-322.58,-317.49,-312.4,-307.31,-302.22,-297.13,-292.04,-286.95,-281.86,-276.77,-271.68,-266.59,-261.5,-256.41,-251.32,-246.23,-241.14,-236.05,-230.96,-225.87,-220.78,-215.69,-210.6,-205.51,-200.42,-195.33,-190.24,-185.15,-180.06,-174.97,-169.88,-164.79,-159.7,-154.61,-149.52,-144.43,-139.34,-134.25,-129.16,-124.07,-118.98,-113.89,-108.8,-103.71,-98.62,-93.53,-88.44,-83.35,-78.26,-73.17,-68.08,-62.99,-57.9,-52.81,-47.72,-42.63,-37.54,-32.45,-27.36,-22.27,-17.18,-12.09,-7,-1.91,3.18,8.27,13.36,18.45,23.54,28.63,33.72,38.81,43.9,48.99,54.08,59.17,64.26,69.35,74.44,79.53,84.62,89.71,94.8,99.89,104.98,110.07,115.16,120.25,125.34,130.43,135.52,140.61,145.7,150.79,155.88,160.97,166.06,171.15,176.24,181.33,186.42,191.51,196.6,201.69,206.78,211.87,216.96,222.05,227.14,232.23,237.32,242.41,247.5,252.59,257.68,262.77,267.86,272.95,278.04,283.13,288.22,293.31,298.4,303.49,308.58,313.67,318.76,323.85,328.94,334.03,339.12,344.21,349.3,354.39,359.48,364.57,369.66,374.75,379.84,384.93,390.02,395.11,400.2,405.29,410.38,415.47,420.56,425.65,430.74,435.83,440.92,446.01,451.1,456.19,461.28,466.37,471.46,476.55,481.64,486.73,491.82,496.91,502,507.09,512.18,517.27,522.36,527.45,532.54,537.63,542.72,547.81,552.9,557.99,563.08,568.17,573.26,578.35,583.44,588.53,593.62,598.71,603.8,608.89,613.98,619.07,624.16,629.25,634.34,639.43,644.52,649.61,654.7,659.79,664.88,669.97,675.06,680.15,685.24,690.33,695.42,700.51,705.6,710.69,715.78,720.87,725.96,731.05,736.14,741.23,746.32,751.41,756.5,761.59,766.68,771.77,776.86,781.95,787.04,792.13,797.22,802.31,807.4,812.49,817.58,822.67,827.76,832.85,837.94,843.03,848.12,853.21,858.3,863.39,868.48,873.57,878.66,883.75,888.84,893.93,899.02,904.11,909.2,914.29,919.38,924.47,929.56,934.65,939.74,944.83,949.92,955.01,960.1,965.19,970.28,975.37,980.46,985.55,990.64,995.73,1000.8,1005.9,1011,1016.1,1021.2,1026.3,1031.4,1036.4,1041.5,1046.6,1051.7,1056.8,1061.9,1067,1072.1,1077.2,1082.3,1087.3,1092.4,1097.5,1102.6,1107.7,1112.8,1117.9,1123,1128.1,1133.2,1138.3,1143.3,1148.4,1153.5,1158.6,1163.7,1168.8,1173.9,1179,1184.1,1189.2,1194.2,1199.3,1204.4,1209.5,1214.6,1219.7,1224.8,1229.9,1235,1240,1245.1,1250.2,1255.3,1260.4,1265.5,1270.6,1275.7,1280.8,1285.9,1290.9,1296,1301.1,1306.2,1311.3,1316.4,1321.5,1326.6,1331.7,1336.8,1341.8,1346.9,1352,1357.1,1362.2,1367.3,1372.4,1377.5,1382.6,1387.7,1392.8,1397.8,1402.9,1408,1413.1,1418.2,1423.3,1428.4,1433.5,1438.6,1443.7,1448.7,1453.8,1458.9,1464,1469.1,1474.2,1479.3,1484.4,1489.5,1494.5,1499.6,1504.7,1509.8,1514.9,1520
-1024,-1019.1,-1014.2,-1009.2,-1004.3,-999.41,-994.49,-989.57,-984.66,-979.74,-974.82,-969.9,-964.98,-960.07,-955.15,-950.23,-945.31,-940.39,-935.48,-930.56,-925.64,-920.72,-915.8,-910.89,-905.97,-901.05,-896.13,-891.21,-886.3,-881.38,-876.46,-871.54,-866.62,-861.71,-856.79,-851.87,-846.95,-842.03,-837.12,-832.2,-827.28,-822.36,-817.44,-812.53,-807.61,-802.69,-797.77,-792.85,-787.94,-783.02,-778.1,-773.18,-768.26,-763.35,-758.43,-753.51,-748.59,-743.67,-738.76,-733.84,-728.92,-724,-719.08,-714.17,-709.25,-704.33,-699.41,-694.49,-689.58,-684.66,-679.74,-674.82,-669.9,-664.99,-660.07,-655.15,-650.23,-645.31,-640.4,-635.48,-630.56,-625.64,-620.72,-615.81,-610.89,-605.97,-601.05,-596.13,-591.22,-586.3,-581.38,-576.46,-571.54,-566.63,-561.71,-556.79,-551.87,-546.95,-542.04,-537.12,-532.2,-527.28,-522.36,-517.45,-512.53,-507.61,-502.69,-497.77,-492.86,-487.94,-483.02,-478.1,-473.18,-468.27,-463.35,-458.43,-453.51,-448.59,-443.68,-438.76,-433.84,-428.92,-424,-419.09,-414.17,-409.25,-404.33,-399.41,-394.5,-389.58,-384.66,-379.74,-374.82,-369.91,-364.99,-360.07,-355.15,-350.23,-345.32,-340.4,-335.48,-330.56,-325.64,-320.73,-315.81,-310.89,-305.97,-301.05,-296.14,-291.22,-286.3,-281.38,-276.46,-271.55,-266.63,-261.71,-256.79,-251.87,-246.96,-242.04,-237.12,-232.2,-227.28,-222.37,-217.45,-212.53,-207.61,-202.69,-197.78,-192.86,-187.94,-183.02,-178.1,-173.19,-168.27,-163.35,-158.43,-153.51,-148.6,-143.68,-138.76,-133.84,-128.92,-124.01,-119.09,-114.17,-109.25,-104.33,-99.416,-94.498,-89.58,-84.662,-79.744,-74.826,-69.908,-64.99,-60.072,-55.154,-50.236,-45.318,-40.4,-35.482,-30.564,-25.646,-20.728,-15.81,-10.892,-5.974,-1.056,3.862,8.78,13.698,18.616,23.534,28.452,33.37,38.288,43.206,48.124,53.042,57.96,62.878,67.796,72.714,77.632,82.55,87.468,92.386,97.304,102.22,107.14,112.06,116.98,121.89,126.81,131.73,136.65,141.57,146.48,151.4,156.32,161.24,166.16,171.07,175.99,180.91,185.83,190.75,195.66,200.58,205.5,210.42,215.34,220.25,225.17,230.09,235.01,239.93,244.84,249.76,254.68,259.6,264.52,269.43,274.35,279.27,284.19,289.11,294.02,298.94,303.86,308.78,313.7,318.61,323.53,328.45,333.37,338.29,343.2,348.12,353.04,357.96,362.88,367.79,372.71,377.63,382.55,387.47,392.38,397.3,402.22,407.14,412.06,416.97,421.89,426.81,431.73,436.65,441.56,446.48,451.4,456.32,461.24,466.15,471.07,475.99,480.91,485.83,490.74,495.66,500.58,505.5,510.42,515.33,520.25,525.17,530.09,535.01,539.92,544.84,549.76,554.68,559.6,564.51,569.43,574.35,579.27,584.19,589.1,594.02,598.94,603.86,608.78,613.69,618.61,623.53,628.45,633.37,638.28,643.2,648.12,653.04,657.96,662.87,667.79,672.71,677.63,682.55,687.46,692.38,697.3,702.22,707.14,712.05,716.97,721.89,726.81,731.73,736.64,741.56,746.48,751.4,756.32,761.23,766.15,771.07,775.99,780.91,785.82,790.74,795.66,800.58,805.5,810.41,815.33,820.25,825.17,830.09,835,839.92,844.84,849.76,854.68,859.59,864.51,869.43,874.35,879.27,884.18,889.1,894.02,898.94,903.86,908.77,913.69,918.61,923.53,928.45,933.36,938.28,943.2,948.12,953.04,957.95,962.87,967.79,972.71,977.63,982.54,987.46,992.38,997.3,1002.2,1007.1,1012.1,1017,1021.9,1026.8,1031.7,1036.6,1041.6,1046.5,1051.4,1056.3,1061.2,1066.2,1071.1,1076,1080.9,1085.8,1090.7,1095.7,1100.6,1105.5,1110.4,1115.3,1120.2,1125.2,1130.1,1135,1139.9,1144.8,1149.8,1154.7,1159.6,1164.5,1169.4,1174.3,1179.3,1184.2,1189.1,1194,1198.9,1203.9,1208.8,1213.7,1218.6,1223.5,1228.4,1233.4,1238.3,1243.2,1248.1,1253,1258,1262.9,1267.8,1272.7,1277.6,1282.5,1287.5,1292.4,1297.3,1302.2,1307.1,1312.1,1317,1321.9,1326.8,1331.7,1336.6,1341.6,1346.5,1351.4,1356.3,1361.2,1366.1,1371.1,1376,1380.9,1385.8,1390.7,1395.7,1400.6,1405.5,1410.4,1415.3,1420.2,1425.2,1430.1,1435
-1024,-1015.8,-1007.6,-999.43,-991.24,-983.05,-974.86,-966.67,-958.48,-950.29,-942.1,-933.91,-925.72,-917.53,-909.34,-901.15,-892.96,-884.77,-876.58,-868.39,-860.2,-852.01,-843.82,-835.63,-827.44,-819.25,-811.06,-802.87,-794.68,-786.49,-778.3,-770.11,-761.92,-753.73,-745.54,-737.35,-729.16,-720.97,-712.78,-704.59,-696.4,-688.21,-680.02,-671.83,-663.64,-655.45,-647.26,-639.07,-630.88,-622.69,-614.5,-606.31,-598.12,-589.93,-581.74,-573.55,-565.36,-557.17,-548.98,-540.79,-532.6,-524.41,-516.22,-508.03,-499.84,-491.65,-483.46,-475.27,-467.08,-458.89,-450.7,-442.51,-434.32,-426.13,-417.94,-409.75,-401.56,-393.37,-385.18,-376.99,-368.8,-360.61,-352.42,-344.23,-336.04,-327.85,-319.66,-311.47,-303.28,-295.09,-286.9,-278.71,-270.52,-262.33,-254.14,-245.95,-237.76,-229.57,-221.38,-213.19,-205,-196.81,-188.62,-180.43,-172.24,-164.05,-155.86,-147.67,-139.48,-131.29,-123.1,-114.91,-106.72,-98.53,-90.34,-82.15,-73.96,-65.77,-57.58,-49.39,-41.2,-33.01,-24.82,-16.63,-8.44,-0.25,7.94,16.13,24.32,32.51,40.7,48.89,57.08,65.27,73.46,81.65,89.84,98.03,106.22,114.41,122.6,130.79,138.98,147.17,155.36,163.55,171.74,179.93,188.12,196.31,204.5,212.69,220.88,229.07,237.26,245.45,253.64,261.83,270.02,278.21,286.4,294.59,302.78,310.97,319.16,327.35,335.54,343.73,351.92,360.11,368.3,376.49,384.68,392.87,401.06,409.25,417.44,425.63,433.82,442.01,450.2,458.39,466.58,474.77,482.96,491.15,499.34,507.53,515.72,523.91,532.1,540.29,548.48,556.67,564.86,573.05,581.24,589.43,597.62,605.81,614,622.19,630.38,638.57,646.76,654.95,663.14,671.33,679.52,687.71,695.9,704.09,712.28,720.47,728.66,736.85,745.04,753.23,761.42,769.61,777.8,785.99,794.18,802.37,810.56,818.75,826.94,835.13,843.32,851.51,859.7,867.89,876.08,884.27,892.46,900.65,908.84,917.03,925.22,933.41,941.6,949.79,957.98,966.17,974.36,982.55,990.74,998.93,1007.1,1015.3,1023.5,1031.7,1039.9,1048.1,1056.3,1064.4,1072.6,1080.8,1089,1097.2,1105.4,1113.6,1121.8,1130,1138.2,1146.3,1154.5,1162.7,1170.9,1179.1,1187.3,1195.5,1203.7,1211.9,1220.1,1228.3,1236.4,1244.6,1252.8,1261,1269.2,1277.4,1285.6,1293.8,1302,1310.1,1318.3,1326.5,1334.7,1342.9,1351.1,1359.3,1367.5,1375.7,1383.9,1392,1400.2,1408.4,1416.6,1424.8,1433,1441.2,1449.4,1457.6,1465.8,1473.9,1482.1,1490.3,1498.5,1506.7,1514.9,1523.1,1531.3,1539.5,1547.7,1555.8,1564,1572.2,1580.4,1588.6,1596.8,1605,1613.2,1621.4,1629.6,1637.8,1645.9,1654.1,1662.3,1670.5,1678.7,1686.9,1695.1,1703.3,1711.5,1719.6,1727.8,1736,1744.2,1752.4,1760.6,1768.8,1777,1785.2,1793.4,1801.5,1809.7,1817.9,1826.1,1834.3,1842.5,1850.7,1858.9,1867.1,1875.3,1883.4,1891.6,1899.8,1908,1916.2,1924.4,1932.6,1940.8,1949,1957.2,1965.3,1973.5,1981.7,1989.9,1998.1,2006.3,2014.5,2022.7,2030.9,2039.1,2047.3,2055.4,2063.6,2071.8,2080,2088.2,2096.4,2104.6,2112.8,2121,2129.1,2137.3,2145.5,2153.7,2161.9,2170.1,2178.3,2186.5,2194.7,2202.9,2211,2219.2,2227.4,2235.6,2243.8,2252,2260.2,2268.4,2276.6,2284.8,2292.9,2301.1,2309.3,2317.5,2325.7,2333.9,2342.1,2350.3,2358.5,2366.7,2374.8,2383,2391.2,2399.4,2407.6,2415.8,2424,2432.2,2440.4,2448.6,2456.8,2464.9,2473.1,2481.3,2489.5,2497.7,2505.9,2514.1,2522.3,2530.5,2538.6,2546.8,2555,2563.2,2571.4,2579.6,2587.8,2596,2604.2,2612.4,2620.5,2628.7,2636.9,2645.1,2653.3,2661.5,2669.7,2677.9,2686.1,2694.3,2702.4,2710.6,2718.8,2727,2735.2,2743.4,2751.6,2759.8,2768,2776.2,2784.3,2792.5,2800.7,2808.9,2817.1,2825.3,2833.5,2841.7,2849.9,2858.1,2866.2,2874.4,2882.6,2890.8,2899,2907.2,2915.4,2923.6,2931.8,2940,2948.1,2956.3,2964.5,2972.7,2980.9,2989.1,2997.3,3005.5,3013.7,3021.9,3030,3038.2,3046.4,3054.6,3062.8,3071
-1025,-1019.9,-1014.8,-1009.8,-1004.7,-999.6,-994.52,-989.44,-984.36,-979.28,-974.2,-969.12,-964.04,-958.96,-953.88,-948.8,-943.72,-938.64,-933.56,-928.48,-923.4,-918.32,-913.24,-908.16,-903.08,-898,-892.92,-887.84,-882.76,-877.68,-872.6,-867.52,-862.44,-857.36,-852.28,-847.2,-842.12,-837.04,-831.96,-826.88,-821.8,-816.72,-811.64,-806.56,-801.48,-796.4,-791.32,-786.24,-781.16,-776.08,-771,-765.92,-760.84,-755.76,-750.68,-745.6,-740.52,-735.44,-730.36,-725.28,-720.2,-715.12,-710.04,-704.96,-699.88,-694.8,-689.72,-684.64,-679.56,-674.48,-669.4,-664.32,-659.24,-654.16,-649.08,-644,-638.92,-633.84,-628.76,-623.68,-618.6,-613.52,-608.44,-603.36,-598.28,-593.2,-588.12,-583.04,-577.96,-572.88,-567.8,-562.72,-557.64,-552.56,-547.48,-542.4,-537.32,-532.24,-527.16,-522.08,-517,-511.92,-506.84,-501.76,-496.68,-491.6,-486.52,-481.44,-476.36,-471.28,-466.2,-461.12,-456.04,-450.96,-445.88,-440.8,-435.72,-430.64,-425.56,-420.48,-415.4,-410.32,-405.24,-400.16,-395.08,-390,-384.92,-379.84,-374.76,-369.68,-364.6,-359.52,-354.44,-349.36,-344.28,-339.2,-334.12,-329.04,-323.96,-318.88,-313.8,-308.72,-303.64,-298.56,-293.48,-288.4,-283.32,-278.24,-273.16,-268.08,-263,-257.92,-252.84,-247.76,-242.68,-237.6,-232.52,-227.44,-222.36,-217.28,-212.2,-207.12,-202.04,-196.96,-191.88,-186.8,-181.72,-176.64,-171.56,-166.48,-161.4,-156.32,-151.24,-146.16,-141.08,-136,-130.92,-125.84,-120.76,-115.68,-110.6,-105.52,-100.44,-95.36,-90.28,-85.2,-80.12,-75.04,-69.96,-64.88,-59.8,-54.72,-49.64,-44.56,-39.48,-34.4,-29.32,-24.24,-19.16,-14.08,-9,-3.92,1.16,6.24,11.32,16.4,21.48,26.56,31.64,36.72,41.8,46.88,51.96,57.04,62.12,67.2,72.28,77.36,82.44,87.52,92.6,97.68,102.76,107.84,112.92,118,123.08,128.16,133.24,138.32,143.4,148.48,153.56,158.64,163.72,168.8,173.88,178.96,184.04,189.12,194.2,199.28,204.36,209.44,214.52,219.6,224.68,229.76,234.84,239.92,245,250.08,255.16,260.24,265.32,270.4,275.48,280.56,285.64,290.72,295.8,300.88,305.96,311.04,316.12,321.2,326.28,331.36,336.44,341.52,346.6,351.68,356.76,361.84,366.92,372,377.08,382.16,387.24,392.32,397.4,402.48,407.56,412.64,417.72,422.8,427.88,432.96,438.04,443.12,448.2,453.28,458.36,463.44,468.52,473.6,478.68,483.76,488.84,493.92,499,504.08,509.16,514.24,519.32,524.4,529.48,534.56,539.64,544.72,549.8,554.88,559.96,565.04,570.12,575.2,580.28,585.36,590.44,595.52,600.6,605.68,610.76,615.84,620.92,626,631.08,636.16,641.24,646.32,651.4,656.48,661.56,666.64,671.72,676.8,681.88,686.96,692.04,697.12,702.2,707.28,712.36,717.44,722.52,727.6,732.68,737.76,742.84,747.92,753,758.08,763.16,768.24,773.32,778.4,783.48,788.56,793.64,798.72,803.8,808.88,813.96,819.04,824.12,829.2,834.28,839.36,844.44,849.52,854.6,859.68,864.76,869.84,874.92,880,885.08,890.16,895.24,900.32,905.4,910.48,915.56,920.64,925.72,930.8,935.88,940.96,946.04,951.12,956.2,961.28,966.36,971.44,976.52,981.6,986.68,991.76,996.84,1001.9,1007,1012.1,1017.2,1022.2,1027.3,1032.4,1037.5,1042.6,1047.6,1052.7,1057.8,1062.9,1068,1073,1078.1,1083.2,1088.3,1093.4,1098.4,1103.5,1108.6,1113.7,1118.8,1123.8,1128.9,1134,1139.1,1144.2,1149.2,1154.3,1159.4,1164.5,1169.6,1174.6,1179.7,1184.8,1189.9,1195,1200,1205.1,1210.2,1215.3,1220.4,1225.4,1230.5,1235.6,1240.7,1245.8,1250.8,1255.9,1261,1266.1,1271.2,1276.2,1281.3,1286.4,1291.5,1296.6,1301.6,1306.7,1311.8,1316.9,1322,1327,1332.1,1337.2,1342.3,1347.4,1352.4,1357.5,1362.6,1367.7,1372.8,1377.8,1382.9,1388,1393.1,1398.2,1403.2,1408.3,1413.4,1418.5,1423.6,1428.6,1433.7,1438.8,1443.9,1449,1454,1459.1,1464.2,1469.3,1474.4,1479.4,1484.5,1489.6,1494.7,1499.8,1504.8,1509.9,1515
-1026,-1019.4,-1012.8,-1006.2,-999.6,-993,-986.4,-979.8,-973.2,-966.6,-960,-953.4,-946.8,-940.2,-933.6,-927,-920.4,-913.8,-907.2,-900.6,-894,-887.4,-880.8,-874.2,-867.6,-861,-854.4,-847.8,-841.2,-834.6,-828,-821.4,-814.8,-808.2,-801.6,-795,-788.4,-781.8,-775.2,-768.6,-762,-755.4,-748.8,-742.2,-735.6,-729,-722.4,-715.8,-709.2,-702.6,-696,-689.4,-682.8,-676.2,-669.6,-663,-656.4,-649.8,-643.2,-636.6,-630,-623.4,-616.8,-610.2,-603.6,-597,-590.4,-583.8,-577.2,-570.6,-564,-557.4,-550.8,-544.2,-537.6,-531,-524.4,-517.8,-511.2,-504.6,-498,-491.4,-484.8,-478.2,-471.6,-465,-458.4,-451.8,-445.2,-438.6,-432,-425.4,-418.8,-412.2,-405.6,-399,-392.4,-385.8,-379.2,-372.6,-366,-359.4,-352.8,-346.2,-339.6,-333,-326.4,-319.8,-313.2,-306.6,-300,-293.4,-286.8,-280.2,-273.6,-267,-260.4,-253.8,-247.2,-240.6,-234,-227.4,-220.8,-214.2,-207.6,-201,-194.4,-187.8,-181.2,-174.6,-168,-161.4,-154.8,-148.2,-141.6,-135,-128.4,-121.8,-115.2,-108.6,-102,-95.4,-88.8,-82.2,-75.6,-69,-62.4,-55.8,-49.2,-42.6,-36,-29.4,-22.8,-16.2,-9.6,-3,3.6,10.2,16.8,23.4,30,36.6,43.2,49.8,56.4,63,69.6,76.2,82.8,89.4,96,102.6,109.2,115.8,122.4,129,135.6,142.2,148.8,155.4,162,168.6,175.2,181.8,188.4,195,201.6,208.2,214.8,221.4,228,234.6,241.2,247.8,254.4,261,267.6,274.2,280.8,287.4,294,300.6,307.2,313.8,320.4,327,333.6,340.2,346.8,353.4,360,366.6,373.2,379.8,386.4,393,399.6,406.2,412.8,419.4,426,432.6,439.2,445.8,452.4,459,465.6,472.2,478.8,485.4,492,498.6,505.2,511.8,518.4,525,531.6,538.2,544.8,551.4,558,564.6,571.2,577.8,584.4,591,597.6,604.2,610.8,617.4,624,630.6,637.2,643.8,650.4,657,663.6,670.2,676.8,683.4,690,696.6,703.2,709.8,716.4,723,729.6,736.2,742.8,749.4,756,762.6,769.2,775.8,782.4,789,795.6,802.2,808.8,815.4,822,828.6,835.2,841.8,848.4,855,861.6,868.2,874.8,881.4,888,894.6,901.2,907.8,914.4,921,927.6,934.2,940.8,947.4,954,960.6,967.2,973.8,980.4,987,993.6,1000.2,1006.8,1013.4,1020,1026.6,1033.2,1039.8,1046.4,1053,1059.6,1066.2,1072.8,1079.4,1086,1092.6,1099.2,1105.8,1112.4,1119,1125.6,1132.2,1138.8,1145.4,1152,1158.6,1165.2,1171.8,1178.4,1185,1191.6,1198.2,1204.8,1211.4,1218,1224.6,1231.2,1237.8,1244.4,1251,1257.6,1264.2,1270.8,1277.4,1284,1290.6,1297.2,1303.8,1310.4,1317,1323.6,1330.2,1336.8,1343.4,1350,1356.6,1363.2,1369.8,1376.4,1383,1389.6,1396.2,1402.8,1409.4,1416,1422.6,1429.2,1435.8,1442.4,1449,1455.6,1462.2,1468.8,1475.4,1482,1488.6,1495.2,1501.8,1508.4,1515,1521.6,1528.2,1534.8,1541.4,1548,1554.6,1561.2,1567.8,1574.4,1581,1587.6,1594.2,1600.8,1607.4,1614,1620.6,1627.2,1633.8,1640.4,1647,1653.6,1660.2,1666.8,1673.4,1680,1686.6,1693.2,1699.8,1706.4,1713,1719.6,1726.2,1732.8,1739.4,1746,1752.6,1759.2,1765.8,1772.4,1779,1785.6,1792.2,1798.8,1805.4,1812,1818.6,1825.2,1831.8,1838.4,1845,1851.6,1858.2,1864.8,1871.4,1878,1884.6,1891.2,1897.8,1904.4,1911,1917.6,1924.2,1930.8,1937.4,1944,1950.6,1957.2,1963.8,1970.4,1977,1983.6,1990.2,1996.8,2003.4,2010,2016.6,2023.2,2029.8,2036.4,2043,2049.6,2056.2,2062.8,2069.4,2076,2082.6,2089.2,2095.8,2102.4,2109,2115.6,2122.2,2128.8,2135.4,2142,2148.6,2155.2,2161.8,2168.4,2175,2181.6,2188.2,2194.8,2201.4,2208,2214.6,2221.2,2227.8,2234.4,2241,2247.6,2254.2,2260.8,2267.4,2274
-1024,-1015.8,-1007.6,-999.43,-991.24,-983.05,-974.86,-966.67,-958.48,-950.29,-942.1,-933.91,-925.72,-917.53,-909.34,-901.15,-892.96,-884.77,-876.58,-868.39,-860.2,-852.01,-843.82,-835.63,-827.44,-819.25,-811.06,-802.87,-794.68,-786.49,-778.3,-770.11,-761.92,-753.73,-745.54,-737.35,-729.16,-720.97,-712.78,-704.59,-696.4,-688.21,-680.02,-671.83,-663.64,-655.45,-647.26,-639.07,-630.88,-622.69,-614.5,-606.31,-598.12,-589.93,-581.74,-573.55,-565.36,-557.17,-548.98,-540.79,-532.6,-524.41,-516.22,-508.03,-499.84,-491.65,-483.46,-475.27,-467.08,-458.89,-450.7,-442.51,-434.32,-426.13,-417.94,-409.75,-401.56,-393.37,-385.18,-376.99,-368.8,-360.61,-352.42,-344.23,-336.04,-327.85,-319.66,-311.47,-303.28,-295.09,-286.9,-278.71,-270.52,-262.33,-254.14,-245.95,-237.76,-229.57,-221.38,-213.19,-205,-196.81,-188.62,-180.43,-172.24,-164.05,-155.86,-147.67,-139.48,-131.29,-123.1,-114.91,-106.72,-98.53,-90.34,-82.15,-73.96,-65.77,-57.58,-49.39,-41.2,-33.01,-24.82,-16.63,-8.44,-0.25,7.94,16.13,24.32,32.51,40.7,48.89,57.08,65.27,73.46,81.65,89.84,98.03,106.22,114.41,122.6,130.79,138.98,147.17,155.36,163.55,171.74,179.93,188.12,196.31,204.5,212.69,220.88,229.07,237.26,245.45,253.64,261.83,270.02,278.21,286.4,294.59,302.78,310.97,319.16,327.35,335.54,343.73,351.92,360.11,368.3,376.49,384.68,392.87,401.06,409.25,417.44,425.63,433.82,442.01,450.2,458.39,466.58,474.77,482.96,491.15,499.34,507.53,515.72,523.91,532.1,540.29,548.48,556.67,564.86,573.05,581.24,589.43,597.62,605.81,614,622.19,630.38,638.57,646.76,654.95,663.14,671.33,679.52,687.71,695.9,704.09,712.28,720.47,728.66,736.85,745.04,753.23,761.42,769.61,777.8,785.99,794.18,802.37,810.56,818.75,826.94,835.13,843.32,851.51,859.7,867.89,876.08,884.27,892.46,900.65,908.84,917.03,925.22,933.41,941.6,949.79,957.98,966.17,974.36,982.55,990.74,998.93,1007.1,1015.3,1023.5,1031.7,1039.9,1048.1,1056.3,1064.4,1072.6,1080.8,1089,1097.2,1105.4,1113.6,1121.8,1130,1138.2,1146.3,1154.5,1162.7,1170.9,1179.1,1187.3,1195.5,1203.7,1211.9,1220.1,1228.3,1236.4,1244.6,1252.8,1261,1269.2,1277.4,1285.6,1293.8,1302,1310.1,1318.3,1326.5,1334.7,1342.9,1351.1,1359.3,1367.5,1375.7,1383.9,1392,1400.2,1408.4,1416.6,1424.8,1433,1441.2,1449.4,1457.6,1465.8,1473.9,1482.1,1490.3,1498.5,1506.7,1514.9,1523.1,1531.3,1539.5,1547.7,1555.8,1564,1572.2,1580.4,1588.6,1596.8,1605,1613.2,1621.4,1629.6,1637.8,1645.9,1654.1,1662.3,1670.5,1678.7,1686.9,1695.1,1703.3,1711.5,1719.6,1727.8,1736,1744.2,1752.4,1760.6,1768.8,1777,1785.2,1793.4,1801.5,1809.7,1817.9,1826.1,1834.3,1842.5,1850.7,1858.9,1867.1,1875.3,1883.4,1891.6,1899.8,1908,1916.2,1924.4,1932.6,1940.8,1949,1957.2,1965.3,1973.5,1981.7,1989.9,1998.1,2006.3,2014.5,2022.7,2030.9,2039.1,2047.3,2055.4,2063.6,2071.8,2080,2088.2,2096.4,2104.6,2112.8,2121,2129.1,2137.3,2145.5,2153.7,2161.9,2170.1,2178.3,2186.5,2194.7,2202.9,2211,2219.2,2227.4,2235.6,2243.8,2252,2260.2,2268.4,2276.6,2284.8,2292.9,2301.1,2309.3,2317.5,2325.7,2333.9,2342.1,2350.3,2358.5,2366.7,2374.8,2383,2391.2,2399.4,2407.6,2415.8,2424,2432.2,2440.4,2448.6,2456.8,2464.9,2473.1,2481.3,2489.5,2497.7,2505.9,2514.1,2522.3,2530.5,2538.6,2546.8,2555,2563.2,2571.4,2579.6,2587.8,2596,2604.2,2612.4,2620.5,2628.7,2636.9,2645.1,2653.3,2661.5,2669.7,2677.9,2686.1,2694.3,2702.4,2710.6,2718.8,2727,2735.2,2743.4,2751.6,2759.8,2768,2776.2,2784.3,2792.5,2800.7,2808.9,2817.1,2825.3,2833.5,2841.7,2849.9,2858.1,2866.2,2874.4,2882.6,2890.8,2899,2907.2,2915.4,2923.6,2931.8,2940,2948.1,2956.3,2964.5,2972.7,2980.9,2989.1,2997.3,3005.5,3013.7,3021.9,3030,3038.2,3046.4,3054.6,3062.8,3071
