-1024,-1015.8,-1007.6,-999.43,-991.24,-983.05,-974.86,-966.67,-958.48,-950.29,-942.1,-933.91,-925.72,-917.53,-909.34,-901.15,-892.96,-884.77,-876.58,-868.39,-860.2,-852.01,-843.82,-835.63,-827.44,-819.25,-811.06,-802.87,-794.68,-786.49,-778.3,-770.11,-761.92,-753.73,-745.54,-737.35,-729.16,-720.97,-712.78,-704.59,-696.4,-688.21,-680.02,-671.83,-663.64,-655.45,-647.26,-639.07,-630.88,-622.69,-614.5,-606.31,-598.12,-589.93,-581.74,-573.55,-565.36,-557.17,-548.98,-540.79,-532.6,-524.41,-516.22,-508.03,-499.84,-491.65,-483.46,-475.27,-467.08,-458.89,-450.7,-442.51,-434.32,-426.13,-417.94,-409.75,-401.56,-393.37,-385.18,-376.99,-368.8,-360.61,-352.42,-344.23,-336.04,-327.85,-319.66,-311.47,-303.28,-295.09,-286.9,-278.71,-270.52,-262.33,-254.14,-245.95,-237.76,-229.57,-221.38,-213.19,-205,-196.81,-188.62,-180.43,-172.24,-164.05,-155.86,-147.67,-139.48,-131.29,-123.1,-114.91,-106.72,-98.53,-90.34,-82.15,-73.96,-65.77,-57.58,-49.39,-41.2,-33.01,-24.82,-16.63,-8.44,-0.25,7.94,16.13,24.32,32.51,40.7,48.89,57.08,65.27,73.46,81.65,89.84,98.03,106.22,114.41,122.6,130.79,138.98,147.17,155.36,163.55,171.74,179.93,188.12,196.31,204.5,212.69,220.88,229.07,237.26,245.45,253.64,261.83,270.02,278.21,286.4,294.59,302.78,310.97,319.16,327.35,335.54,343.73,351.92,360.11,368.3,376.49,384.68,392.87,401.06,409.25,417.44,425.63,433.82,442.01,450.2,458.39,466.58,474.77,482.96,491.15,499.34,507.53,515.72,523.91,532.1,540.29,548.48,556.67,564.86,573.05,581.24,589.43,597.62,605.81,614,622.19,630.38,638.57,646.76,654.95,663.14,671.33,679.52,687.71,695.9,704.09,712.28,720.47,728.66,736.85,745.04,753.23,761.42,769.61,777.8,785.99,794.18,802.37,810.56,818.75,826.94,835.13,843.32,851.51,859.7,867.89,876.08,884.27,892.46,900.65,908.84,917.03,925.22,933.41,941.6,949.79,957.98,966.17,974.36,982.55,990.74,998.93,1007.1,1015.3,1023.5,1031.7,1039.9,1048.1,1056.3,1064.4,1072.6,1080.8,1089,1097.2,1105.4,1113.6,1121.8,1130,1138.2,1146.3,1154.5,1162.7,1170.9,1179.1,1187.3,1195.5,1203.7,1211.9,1220.1,1228.3,1236.4,1244.6,1252.8,1261,1269.2,1277.4,1285.6,1293.8,1302,1310.1,1318.3,1326.5,1334.7,1342.9,1351.1,1359.3,1367.5,1375.7,1383.9,1392,1400.2,1408.4,1416.6,1424.8,1433,1441.2,1449.4,1457.6,1465.8,1473.9,1482.1,1490.3,1498.5,1506.7,1514.9,1523.1,1531.3,1539.5,1547.7,1555.8,1564,1572.2,1580.4,1588.6,1596.8,1605,1613.2,1621.4,1629.6,1637.8,1645.9,1654.1,1662.3,1670.5,1678.7,1686.9,1695.1,1703.3,1711.5,1719.6,1727.8,1736,1744.2,1752.4,1760.6,1768.8,1777,1785.2,1793.4,1801.5,1809.7,1817.9,1826.1,1834.3,1842.5,1850.7,1858.9,1867.1,1875.3,1883.4,1891.6,1899.8,1908,1916.2,1924.4,1932.6,1940.8,1949,1957.2,1965.3,1973.5,1981.7,1989.9,1998.1,2006.3,2014.5,2022.7,2030.9,2039.1,2047.3,2055.4,2063.6,2071.8,2080,2088.2,2096.4,2104.6,2112.8,2121,2129.1,2137.3,2145.5,2153.7,2161.9,2170.1,2178.3,2186.5,2194.7,2202.9,2211,2219.2,2227.4,2235.6,2243.8,2252,2260.2,2268.4,2276.6,2284.8,2292.9,2301.1,2309.3,2317.5,2325.7,2333.9,2342.1,2350.3,2358.5,2366.7,2374.8,2383,2391.2,2399.4,2407.6,2415.8,2424,2432.2,2440.4,2448.6,2456.8,2464.9,2473.1,2481.3,2489.5,2497.7,2505.9,2514.1,2522.3,2530.5,2538.6,2546.8,2555,2563.2,2571.4,2579.6,2587.8,2596,2604.2,2612.4,2620.5,2628.7,2636.9,2645.1,2653.3,2661.5,2669.7,2677.9,2686.1,2694.3,2702.4,2710.6,2718.8,2727,2735.2,2743.4,2751.6,2759.8,2768,2776.2,2784.3,2792.5,2800.7,2808.9,2817.1,2825.3,2833.5,2841.7,2849.9,2858.1,2866.2,2874.4,2882.6,2890.8,2899,2907.2,2915.4,2923.6,2931.8,2940,2948.1,2956.3,2964.5,2972.7,2980.9,2989.1,2997.3,3005.5,3013.7,3021.9,3030,3038.2,3046.4,3054.6,3062.8,3071
-1024,-1019.4,-1014.9,-1010.3,-1005.7,-1001.1,-996.56,-991.98,-987.41,-982.83,-978.26,-973.69,-969.11,-964.54,-959.96,-955.39,-950.82,-946.24,-941.67,-937.09,-932.52,-927.95,-923.37,-918.8,-914.22,-909.65,-905.08,-900.5,-895.93,-891.35,-886.78,-882.21,-877.63,-873.06,-868.48,-863.91,-859.34,-854.76,-850.19,-845.61,-841.04,-836.47,-831.89,-827.32,-822.74,-818.17,-813.6,-809.02,-804.45,-799.87,-795.3,-790.73,-786.15,-781.58,-777,-772.43,-767.86,-763.28,-758.71,-754.13,-749.56,-744.99,-740.41,-735.84,-731.26,-726.69,-722.12,-717.54,-712.97,-708.39,-703.82,-699.25,-694.67,-690.1,-685.52,-680.95,-676.38,-671.8,-667.23,-662.65,-658.08,-653.51,-648.93,-644.36,-639.78,-635.21,-630.64,-626.06,-621.49,-616.91,-612.34,-607.77,-603.19,-598.62,-594.04,-589.47,-584.9,-580.32,-575.75,-571.17,-566.6,-562.03,-557.45,-552.88,-548.3,-543.73,-539.16,-534.58,-530.01,-525.43,-520.86,-516.29,-511.71,-507.14,-502.56,-497.99,-493.42,-488.84,-484.27,-479.69,-475.12,-470.55,-465.97,-461.4,-456.82,-452.25,-447.68,-443.1,-438.53,-433.95,-429.38,-424.81,-420.23,-415.66,-411.08,-406.51,-401.94,-397.36,-392.79,-388.21,-383.64,-379.07,-374.49,-369.92,-365.34,-360.77,-356.2,-351.62,-347.05,-342.47,-337.9,-333.33,-328.75,-324.18,-319.6,-315.03,-310.46,-305.88,-301.31,-296.73,-292.16,-287.59,-283.01,-278.44,-273.86,-269.29,-264.72,-260.14,-255.57,-250.99,-246.42,-241.85,-237.27,-232.7,-228.12,-223.55,-218.98,-214.4,-209.83,-205.25,-200.68,-196.11,-191.53,-186.96,-182.38,-177.81,-173.24,-168.66,-164.09,-159.51,-154.94,-150.37,-145.79,-141.22,-136.64,-132.07,-127.5,-122.92,-118.35,-113.77,-109.2,-104.63,-100.05,-95.478,-90.904,-86.33,-81.756,-77.182,-72.608,-68.034,-63.46,-58.886,-54.312,-49.738,-45.164,-40.59,-36.016,-31.442,-26.868,-22.294,-17.72,-13.146,-8.572,-3.998,0.576,5.15,9.724,14.298,18.872,23.446,28.02,32.594,37.168,41.742,46.316,50.89,55.464,60.038,64.612,69.186,73.76,78.334,82.908,87.482,92.056,96.63,101.2,105.78,110.35,114.93,119.5,124.07,128.65,133.22,137.8,142.37,146.94,151.52,156.09,160.67,165.24,169.81,174.39,178.96,183.54,188.11,192.68,197.26,201.83,206.41,210.98,215.55,220.13,224.7,229.28,233.85,238.42,243,247.57,252.15,256.72,261.29,265.87,270.44,275.02,279.59,284.16,288.74,293.31,297.89,302.46,307.03,311.61,316.18,320.76,325.33,329.9,334.48,339.05,343.63,348.2,352.77,357.35,361.92,366.5,371.07,375.64,380.22,384.79,389.37,393.94,398.51,403.09,407.66,412.24,416.81,421.38,425.96,430.53,435.11,439.68,444.25,448.83,453.4,457.98,462.55,467.12,471.7,476.27,480.85,485.42,489.99,494.57,499.14,503.72,508.29,512.86,517.44,522.01,526.59,531.16,535.73,540.31,544.88,549.46,554.03,558.6,563.18,567.75,572.33,576.9,581.47,586.05,590.62,595.2,599.77,604.34,608.92,613.49,618.07,622.64,627.21,631.79,636.36,640.94,645.51,650.08,654.66,659.23,663.81,668.38,672.95,677.53,682.1,686.68,691.25,695.82,700.4,704.97,709.55,714.12,718.69,723.27,727.84,732.42,736.99,741.56,746.14,750.71,755.29,759.86,764.43,769.01,773.58,778.16,782.73,787.3,791.88,796.45,801.03,805.6,810.17,814.75,819.32,823.9,828.47,833.04,837.62,842.19,846.77,851.34,855.91,860.49,865.06,869.64,874.21,878.78,883.36,887.93,892.51,897.08,901.65,906.23,910.8,915.38,919.95,924.52,929.1,933.67,938.25,942.82,947.39,951.97,956.54,961.12,965.69,970.26,974.84,979.41,983.99,988.56,993.13,997.71,1002.3,1006.9,1011.4,1016,1020.6,1025.2,1029.7,1034.3,1038.9,1043.4,1048,1052.6,1057.2,1061.7,1066.3,1070.9,1075.5,1080,1084.6,1089.2,1093.8,1098.3,1102.9,1107.5,1112.1,1116.6,1121.2,1125.8,1130.4,1134.9,1139.5,1144.1,1148.7,1153.2,1157.8,1162.4,1166.9,1171.5,1176.1,1180.7,1185.2,1189.8,1194.4,1199,1203.5,1208.1,1212.7,1217.3,1221.8,1226.4,1231,1235.6,1240.1,1244.7,1249.3,1253.9,1258.4,1263
-1024,-1019,-1014,-1009,-1004,-999,-994,-989,-984,-979,-974,-969,-964,-959,-954,-949,-944,-939,-934,-929,-924,-919,-914,-909,-904,-899,-894,-889,-884,-879,-874,-869,-864,-859,-854,-849,-844,-839,-834,-829,-824,-819,-814,-809,-804,-799,-794,-789,-784,-779,-774,-769,-764,-759,-754,-749,-744,-739,-734,-729,-724,-719,-714,-709,-704,-699,-694,-689,-684,-679,-674,-669,-664,-659,-654,-649,-644,-639,-634,-629,-624,-619,-614,-609,-604,-599,-594,-589,-584,-579,-574,-569,-564,-559,-554,-549,-544,-539,-534,-529,-524,-519,-514,-509,-504,-499,-494,-489,-484,-479,-474,-469,-464,-459,-454,-449,-444,-439,-434,-429,-424,-419,-414,-409,-404,-399,-394,-389,-384,-379,-374,-369,-364,-359,-354,-349,-344,-339,-334,-329,-324,-319,-314,-309,-304,-299,-294,-289,-284,-279,-274,-269,-264,-259,-254,-249,-244,-239,-234,-229,-224,-219,-214,-209,-204,-199,-194,-189,-184,-179,-174,-169,-164,-159,-154,-149,-144,-139,-134,-129,-124,-119,-114,-109,-104,-99,-94,-89,-84,-79,-74,-69,-64,-59,-54,-49,-44,-39,-34,-29,-24,-19,-14,-9,-4,1,6,11,16,21,26,31,36,41,46,51,56,61,66,71,76,81,86,91,96,101,106,111,116,121,126,131,136,141,146,151,156,161,166,171,176,181,186,191,196,201,206,211,216,221,226,231,236,241,246,251,256,261,266,271,276,281,286,291,296,301,306,311,316,321,326,331,336,341,346,351,356,361,366,371,376,381,386,391,396,401,406,411,416,421,426,431,436,441,446,451,456,461,466,471,476,481,486,491,496,501,506,511,516,521,526,531,536,541,546,551,556,561,566,571,576,581,586,591,596,601,606,611,616,621,626,631,636,641,646,651,656,661,666,671,676,681,686,691,696,701,706,711,716,721,726,731,736,741,746,751,756,761,766,771,776,781,786,791,796,801,806,811,816,821,826,831,836,841,846,851,856,861,866,871,876,881,886,891,896,901,906,911,916,921,926,931,936,941,946,951,956,961,966,971,976,981,986,991,996,1001,1006,1011,1016,1021,1026,1031,1036,1041,1046,1051,1056,1061,1066,1071,1076,1081,1086,1091,1096,1101,1106,1111,1116,1121,1126,1131,1136,1141,1146,1151,1156,1161,1166,1171,1176,1181,1186,1191,1196,1201,1206,1211,1216,1221,1226,1231,1236,1241,1246,1251,1256,1261,1266,1271,1276,1281,1286,1291,1296,1301,1306,1311,1316,1321,1326,1331,1336,1341,1346,1351,1356,1361,1366,1371,1376,1381,1386,1391,1396,1401,1406,1411,1416,1421,1426,1431,1436,1441,1446,1451,1456,1461,1466,1471,1476
-1025,-1020,-1014.9,-1009.9,-1004.8,-999.75,-994.7,-989.65,-984.6,-979.55,-974.5,-969.45,-964.4,-959.35,-954.3,-949.25,-944.2,-939.15,-934.1,-929.05,-924,-918.95,-913.9,-908.85,-903.8,-898.75,-893.7,-888.65,-883.6,-878.55,-873.5,-868.45,-863.4,-858.35,-853.3,-848.25,-843.2,-838.15,-833.1,-828.05,-823,-817.95,-812.9,-807.85,-802.8,-797.75,-792.7,-787.65,-782.6,-777.55,-772.5,-767.45,-762.4,-757.35,-752.3,-747.25,-742.2,-737.15,-732.1,-727.05,-722,-716.95,-711.9,-706.85,-701.8,-696.75,-691.7,-686.65,-681.6,-676.55,-671.5,-666.45,-661.4,-656.35,-651.3,-646.25,-641.2,-636.15,-631.1,-626.05,-621,-615.95,-610.9,-605.85,-600.8,-595.75,-590.7,-585.65,-580.6,-575.55,-570.5,-565.45,-560.4,-555.35,-550.3,-545.25,-540.2,-535.15,-530.1,-525.05,-520,-514.95,-509.9,-504.85,-499.8,-494.75,-489.7,-484.65,-479.6,-474.55,-469.5,-464.45,-459.4,-454.35,-449.3,-444.25,-439.2,-434.15,-429.1,-424.05,-419,-413.95,-408.9,-403.85,-398.8,-393.75,-388.7,-383.65,-378.6,-373.55,-368.5,-363.45,-358.4,-353.35,-348.3,-343.25,-338.2,-333.15,-328.1,-323.05,-318,-312.95,-307.9,-302.85,-297.8,-292.75,-287.7,-282.65,-277.6,-272.55,-267.5,-262.45,-257.4,-252.35,-247.3,-242.25,-237.2,-232.15,-227.1,-222.05,-217,-211.95,-206.9,-201.85,-196.8,-191.75,-186.7,-181.65,-176.6,-171.55,-166.5,-161.45,-156.4,-151.35,-146.3,-141.25,-136.2,-131.15,-126.1,-121.05,-116,-110.95,-105.9,-100.85,-95.8,-90.75,-85.7,-80.65,-75.6,-70.55,-65.5,-60.45,-55.4,-50.35,-45.3,-40.25,-35.2,-30.15,-25.1,-20.05,-15,-9.95,-4.9,0.15,5.2,10.25,15.3,20.35,25.4,30.45,35.5,40.55,45.6,50.65,55.7,60.75,65.8,70.85,75.9,80.95,86,91.05,96.1,101.15,106.2,111.25,116.3,121.35,126.4,131.45,136.5,141.55,146.6,151.65,156.7,161.75,166.8,171.85,176.9,181.95,187,192.05,197.1,202.15,207.2,212.25,217.3,222.35,227.4,232.45,237.5,242.55,247.6,252.65,257.7,262.75,267.8,272.85,277.9,282.95,288,293.05,298.1,303.15,308.2,313.25,318.3,323.35,328.4,333.45,338.5,343.55,348.6,353.65,358.7,363.75,368.8,373.85,378.9,383.95,389,394.05,399.1,404.15,409.2,414.25,419.3,424.35,429.4,434.45,439.5,444.55,449.6,454.65,459.7,464.75,469.8,474.85,479.9,484.95,490,495.05,500.1,505.15,510.2,515.25,520.3,525.35,530.4,535.45,540.5,545.55,550.6,555.65,560.7,565.75,570.8,575.85,580.9,585.95,591,596.05,601.1,606.15,611.2,616.25,621.3,626.35,631.4,636.45,641.5,646.55,651.6,656.65,661.7,666.75,671.8,676.85,681.9,686.95,692,697.05,702.1,707.15,712.2,717.25,722.3,727.35,732.4,737.45,742.5,747.55,752.6,757.65,762.7,767.75,772.8,777.85,782.9,787.95,793,798.05,803.1,808.15,813.2,818.25,823.3,828.35,833.4,838.45,843.5,848.55,853.6,858.65,863.7,868.75,873.8,878.85,883.9,888.95,894,899.05,904.1,909.15,914.2,919.25,924.3,929.35,934.4,939.45,944.5,949.55,954.6,959.65,964.7,969.75,974.8,979.85,984.9,989.95,995,1000.1,1005.1,1010.1,1015.2,1020.3,1025.3,1030.3,1035.4,1040.4,1045.5,1050.5,1055.6,1060.7,1065.7,1070.8,1075.8,1080.8,1085.9,1090.9,1096,1101,1106.1,1111.2,1116.2,1121.3,1126.3,1131.3,1136.4,1141.4,1146.5,1151.5,1156.6,1161.7,1166.7,1171.8,1176.8,1181.8,1186.9,1191.9,1197,1202,1207.1,1212.2,1217.2,1222.3,1227.3,1232.3,1237.4,1242.4,1247.5,1252.5,1257.6,1262.7,1267.7,1272.8,1277.8,1282.8,1287.9,1292.9,1298,1303,1308.1,1313.2,1318.2,1323.3,1328.3,1333.3,1338.4,1343.4,1348.5,1353.5,1358.6,1363.7,1368.7,1373.8,1378.8,1383.8,1388.9,1393.9,1399,1404,1409.1,1414.2,1419.2,1424.3,1429.3,1434.3,1439.4,1444.4,1449.5,1454.5,1459.6,1464.7,1469.7,1474.8,1479.8,1484.8,1489.9,1494.9,1500
-1025,-1019.5,-1014,-1008.5,-1003,-997.5,-992,-986.5,-981,-975.5,-970,-964.5,-959,-953.5,-948,-942.5,-937,-931.5,-926,-920.5,-915,-909.5,-904,-898.5,-893,-887.5,-882,-876.5,-871,-865.5,-860,-854.5,-849,-843.5,-838,-832.5,-827,-821.5,-816,-810.5,-805,-799.5,-794,-788.5,-783,-777.5,-772,-766.5,-761,-755.5,-750,-744.5,-739,-733.5,-728,-722.5,-717,-711.5,-706,-700.5,-695,-689.5,-684,-678.5,-673,-667.5,-662,-656.5,-651,-645.5,-640,-634.5,-629,-623.5,-618,-612.5,-607,-601.5,-596,-590.5,-585,-579.5,-574,-568.5,-563,-557.5,-552,-546.5,-541,-535.5,-530,-524.5,-519,-513.5,-508,-502.5,-497,-491.5,-486,-480.5,-475,-469.5,-464,-458.5,-453,-447.5,-442,-436.5,-431,-425.5,-420,-414.5,-409,-403.5,-398,-392.5,-387,-381.5,-376,-370.5,-365,-359.5,-354,-348.5,-343,-337.5,-332,-326.5,-321,-315.5,-310,-304.5,-299,-293.5,-288,-282.5,-277,-271.5,-266,-260.5,-255,-249.5,-244,-238.5,-233,-227.5,-222,-216.5,-211,-205.5,-200,-194.5,-189,-183.5,-178,-172.5,-167,-161.5,-156,-150.5,-145,-139.5,-134,-128.5,-123,-117.5,-112,-106.5,-101,-95.5,-90,-84.5,-79,-73.5,-68,-62.5,-57,-51.5,-46,-40.5,-35,-29.5,-24,-18.5,-13,-7.5,-2,3.5,9,14.5,20,25.5,31,36.5,42,47.5,53,58.5,64,69.5,75,80.5,86,91.5,97,102.5,108,113.5,119,124.5,130,135.5,141,146.5,152,157.5,163,168.5,174,179.5,185,190.5,196,201.5,207,212.5,218,223.5,229,234.5,240,245.5,251,256.5,262,267.5,273,278.5,284,289.5,295,300.5,306,311.5,317,322.5,328,333.5,339,344.5,350,355.5,361,366.5,372,377.5,383,388.5,394,399.5,405,410.5,416,421.5,427,432.5,438,443.5,449,454.5,460,465.5,471,476.5,482,487.5,493,498.5,504,509.5,515,520.5,526,531.5,537,542.5,548,553.5,559,564.5,570,575.5,581,586.5,592,597.5,603,608.5,614,619.5,625,630.5,636,641.5,647,652.5,658,663.5,669,674.5,680,685.5,691,696.5,702,707.5,713,718.5,724,729.5,735,740.5,746,751.5,757,762.5,768,773.5,779,784.5,790,795.5,801,806.5,812,817.5,823,828.5,834,839.5,845,850.5,856,861.5,867,872.5,878,883.5,889,894.5,900,905.5,911,916.5,922,927.5,933,938.5,944,949.5,955,960.5,966,971.5,977,982.5,988,993.5,999,1004.5,1010,1015.5,1021,1026.5,1032,1037.5,1043,1048.5,1054,1059.5,1065,1070.5,1076,1081.5,1087,1092.5,1098,1103.5,1109,1114.5,1120,1125.5,1131,1136.5,1142,1147.5,1153,1158.5,1164,1169.5,1175,1180.5,1186,1191.5,1197,1202.5,1208,1213.5,1219,1224.5,1230,1235.5,1241,1246.5,1252,1257.5,1263,1268.5,1274,1279.5,1285,1290.5,1296,1301.5,1307,1312.5,1318,1323.5,1329,1334.5,1340,1345.5,1351,1356.5,1362,1367.5,1373,1378.5,1384,1389.5,1395,1400.5,1406,1411.5,1417,1422.5,1428,1433.5,1439,1444.5,1450,1455.5,1461,1466.5,1472,1477.5,1483,1488.5,1494,1499.5,1505,1510.5,1516,1521.5,1527,1532.5,1538,1543.5,1549,1554.5,1560,1565.5,1571,1576.5,1582,1587.5,1593,1598.5,1604,1609.5,1615,1620.5,1626,1631.5,1637,1642.5,1648,1653.5,1659,1664.5,1670,1675.5,1681,1686.5,1692,1697.5,1703,1708.5,1714,1719.5,1725
-1024,-1019.2,-1014.4,-1009.6,-1004.8,-999.98,-995.18,-990.37,-985.57,-980.76,-975.96,-971.16,-966.35,-961.55,-956.74,-951.94,-947.14,-942.33,-937.53,-932.72,-927.92,-923.12,-918.31,-913.51,-908.7,-903.9,-899.1,-894.29,-889.49,-884.68,-879.88,-875.08,-870.27,-865.47,-860.66,-855.86,-851.06,-846.25,-841.45,-836.64,-831.84,-827.04,-822.23,-817.43,-812.62,-807.82,-803.02,-798.21,-793.41,-788.6,-783.8,-779,-774.19,-769.39,-764.58,-759.78,-754.98,-750.17,-745.37,-740.56,-735.76,-730.96,-726.15,-721.35,-716.54,-711.74,-706.94,-702.13,-697.33,-692.52,-687.72,-682.92,-678.11,-673.31,-668.5,-663.7,-658.9,-654.09,-649.29,-644.48,-639.68,-634.88,-630.07,-625.27,-620.46,-615.66,-610.86,-606.05,-601.25,-596.44,-591.64,-586.84,-582.03,-577.23,-572.42,-567.62,-562.82,-558.01,-553.21,-548.4,-543.6,-538.8,-533.99,-529.19,-524.38,-519.58,-514.78,-509.97,-505.17,-500.36,-495.56,-490.76,-485.95,-481.15,-476.34,-471.54,-466.74,-461.93,-457.13,-452.32,-447.52,-442.72,-437.91,-433.11,-428.3,-423.5,-418.7,-413.89,-409.09,-404.28,-399.48,-394.68,-389.87,-385.07,-380.26,-375.46,-370.66,-365.85,-361.05,-356.24,-351.44,-346.64,-341.83,-337.03,-332.22,-327.42,-322.62,-317.81,-313.01,-308.2,-303.4,-298.6,-293.79,-288.99,-284.18,-279.38,-274.58,-269.77,-264.97,-260.16,-255.36,-250.56,-245.75,-240.95,-236.14,-231.34,-226.54,-221.73,-216.93,-212.12,-207.32,-202.52,-197.71,-192.91,-188.1,-183.3,-178.5,-173.69,-168.89,-164.08,-159.28,-154.48,-149.67,-144.87,-140.06,-135.26,-130.46,-125.65,-120.85,-116.04,-111.24,-106.44,-101.63,-96.828,-92.024,-87.22,-82.416,-77.612,-72.808,-68.004,-63.2,-58.396,-53.592,-48.788,-43.984,-39.18,-34.376,-29.572,-24.768,-19.964,-15.16,-10.356,-5.552,-0.748,4.056,8.86,13.664,18.468,23.272,28.076,32.88,37.684,42.488,47.292,52.096,56.9,61.704,66.508,71.312,76.116,80.92,85.724,90.528,95.332,100.14,104.94,109.74,114.55,119.35,124.16,128.96,133.76,138.57,143.37,148.18,152.98,157.78,162.59,167.39,172.2,177,181.8,186.61,191.41,196.22,201.02,205.82,210.63,215.43,220.24,225.04,229.84,234.65,239.45,244.26,249.06,253.86,258.67,263.47,268.28,273.08,277.88,282.69,287.49,292.3,297.1,301.9,306.71,311.51,316.32,321.12,325.92,330.73,335.53,340.34,345.14,349.94,354.75,359.55,364.36,369.16,373.96,378.77,383.57,388.38,393.18,397.98,402.79,407.59,412.4,417.2,422,426.81,431.61,436.42,441.22,446.02,450.83,455.63,460.44,465.24,470.04,474.85,479.65,484.46,489.26,494.06,498.87,503.67,508.48,513.28,518.08,522.89,527.69,532.5,537.3,542.1,546.91,551.71,556.52,561.32,566.12,570.93,575.73,580.54,585.34,590.14,594.95,599.75,604.56,609.36,614.16,618.97,623.77,628.58,633.38,638.18,642.99,647.79,652.6,657.4,662.2,667.01,671.81,676.62,681.42,686.22,691.03,695.83,700.64,705.44,710.24,715.05,719.85,724.66,729.46,734.26,739.07,743.87,748.68,753.48,758.28,763.09,767.89,772.7,777.5,782.3,787.11,791.91,796.72,801.52,806.32,811.13,815.93,820.74,825.54,830.34,835.15,839.95,844.76,849.56,854.36,859.17,863.97,868.78,873.58,878.38,883.19,887.99,892.8,897.6,902.4,907.21,912.01,916.82,921.62,926.42,931.23,936.03,940.84,945.64,950.44,955.25,960.05,964.86,969.66,974.46,979.27,984.07,988.88,993.68,998.48,1003.3,1008.1,1012.9,1017.7,1022.5,1027.3,1032.1,1036.9,1041.7,1046.5,1051.3,1056.1,1060.9,1065.7,1070.5,1075.3,1080.2,1085,1089.8,1094.6,1099.4,1104.2,1109,1113.8,1118.6,1123.4,1128.2,1133,1137.8,1142.6,1147.4,1152.2,1157,1161.8,1166.6,1171.4,1176.2,1181,1185.8,1190.6,1195.4,1200.3,1205.1,1209.9,1214.7,1219.5,1224.3,1229.1,1233.9,1238.7,1243.5,1248.3,1253.1,1257.9,1262.7,1267.5,1272.3,1277.1,1281.9,1286.7,1291.5,1296.3,1301.1,1305.9,1310.7,1315.5,1320.4,1325.2,1330,1334.8,1339.6,1344.4,1349.2,1354,1358.8,1363.6,1368.4,1373.2,1378
-1024,-1019.6,-1015.3,-1010.9,-1006.5,-1002.1,-997.77,-993.4,-989.02,-984.65,-980.28,-975.91,-971.54,-967.16,-962.79,-958.42,-954.05,-949.68,-945.3,-940.93,-936.56,-932.19,-927.82,-923.44,-919.07,-914.7,-910.33,-905.96,-901.58,-897.21,-892.84,-888.47,-884.1,-879.72,-875.35,-870.98,-866.61,-862.24,-857.86,-853.49,-849.12,-844.75,-840.38,-836,-831.63,-827.26,-822.89,-818.52,-814.14,-809.77,-805.4,-801.03,-796.66,-792.28,-787.91,-783.54,-779.17,-774.8,-770.42,-766.05,-761.68,-757.31,-752.94,-748.56,-744.19,-739.82,-735.45,-731.08,-726.7,-722.33,-717.96,-713.59,-709.22,-704.84,-700.47,-696.1,-691.73,-687.36,-682.98,-678.61,-674.24,-669.87,-665.5,-661.12,-656.75,-652.38,-648.01,-643.64,-639.26,-634.89,-630.52,-626.15,-621.78,-617.4,-613.03,-608.66,-604.29,-599.92,-595.54,-591.17,-586.8,-582.43,-578.06,-573.68,-569.31,-564.94,-560.57,-556.2,-551.82,-547.45,-543.08,-538.71,-534.34,-529.96,-525.59,-521.22,-516.85,-512.48,-508.1,-503.73,-499.36,-494.99,-490.62,-486.24,-481.87,-477.5,-473.13,-468.76,-464.38,-460.01,-455.64,-451.27,-446.9,-442.52,-438.15,-433.78,-429.41,-425.04,-420.66,-416.29,-411.92,-407.55,-403.18,-398.8,-394.43,-390.06,-385.69,-381.32,-376.94,-372.57,-368.2,-363.83,-359.46,-355.08,-350.71,-346.34,-341.97,-337.6,-333.22,-328.85,-324.48,-320.11,-315.74,-311.36,-306.99,-302.62,-298.25,-293.88,-289.5,-285.13,-280.76,-276.39,-272.02,-267.64,-263.27,-258.9,-254.53,-250.16,-245.78,-241.41,-237.04,-232.67,-228.3,-223.92,-219.55,-215.18,-210.81,-206.44,-202.06,-197.69,-193.32,-188.95,-184.58,-180.2,-175.83,-171.46,-167.09,-162.72,-158.34,-153.97,-149.6,-145.23,-140.86,-136.48,-132.11,-127.74,-123.37,-119,-114.62,-110.25,-105.88,-101.51,-97.136,-92.764,-88.392,-84.02,-79.648,-75.276,-70.904,-66.532,-62.16,-57.788,-53.416,-49.044,-44.672,-40.3,-35.928,-31.556,-27.184,-22.812,-18.44,-14.068,-9.696,-5.324,-0.952,3.42,7.792,12.164,16.536,20.908,25.28,29.652,34.024,38.396,42.768,47.14,51.512,55.884,60.256,64.628,69,73.372,77.744,82.116,86.488,90.86,95.232,99.604,103.98,108.35,112.72,117.09,121.46,125.84,130.21,134.58,138.95,143.32,147.7,152.07,156.44,160.81,165.18,169.56,173.93,178.3,182.67,187.04,191.42,195.79,200.16,204.53,208.9,213.28,217.65,222.02,226.39,230.76,235.14,239.51,243.88,248.25,252.62,257,261.37,265.74,270.11,274.48,278.86,283.23,287.6,291.97,296.34,300.72,305.09,309.46,313.83,318.2,322.58,326.95,331.32,335.69,340.06,344.44,348.81,353.18,357.55,361.92,366.3,370.67,375.04,379.41,383.78,388.16,392.53,396.9,401.27,405.64,410.02,414.39,418.76,423.13,427.5,431.88,436.25,440.62,444.99,449.36,453.74,458.11,462.48,466.85,471.22,475.6,479.97,484.34,488.71,493.08,497.46,501.83,506.2,510.57,514.94,519.32,523.69,528.06,532.43,536.8,541.18,545.55,549.92,554.29,558.66,563.04,567.41,571.78,576.15,580.52,584.9,589.27,593.64,598.01,602.38,606.76,611.13,615.5,619.87,624.24,628.62,632.99,637.36,641.73,646.1,650.48,654.85,659.22,663.59,667.96,672.34,676.71,681.08,685.45,689.82,694.2,698.57,702.94,707.31,711.68,716.06,720.43,724.8,729.17,733.54,737.92,742.29,746.66,751.03,755.4,759.78,764.15,768.52,772.89,777.26,781.64,786.01,790.38,794.75,799.12,803.5,807.87,812.24,816.61,820.98,825.36,829.73,834.1,838.47,842.84,847.22,851.59,855.96,860.33,864.7,869.08,873.45,877.82,882.19,886.56,890.94,895.31,899.68,904.05,908.42,912.8,917.17,921.54,925.91,930.28,934.66,939.03,943.4,947.77,952.14,956.52,960.89,965.26,969.63,974,978.38,982.75,987.12,991.49,995.86,1000.2,1004.6,1009,1013.4,1017.7,1022.1,1026.5,1030.8,1035.2,1039.6,1044,1048.3,1052.7,1057.1,1061.4,1065.8,1070.2,1074.6,1078.9,1083.3,1087.7,1092,1096.4,1100.8,1105.2,1109.5,1113.9,1118.3,1122.7,1127,1131.4,1135.8,1140.1,1144.5,1148.9,1153.3,1157.6,1162
-1024,-1019.3,-1014.5,-1009.8,-1005.1,-1000.3,-995.61,-990.88,-986.14,-981.41,-976.68,-971.95,-967.22,-962.48,-957.75,-953.02,-948.29,-943.56,-938.82,-934.09,-929.36,-924.63,-919.9,-915.16,-910.43,-905.7,-900.97,-896.24,-891.5,-886.77,-882.04,-877.31,-872.58,-867.84,-863.11,-858.38,-853.65,-848.92,-844.18,-839.45,-834.72,-829.99,-825.26,-820.52,-815.79,-811.06,-806.33,-801.6,-796.86,-792.13,-787.4,-782.67,-777.94,-773.2,-768.47,-763.74,-759.01,-754.28,-749.54,-744.81,-740.08,-735.35,-730.62,-725.88,-721.15,-716.42,-711.69,-706.96,-702.22,-697.49,-692.76,-688.03,-683.3,-678.56,-673.83,-669.1,-664.37,-659.64,-654.9,-650.17,-645.44,-640.71,-635.98,-631.24,-626.51,-621.78,-617.05,-612.32,-607.58,-602.85,-598.12,-593.39,-588.66,-583.92,-579.19,-574.46,-569.73,-565,-560.26,-555.53,-550.8,-546.07,-541.34,-536.6,-531.87,-527.14,-522.41,-517.68,-512.94,-508.21,-503.48,-498.75,-494.02,-489.28,-484.55,-479.82,-475.09,-470.36,-465.62,-460.89,-456.16,-451.43,-446.7,-441.96,-437.23,-432.5,-427.77,-423.04,-418.3,-413.57,-408.84,-404.11,-399.38,-394.64,-389.91,-385.18,-380.45,-375.72,-370.98,-366.25,-361.52,-356.79,-352.06,-347.32,-342.59,-337.86,-333.13,-328.4,-323.66,-318.93,-314.2,-309.47,-304.74,-300,-295.27,-290.54,-285.81,-281.08,-276.34,-271.61,-266.88,-262.15,-257.42,-252.68,-247.95,-243.22,-238.49,-233.76,-229.02,-224.29,-219.56,-214.83,-210.1,-205.36,-200.63,-195.9,-191.17,-186.44,-181.7,-176.97,-172.24,-167.51,-162.78,-158.04,-153.31,-148.58,-143.85,-139.12,-134.38,-129.65,-124.92,-120.19,-115.46,-110.72,-105.99,-101.26,-96.528,-91.796,-87.064,-82.332,-77.6,-72.868,-68.136,-63.404,-58.672,-53.94,-49.208,-44.476,-39.744,-35.012,-30.28,-25.548,-20.816,-16.084,-11.352,-6.62,-1.888,2.844,7.576,12.308,17.04,21.772,26.504,31.236,35.968,40.7,45.432,50.164,54.896,59.628,64.36,69.092,73.824,78.556,83.288,88.02,92.752,97.484,102.22,106.95,111.68,116.41,121.14,125.88,130.61,135.34,140.07,144.8,149.54,154.27,159,163.73,168.46,173.2,177.93,182.66,187.39,192.12,196.86,201.59,206.32,211.05,215.78,220.52,225.25,229.98,234.71,239.44,244.18,248.91,253.64,258.37,263.1,267.84,272.57,277.3,282.03,286.76,291.5,296.23,300.96,305.69,310.42,315.16,319.89,324.62,329.35,334.08,338.82,343.55,348.28,353.01,357.74,362.48,367.21,371.94,376.67,381.4,386.14,390.87,395.6,400.33,405.06,409.8,414.53,419.26,423.99,428.72,433.46,438.19,442.92,447.65,452.38,457.12,461.85,466.58,471.31,476.04,480.78,485.51,490.24,494.97,499.7,504.44,509.17,513.9,518.63,523.36,528.1,532.83,537.56,542.29,547.02,551.76,556.49,561.22,565.95,570.68,575.42,580.15,584.88,589.61,594.34,599.08,603.81,608.54,613.27,618,622.74,627.47,632.2,636.93,641.66,646.4,651.13,655.86,660.59,665.32,670.06,674.79,679.52,684.25,688.98,693.72,698.45,703.18,707.91,712.64,717.38,722.11,726.84,731.57,736.3,741.04,745.77,750.5,755.23,759.96,764.7,769.43,774.16,778.89,783.62,788.36,793.09,797.82,802.55,807.28,812.02,816.75,821.48,826.21,830.94,835.68,840.41,845.14,849.87,854.6,859.34,864.07,868.8,873.53,878.26,883,887.73,892.46,897.19,901.92,906.66,911.39,916.12,920.85,925.58,930.32,935.05,939.78,944.51,949.24,953.98,958.71,963.44,968.17,972.9,977.64,982.37,987.1,991.83,996.56,1001.3,1006,1010.8,1015.5,1020.2,1025,1029.7,1034.4,1039.2,1043.9,1048.6,1053.3,1058.1,1062.8,1067.5,1072.3,1077,1081.7,1086.5,1091.2,1095.9,1100.7,1105.4,1110.1,1114.9,1119.6,1124.3,1129.1,1133.8,1138.5,1143.3,1148,1152.7,1157.5,1162.2,1166.9,1171.6,1176.4,1181.1,1185.8,1190.6,1195.3,1200,1204.8,1209.5,1214.2,1219,1223.7,1228.4,1233.2,1237.9,1242.6,1247.4,1252.1,1256.8,1261.6,1266.3,1271,1275.8,1280.5,1285.2,1289.9,1294.7,1299.4,1304.1,1308.9,1313.6,1318.3,1323.1,1327.8,1332.5,1337.3,1342
-1025,-1019.3,-1013.6,-1007.9,-1002.2,-996.5,-990.8,-985.1,-979.4,-973.7,-968,-962.3,-956.6,-950.9,-945.2,-939.5,-933.8,-928.1,-922.4,-916.7,-911,-905.3,-899.6,-893.9,-888.2,-882.5,-876.8,-871.1,-865.4,-859.7,-854,-848.3,-842.6,-836.9,-831.2,-825.5,-819.8,-814.1,-808.4,-802.7,-797,-791.3,-785.6,-779.9,-774.2,-768.5,-762.8,-757.1,-751.4,-745.7,-740,-734.3,-728.6,-722.9,-717.2,-711.5,-705.8,-700.1,-694.4,-688.7,-683,-677.3,-671.6,-665.9,-660.2,-654.5,-648.8,-643.1,-637.4,-631.7,-626,-620.3,-614.6,-608.9,-603.2,-597.5,-591.8,-586.1,-580.4,-574.7,-569,-563.3,-557.6,-551.9,-546.2,-540.5,-534.8,-529.1,-523.4,-517.7,-512,-506.3,-500.6,-494.9,-489.2,-483.5,-477.8,-472.1,-466.4,-460.7,-455,-449.3,-443.6,-437.9,-432.2,-426.5,-420.8,-415.1,-409.4,-403.7,-398,-392.3,-386.6,-380.9,-375.2,-369.5,-363.8,-358.1,-352.4,-346.7,-341,-335.3,-329.6,-323.9,-318.2,-312.5,-306.8,-301.1,-295.4,-289.7,-284,-278.3,-272.6,-266.9,-261.2,-255.5,-249.8,-244.1,-238.4,-232.7,-227,-221.3,-215.6,-209.9,-204.2,-198.5,-192.8,-187.1,-181.4,-175.7,-170,-164.3,-158.6,-152.9,-147.2,-141.5,-135.8,-130.1,-124.4,-118.7,-113,-107.3,-101.6,-95.9,-90.2,-84.5,-78.8,-73.1,-67.4,-61.7,-56,-50.3,-44.6,-38.9,-33.2,-27.5,-21.8,-16.1,-10.4,-4.7,1,6.7,12.4,18.1,23.8,29.5,35.2,40.9,46.6,52.3,58,63.7,69.4,75.1,80.8,86.5,92.2,97.9,103.6,109.3,115,120.7,126.4,132.1,137.8,143.5,149.2,154.9,160.6,166.3,172,177.7,183.4,189.1,194.8,200.5,206.2,211.9,217.6,223.3,229,234.7,240.4,246.1,251.8,257.5,263.2,268.9,274.6,280.3,286,291.7,297.4,303.1,308.8,314.5,320.2,325.9,331.6,337.3,343,348.7,354.4,360.1,365.8,371.5,377.2,382.9,388.6,394.3,400,405.7,411.4,417.1,422.8,428.5,434.2,439.9,445.6,451.3,457,462.7,468.4,474.1,479.8,485.5,491.2,496.9,502.6,508.3,514,519.7,525.4,531.1,536.8,542.5,548.2,553.9,559.6,565.3,571,576.7,582.4,588.1,593.8,599.5,605.2,610.9,616.6,622.3,628,633.7,639.4,645.1,650.8,656.5,662.2,667.9,673.6,679.3,685,690.7,696.4,702.1,707.8,713.5,719.2,724.9,730.6,736.3,742,747.7,753.4,759.1,764.8,770.5,776.2,781.9,787.6,793.3,799,804.7,810.4,816.1,821.8,827.5,833.2,838.9,844.6,850.3,856,861.7,867.4,873.1,878.8,884.5,890.2,895.9,901.6,907.3,913,918.7,924.4,930.1,935.8,941.5,947.2,952.9,958.6,964.3,970,975.7,981.4,987.1,992.8,998.5,1004.2,1009.9,1015.6,1021.3,1027,1032.7,1038.4,1044.1,1049.8,1055.5,1061.2,1066.9,1072.6,1078.3,1084,1089.7,1095.4,1101.1,1106.8,1112.5,1118.2,1123.9,1129.6,1135.3,1141,1146.7,1152.4,1158.1,1163.8,1169.5,1175.2,1180.9,1186.6,1192.3,1198,1203.7,1209.4,1215.1,1220.8,1226.5,1232.2,1237.9,1243.6,1249.3,1255,1260.7,1266.4,1272.1,1277.8,1283.5,1289.2,1294.9,1300.6,1306.3,1312,1317.7,1323.4,1329.1,1334.8,1340.5,1346.2,1351.9,1357.6,1363.3,1369,1374.7,1380.4,1386.1,1391.8,1397.5,1403.2,1408.9,1414.6,1420.3,1426,1431.7,1437.4,1443.1,1448.8,1454.5,1460.2,1465.9,1471.6,1477.3,1483,1488.7,1494.4,1500.1,1505.8,1511.5,1517.2,1522.9,1528.6,1534.3,1540,1545.7,1551.4,1557.1,1562.8,1568.5,1574.2,1579.9,1585.6,1591.3,1597,1602.7,1608.4,1614.1,1619.8,1625.5,1631.2,1636.9,1642.6,1648.3,1654,1659.7,1665.4,1671.1,1676.8,1682.5,1688.2,1693.9,1699.6,1705.3,1711,1716.7,1722.4,1728.1,1733.8,1739.5,1745.2,1750.9,1756.6,1762.3,1768,1773.7,1779.4,1785.1,1790.8,1796.5,1802.2,1807.9,1813.6,1819.3,1825
-1024,-1019.2,-1014.5,-1009.7,-1005,-1000.2,-995.45,-990.69,-985.94,-981.18,-976.42,-971.66,-966.9,-962.15,-957.39,-952.63,-947.87,-943.11,-938.36,-933.6,-928.84,-924.08,-919.32,-914.57,-909.81,-905.05,-900.29,-895.53,-890.78,-886.02,-881.26,-876.5,-871.74,-866.99,-862.23,-857.47,-852.71,-847.95,-843.2,-838.44,-833.68,-828.92,-824.16,-819.41,-814.65,-809.89,-805.13,-800.37,-795.62,-790.86,-786.1,-781.34,-776.58,-771.83,-767.07,-762.31,-757.55,-752.79,-748.04,-743.28,-738.52,-733.76,-729,-724.25,-719.49,-714.73,-709.97,-705.21,-700.46,-695.7,-690.94,-686.18,-681.42,-676.67,-671.91,-667.15,-662.39,-657.63,-652.88,-648.12,-643.36,-638.6,-633.84,-629.09,-624.33,-619.57,-614.81,-610.05,-605.3,-600.54,-595.78,-591.02,-586.26,-581.51,-576.75,-571.99,-567.23,-562.47,-557.72,-552.96,-548.2,-543.44,-538.68,-533.93,-529.17,-524.41,-519.65,-514.89,-510.14,-505.38,-500.62,-495.86,-491.1,-486.35,-481.59,-476.83,-472.07,-467.31,-462.56,-457.8,-453.04,-448.28,-443.52,-438.77,-434.01,-429.25,-424.49,-419.73,-414.98,-410.22,-405.46,-400.7,-395.94,-391.19,-386.43,-381.67,-376.91,-372.15,-367.4,-362.64,-357.88,-353.12,-348.36,-343.61,-338.85,-334.09,-329.33,-324.57,-319.82,-315.06,-310.3,-305.54,-300.78,-296.03,-291.27,-286.51,-281.75,-276.99,-272.24,-267.48,-262.72,-257.96,-253.2,-248.45,-243.69,-238.93,-234.17,-229.41,-224.66,-219.9,-215.14,-210.38,-205.62,-200.87,-196.11,-191.35,-186.59,-181.83,-177.08,-172.32,-167.56,-162.8,-158.04,-153.29,-148.53,-143.77,-139.01,-134.25,-129.5,-124.74,-119.98,-115.22,-110.46,-105.71,-100.95,-96.19,-91.432,-86.674,-81.916,-77.158,-72.4,-67.642,-62.884,-58.126,-53.368,-48.61,-43.852,-39.094,-34.336,-29.578,-24.82,-20.062,-15.304,-10.546,-5.788,-1.03,3.728,8.486,13.244,18.002,22.76,27.518,32.276,37.034,41.792,46.55,51.308,56.066,60.824,65.582,70.34,75.098,79.856,84.614,89.372,94.13,98.888,103.65,108.4,113.16,117.92,122.68,127.44,132.19,136.95,141.71,146.47,151.23,155.98,160.74,165.5,170.26,175.02,179.77,184.53,189.29,194.05,198.81,203.56,208.32,213.08,217.84,222.6,227.35,232.11,236.87,241.63,246.39,251.14,255.9,260.66,265.42,270.18,274.93,279.69,284.45,289.21,293.97,298.72,303.48,308.24,313,317.76,322.51,327.27,332.03,336.79,341.55,346.3,351.06,355.82,360.58,365.34,370.09,374.85,379.61,384.37,389.13,393.88,398.64,403.4,408.16,412.92,417.67,422.43,427.19,431.95,436.71,441.46,446.22,450.98,455.74,460.5,465.25,470.01,474.77,479.53,484.29,489.04,493.8,498.56,503.32,508.08,512.83,517.59,522.35,527.11,531.87,536.62,541.38,546.14,550.9,555.66,560.41,565.17,569.93,574.69,579.45,584.2,588.96,593.72,598.48,603.24,607.99,612.75,617.51,622.27,627.03,631.78,636.54,641.3,646.06,650.82,655.57,660.33,665.09,669.85,674.61,679.36,684.12,688.88,693.64,698.4,703.15,707.91,712.67,717.43,722.19,726.94,731.7,736.46,741.22,745.98,750.73,755.49,760.25,765.01,769.77,774.52,779.28,784.04,788.8,793.56,798.31,803.07,807.83,812.59,817.35,822.1,826.86,831.62,836.38,841.14,845.89,850.65,855.41,860.17,864.93,869.68,874.44,879.2,883.96,888.72,893.47,898.23,902.99,907.75,912.51,917.26,922.02,926.78,931.54,936.3,941.05,945.81,950.57,955.33,960.09,964.84,969.6,974.36,979.12,983.88,988.63,993.39,998.15,1002.9,1007.7,1012.4,1017.2,1021.9,1026.7,1031.5,1036.2,1041,1045.7,1050.5,1055.2,1060,1064.8,1069.5,1074.3,1079,1083.8,1088.6,1093.3,1098.1,1102.8,1107.6,1112.3,1117.1,1121.9,1126.6,1131.4,1136.1,1140.9,1145.6,1150.4,1155.2,1159.9,1164.7,1169.4,1174.2,1179,1183.7,1188.5,1193.2,1198,1202.7,1207.5,1212.3,1217,1221.8,1226.5,1231.3,1236.1,1240.8,1245.6,1250.3,1255.1,1259.8,1264.6,1269.4,1274.1,1278.9,1283.6,1288.4,1293.1,1297.9,1302.7,1307.4,1312.2,1316.9,1321.7,1326.5,1331.2,1336,1340.7,1345.5,1350.2,1355
-1024,-1015.8,-1007.6,-999.43,-991.24,-983.05,-974.86,-966.67,-958.48,-950.29,-942.1,-933.91,-925.72,-917.53,-909.34,-901.15,-892.96,-884.77,-876.58,-868.39,-860.2,-852.01,-843.82,-835.63,-827.44,-819.25,-811.06,-802.87,-794.68,-786.49,-778.3,-770.11,-761.92,-753.73,-745.54,-737.35,-729.16,-720.97,-712.78,-704.59,-696.4,-688.21,-680.02,-671.83,-663.64,-655.45,-647.26,-639.07,-630.88,-622.69,-614.5,-606.31,-598.12,-589.93,-581.74,-573.55,-565.36,-557.17,-548.98,-540.79,-532.6,-524.41,-516.22,-508.03,-499.84,-491.65,-483.46,-475.27,-467.08,-458.89,-450.7,-442.51,-434.32,-426.13,-417.94,-409.75,-401.56,-393.37,-385.18,-376.99,-368.8,-360.61,-352.42,-344.23,-336.04,-327.85,-319.66,-311.47,-303.28,-295.09,-286.9,-278.71,-270.52,-262.33,-254.14,-245.95,-237.76,-229.57,-221.38,-213.19,-205,-196.81,-188.62,-180.43,-172.24,-164.05,-155.86,-147.67,-139.48,-131.29,-123.1,-114.91,-106.72,-98.53,-90.34,-82.15,-73.96,-65.77,-57.58,-49.39,-41.2,-33.01,-24.82,-16.63,-8.44,-0.25,7.94,16.13,24.32,32.51,40.7,48.89,57.08,65.27,73.46,81.65,89.84,98.03,106.22,114.41,122.6,130.79,138.98,147.17,155.36,163.55,171.74,179.93,188.12,196.31,204.5,212.69,220.88,229.07,237.26,245.45,253.64,261.83,270.02,278.21,286.4,294.59,302.78,310.97,319.16,327.35,335.54,343.73,351.92,360.11,368.3,376.49,384.68,392.87,401.06,409.25,417.44,425.63,433.82,442.01,450.2,458.39,466.58,474.77,482.96,491.15,499.34,507.53,515.72,523.91,532.1,540.29,548.48,556.67,564.86,573.05,581.24,589.43,597.62,605.81,614,622.19,630.38,638.57,646.76,654.95,663.14,671.33,679.52,687.71,695.9,704.09,712.28,720.47,728.66,736.85,745.04,753.23,761.42,769.61,777.8,785.99,794.18,802.37,810.56,818.75,826.94,835.13,843.32,851.51,859.7,867.89,876.08,884.27,892.46,900.65,908.84,917.03,925.22,933.41,941.6,949.79,957.98,966.17,974.36,982.55,990.74,998.93,1007.1,1015.3,1023.5,1031.7,1039.9,1048.1,1056.3,1064.4,1072.6,1080.8,1089,1097.2,1105.4,1113.6,1121.8,1130,1138.2,1146.3,1154.5,1162.7,1170.9,1179.1,1187.3,1195.5,1203.7,1211.9,1220.1,1228.3,1236.4,1244.6,1252.8,1261,1269.2,1277.4,1285.6,1293.8,1302,1310.1,1318.3,1326.5,1334.7,1342.9,1351.1,1359.3,1367.5,1375.7,1383.9,1392,1400.2,1408.4,1416.6,1424.8,1433,1441.2,1449.4,1457.6,1465.8,1473.9,1482.1,1490.3,1498.5,1506.7,1514.9,1523.1,1531.3,1539.5,1547.7,1555.8,1564,1572.2,1580.4,1588.6,1596.8,1605,1613.2,1621.4,1629.6,1637.8,1645.9,1654.1,1662.3,1670.5,1678.7,1686.9,1695.1,1703.3,1711.5,1719.6,1727.8,1736,1744.2,1752.4,1760.6,1768.8,1777,1785.2,1793.4,1801.5,1809.7,1817.9,1826.1,1834.3,1842.5,1850.7,1858.9,1867.1,1875.3,1883.4,1891.6,1899.8,1908,1916.2,1924.4,1932.6,1940.8,1949,1957.2,1965.3,1973.5,1981.7,1989.9,1998.1,2006.3,2014.5,2022.7,2030.9,2039.1,2047.3,2055.4,2063.6,2071.8,2080,2088.2,2096.4,2104.6,2112.8,2121,2129.1,2137.3,2145.5,2153.7,2161.9,2170.1,2178.3,2186.5,2194.7,2202.9,2211,2219.2,2227.4,2235.6,2243.8,2252,2260.2,2268.4,2276.6,2284.8,2292.9,2301.1,2309.3,2317.5,2325.7,2333.9,2342.1,2350.3,2358.5,2366.7,2374.8,2383,2391.2,2399.4,2407.6,2415.8,2424,2432.2,2440.4,2448.6,2456.8,2464.9,2473.1,2481.3,2489.5,2497.7,2505.9,2514.1,2522.3,2530.5,2538.6,2546.8,2555,2563.2,2571.4,2579.6,2587.8,2596,2604.2,2612.4,2620.5,2628.7,2636.9,2645.1,2653.3,2661.5,2669.7,2677.9,2686.1,2694.3,2702.4,2710.6,2718.8,2727,2735.2,2743.4,2751.6,2759.8,2768,2776.2,2784.3,2792.5,2800.7,2808.9,2817.1,2825.3,2833.5,2841.7,2849.9,2858.1,2866.2,2874.4,2882.6,2890.8,2899,2907.2,2915.4,2923.6,2931.8,2940,2948.1,2956.3,2964.5,2972.7,2980.9,2989.1,2997.3,3005.5,3013.7,3021.9,3030,3038.2,3046.4,3054.6,3062.8,3071
-1025,-1019.9,-1014.9,-1009.8,-1004.7,-999.65,-994.58,-989.51,-984.44,-979.37,-974.3,-969.23,-964.16,-959.09,-954.02,-948.95,-943.88,-938.81,-933.74,-928.67,-923.6,-918.53,-913.46,-908.39,-903.32,-898.25,-893.18,-888.11,-883.04,-877.97,-872.9,-867.83,-862.76,-857.69,-852.62,-847.55,-842.48,-837.41,-832.34,-827.27,-822.2,-817.13,-812.06,-806.99,-801.92,-796.85,-791.78,-786.71,-781.64,-776.57,-771.5,-766.43,-761.36,-756.29,-751.22,-746.15,-741.08,-736.01,-730.94,-725.87,-720.8,-715.73,-710.66,-705.59,-700.52,-695.45,-690.38,-685.31,-680.24,-675.17,-670.1,-665.03,-659.96,-654.89,-649.82,-644.75,-639.68,-634.61,-629.54,-624.47,-619.4,-614.33,-609.26,-604.19,-599.12,-594.05,-588.98,-583.91,-578.84,-573.77,-568.7,-563.63,-558.56,-553.49,-548.42,-543.35,-538.28,-533.21,-528.14,-523.07,-518,-512.93,-507.86,-502.79,-497.72,-492.65,-487.58,-482.51,-477.44,-472.37,-467.3,-462.23,-457.16,-452.09,-447.02,-441.95,-436.88,-431.81,-426.74,-421.67,-416.6,-411.53,-406.46,-401.39,-396.32,-391.25,-386.18,-381.11,-376.04,-370.97,-365.9,-360.83,-355.76,-350.69,-345.62,-340.55,-335.48,-330.41,-325.34,-320.27,-315.2,-310.13,-305.06,-299.99,-294.92,-289.85,-284.78,-279.71,-274.64,-269.57,-264.5,-259.43,-254.36,-249.29,-244.22,-239.15,-234.08,-229.01,-223.94,-218.87,-213.8,-208.73,-203.66,-198.59,-193.52,-188.45,-183.38,-178.31,-173.24,-168.17,-163.1,-158.03,-152.96,-147.89,-142.82,-137.75,-132.68,-127.61,-122.54,-117.47,-112.4,-107.33,-102.26,-97.19,-92.12,-87.05,-81.98,-76.91,-71.84,-66.77,-61.7,-56.63,-51.56,-46.49,-41.42,-36.35,-31.28,-26.21,-21.14,-16.07,-11,-5.93,-0.86,4.21,9.28,14.35,19.42,24.49,29.56,34.63,39.7,44.77,49.84,54.91,59.98,65.05,70.12,75.19,80.26,85.33,90.4,95.47,100.54,105.61,110.68,115.75,120.82,125.89,130.96,136.03,141.1,146.17,151.24,156.31,161.38,166.45,171.52,176.59,181.66,186.73,191.8,196.87,201.94,207.01,212.08,217.15,222.22,227.29,232.36,237.43,242.5,247.57,252.64,257.71,262.78,267.85,272.92,277.99,283.06,288.13,293.2,298.27,303.34,308.41,313.48,318.55,323.62,328.69,333.76,338.83,343.9,348.97,354.04,359.11,364.18,369.25,374.32,379.39,384.46,389.53,394.6,399.67,404.74,409.81,414.88,419.95,425.02,430.09,435.16,440.23,445.3,450.37,455.44,460.51,465.58,470.65,475.72,480.79,485.86,490.93,496,501.07,506.14,511.21,516.28,521.35,526.42,531.49,536.56,541.63,546.7,551.77,556.84,561.91,566.98,572.05,577.12,582.19,587.26,592.33,597.4,602.47,607.54,612.61,617.68,622.75,627.82,632.89,637.96,643.03,648.1,653.17,658.24,663.31,668.38,673.45,678.52,683.59,688.66,693.73,698.8,703.87,708.94,714.01,719.08,724.15,729.22,734.29,739.36,744.43,749.5,754.57,759.64,764.71,769.78,774.85,779.92,784.99,790.06,795.13,800.2,805.27,810.34,815.41,820.48,825.55,830.62,835.69,840.76,845.83,850.9,855.97,861.04,866.11,871.18,876.25,881.32,886.39,891.46,896.53,901.6,906.67,911.74,916.81,921.88,926.95,932.02,937.09,942.16,947.23,952.3,957.37,962.44,967.51,972.58,977.65,982.72,987.79,992.86,997.93,1003,1008.1,1013.1,1018.2,1023.3,1028.3,1033.4,1038.5,1043.6,1048.6,1053.7,1058.8,1063.8,1068.9,1074,1079.1,1084.1,1089.2,1094.3,1099.3,1104.4,1109.5,1114.5,1119.6,1124.7,1129.8,1134.8,1139.9,1145,1150,1155.1,1160.2,1165.2,1170.3,1175.4,1180.5,1185.5,1190.6,1195.7,1200.7,1205.8,1210.9,1215.9,1221,1226.1,1231.2,1236.2,1241.3,1246.4,1251.4,1256.5,1261.6,1266.6,1271.7,1276.8,1281.8,1286.9,1292,1297.1,1302.1,1307.2,1312.3,1317.3,1322.4,1327.5,1332.6,1337.6,1342.7,1347.8,1352.8,1357.9,1363,1368,1373.1,1378.2,1383.3,1388.3,1393.4,1398.5,1403.5,1408.6,1413.7,1418.7,1423.8,1428.9,1434,1439,1444.1,1449.2,1454.2,1459.3,1464.4,1469.4,1474.5,1479.6,1484.7,1489.7,1494.8,1499.9,1504.9,1510
-1024,-1019.2,-1014.4,-1009.5,-1004.7,-999.9,-995.08,-990.26,-985.44,-980.62,-975.8,-970.98,-966.16,-961.34,-956.52,-951.7,-946.88,-942.06,-937.24,-932.42,-927.6,-922.78,-917.96,-913.14,-908.32,-903.5,-898.68,-893.86,-889.04,-884.22,-879.4,-874.58,-869.76,-864.94,-860.12,-855.3,-850.48,-845.66,-840.84,-836.02,-831.2,-826.38,-821.56,-816.74,-811.92,-807.1,-802.28,-797.46,-792.64,-787.82,-783,-778.18,-773.36,-768.54,-763.72,-758.9,-754.08,-749.26,-744.44,-739.62,-734.8,-729.98,-725.16,-720.34,-715.52,-710.7,-705.88,-701.06,-696.24,-691.42,-686.6,-681.78,-676.96,-672.14,-667.32,-662.5,-657.68,-652.86,-648.04,-643.22,-638.4,-633.58,-628.76,-623.94,-619.12,-614.3,-609.48,-604.66,-599.84,-595.02,-590.2,-585.38,-580.56,-575.74,-570.92,-566.1,-561.28,-556.46,-551.64,-546.82,-542,-537.18,-532.36,-527.54,-522.72,-517.9,-513.08,-508.26,-503.44,-498.62,-493.8,-488.98,-484.16,-479.34,-474.52,-469.7,-464.88,-460.06,-455.24,-450.42,-445.6,-440.78,-435.96,-431.14,-426.32,-421.5,-416.68,-411.86,-407.04,-402.22,-397.4,-392.58,-387.76,-382.94,-378.12,-373.3,-368.48,-363.66,-358.84,-354.02,-349.2,-344.38,-339.56,-334.74,-329.92,-325.1,-320.28,-315.46,-310.64,-305.82,-301,-296.18,-291.36,-286.54,-281.72,-276.9,-272.08,-267.26,-262.44,-257.62,-252.8,-247.98,-243.16,-238.34,-233.52,-228.7,-223.88,-219.06,-214.24,-209.42,-204.6,-199.78,-194.96,-190.14,-185.32,-180.5,-175.68,-170.86,-166.04,-161.22,-156.4,-151.58,-146.76,-141.94,-137.12,-132.3,-127.48,-122.66,-117.84,-113.02,-108.2,-103.38,-98.56,-93.74,-88.92,-84.1,-79.28,-74.46,-69.64,-64.82,-60,-55.18,-50.36,-45.54,-40.72,-35.9,-31.08,-26.26,-21.44,-16.62,-11.8,-6.98,-2.16,2.66,7.48,12.3,17.12,21.94,26.76,31.58,36.4,41.22,46.04,50.86,55.68,60.5,65.32,70.14,74.96,79.78,84.6,89.42,94.24,99.06,103.88,108.7,113.52,118.34,123.16,127.98,132.8,137.62,142.44,147.26,152.08,156.9,161.72,166.54,171.36,176.18,181,185.82,190.64,195.46,200.28,205.1,209.92,214.74,219.56,224.38,229.2,234.02,238.84,243.66,248.48,253.3,258.12,262.94,267.76,272.58,277.4,282.22,287.04,291.86,296.68,301.5,306.32,311.14,315.96,320.78,325.6,330.42,335.24,340.06,344.88,349.7,354.52,359.34,364.16,368.98,373.8,378.62,383.44,388.26,393.08,397.9,402.72,407.54,412.36,417.18,422,426.82,431.64,436.46,441.28,446.1,450.92,455.74,460.56,465.38,470.2,475.02,479.84,484.66,489.48,494.3,499.12,503.94,508.76,513.58,518.4,523.22,528.04,532.86,537.68,542.5,547.32,552.14,556.96,561.78,566.6,571.42,576.24,581.06,585.88,590.7,595.52,600.34,605.16,609.98,614.8,619.62,624.44,629.26,634.08,638.9,643.72,648.54,653.36,658.18,663,667.82,672.64,677.46,682.28,687.1,691.92,696.74,701.56,706.38,711.2,716.02,720.84,725.66,730.48,735.3,740.12,744.94,749.76,754.58,759.4,764.22,769.04,773.86,778.68,783.5,788.32,793.14,797.96,802.78,807.6,812.42,817.24,822.06,826.88,831.7,836.52,841.34,846.16,850.98,855.8,860.62,865.44,870.26,875.08,879.9,884.72,889.54,894.36,899.18,904,908.82,913.64,918.46,923.28,928.1,932.92,937.74,942.56,947.38,952.2,957.02,961.84,966.66,971.48,976.3,981.12,985.94,990.76,995.58,1000.4,1005.2,1010,1014.9,1019.7,1024.5,1029.3,1034.1,1039,1043.8,1048.6,1053.4,1058.2,1063.1,1067.9,1072.7,1077.5,1082.3,1087.2,1092,1096.8,1101.6,1106.4,1111.3,1116.1,1120.9,1125.7,1130.5,1135.4,1140.2,1145,1149.8,1154.6,1159.5,1164.3,1169.1,1173.9,1178.7,1183.6,1188.4,1193.2,1198,1202.8,1207.7,1212.5,1217.3,1222.1,1226.9,1231.8,1236.6,1241.4,1246.2,1251,1255.9,1260.7,1265.5,1270.3,1275.1,1280,1284.8,1289.6,1294.4,1299.2,1304.1,1308.9,1313.7,1318.5,1323.3,1328.2,1333,1337.8,1342.6,1347.4,1352.3,1357.1,1361.9,1366.7,1371.5,1376.4,1381.2,1386
-1024,-1019.6,-1015.2,-1010.8,-1006.4,-1002,-997.59,-993.19,-988.78,-984.38,-979.98,-975.58,-971.18,-966.77,-962.37,-957.97,-953.57,-949.17,-944.76,-940.36,-935.96,-931.56,-927.16,-922.75,-918.35,-913.95,-909.55,-905.15,-900.74,-896.34,-891.94,-887.54,-883.14,-878.73,-874.33,-869.93,-865.53,-861.13,-856.72,-852.32,-847.92,-843.52,-839.12,-834.71,-830.31,-825.91,-821.51,-817.11,-812.7,-808.3,-803.9,-799.5,-795.1,-790.69,-786.29,-781.89,-777.49,-773.09,-768.68,-764.28,-759.88,-755.48,-751.08,-746.67,-742.27,-737.87,-733.47,-729.07,-724.66,-720.26,-715.86,-711.46,-707.06,-702.65,-698.25,-693.85,-689.45,-685.05,-680.64,-676.24,-671.84,-667.44,-663.04,-658.63,-654.23,-649.83,-645.43,-641.03,-636.62,-632.22,-627.82,-623.42,-619.02,-614.61,-610.21,-605.81,-601.41,-597.01,-592.6,-588.2,-583.8,-579.4,-575,-570.59,-566.19,-561.79,-557.39,-552.99,-548.58,-544.18,-539.78,-535.38,-530.98,-526.57,-522.17,-517.77,-513.37,-508.97,-504.56,-500.16,-495.76,-491.36,-486.96,-482.55,-478.15,-473.75,-469.35,-464.95,-460.54,-456.14,-451.74,-447.34,-442.94,-438.53,-434.13,-429.73,-425.33,-420.93,-416.52,-412.12,-407.72,-403.32,-398.92,-394.51,-390.11,-385.71,-381.31,-376.91,-372.5,-368.1,-363.7,-359.3,-354.9,-350.49,-346.09,-341.69,-337.29,-332.89,-328.48,-324.08,-319.68,-315.28,-310.88,-306.47,-302.07,-297.67,-293.27,-288.87,-284.46,-280.06,-275.66,-271.26,-266.86,-262.45,-258.05,-253.65,-249.25,-244.85,-240.44,-236.04,-231.64,-227.24,-222.84,-218.43,-214.03,-209.63,-205.23,-200.83,-196.42,-192.02,-187.62,-183.22,-178.82,-174.41,-170.01,-165.61,-161.21,-156.81,-152.4,-148,-143.6,-139.2,-134.8,-130.39,-125.99,-121.59,-117.19,-112.79,-108.38,-103.98,-99.58,-95.178,-90.776,-86.374,-81.972,-77.57,-73.168,-68.766,-64.364,-59.962,-55.56,-51.158,-46.756,-42.354,-37.952,-33.55,-29.148,-24.746,-20.344,-15.942,-11.54,-7.138,-2.736,1.666,6.068,10.47,14.872,19.274,23.676,28.078,32.48,36.882,41.284,45.686,50.088,54.49,58.892,63.294,67.696,72.098,76.5,80.902,85.304,89.706,94.108,98.51,102.91,107.31,111.72,116.12,120.52,124.92,129.32,133.73,138.13,142.53,146.93,151.33,155.74,160.14,164.54,168.94,173.34,177.75,182.15,186.55,190.95,195.35,199.76,204.16,208.56,212.96,217.36,221.77,226.17,230.57,234.97,239.37,243.78,248.18,252.58,256.98,261.38,265.79,270.19,274.59,278.99,283.39,287.8,292.2,296.6,301,305.4,309.81,314.21,318.61,323.01,327.41,331.82,336.22,340.62,345.02,349.42,353.83,358.23,362.63,367.03,371.43,375.84,380.24,384.64,389.04,393.44,397.85,402.25,406.65,411.05,415.45,419.86,424.26,428.66,433.06,437.46,441.87,446.27,450.67,455.07,459.47,463.88,468.28,472.68,477.08,481.48,485.89,490.29,494.69,499.09,503.49,507.9,512.3,516.7,521.1,525.5,529.91,534.31,538.71,543.11,547.51,551.92,556.32,560.72,565.12,569.52,573.93,578.33,582.73,587.13,591.53,595.94,600.34,604.74,609.14,613.54,617.95,622.35,626.75,631.15,635.55,639.96,644.36,648.76,653.16,657.56,661.97,666.37,670.77,675.17,679.57,683.98,688.38,692.78,697.18,701.58,705.99,710.39,714.79,719.19,723.59,728,732.4,736.8,741.2,745.6,750.01,754.41,758.81,763.21,767.61,772.02,776.42,780.82,785.22,789.62,794.03,798.43,802.83,807.23,811.63,816.04,820.44,824.84,829.24,833.64,838.05,842.45,846.85,851.25,855.65,860.06,864.46,868.86,873.26,877.66,882.07,886.47,890.87,895.27,899.67,904.08,908.48,912.88,917.28,921.68,926.09,930.49,934.89,939.29,943.69,948.1,952.5,956.9,961.3,965.7,970.11,974.51,978.91,983.31,987.71,992.12,996.52,1000.9,1005.3,1009.7,1014.1,1018.5,1022.9,1027.3,1031.7,1036.1,1040.5,1044.9,1049.3,1053.7,1058.1,1062.5,1067,1071.4,1075.8,1080.2,1084.6,1089,1093.4,1097.8,1102.2,1106.6,1111,1115.4,1119.8,1124.2,1128.6,1133,1137.4,1141.8,1146.2,1150.6,1155,1159.4,1163.8,1168.2,1172.6,1177
-1024,-1019,-1014,-1009,-1004,-999,-994,-989,-984,-979,-974,-969,-964,-959,-954,-949,-944,-939,-934,-929,-924,-919,-914,-909,-904,-899,-894,-889,-884,-879,-874,-869,-864,-859,-854,-849,-844,-839,-834,-829,-824,-819,-814,-809,-804,-799,-794,-789,-784,-779,-774,-769,-764,-759,-754,-749,-744,-739,-734,-729,-724,-719,-714,-709,-704,-699,-694,-689,-684,-679,-674,-669,-664,-659,-654,-649,-644,-639,-634,-629,-624,-619,-614,-609,-604,-599,-594,-589,-584,-579,-574,-569,-564,-559,-554,-549,-544,-539,-534,-529,-524,-519,-514,-509,-504,-499,-494,-489,-484,-479,-474,-469,-464,-459,-454,-449,-444,-439,-434,-429,-424,-419,-414,-409,-404,-399,-394,-389,-384,-379,-374,-369,-364,-359,-354,-349,-344,-339,-334,-329,-324,-319,-314,-309,-304,-299,-294,-289,-284,-279,-274,-269,-264,-259,-254,-249,-244,-239,-234,-229,-224,-219,-214,-209,-204,-199,-194,-189,-184,-179,-174,-169,-164,-159,-154,-149,-144,-139,-134,-129,-124,-119,-114,-109,-104,-99,-94,-89,-84,-79,-74,-69,-64,-59,-54,-49,-44,-39,-34,-29,-24,-19,-14,-9,-4,1,6,11,16,21,26,31,36,41,46,51,56,61,66,71,76,81,86,91,96,101,106,111,116,121,126,131,136,141,146,151,156,161,166,171,176,181,186,191,196,201,206,211,216,221,226,231,236,241,246,251,256,261,266,271,276,281,286,291,296,301,306,311,316,321,326,331,336,341,346,351,356,361,366,371,376,381,386,391,396,401,406,411,416,421,426,431,436,441,446,451,456,461,466,471,476,481,486,491,496,501,506,511,516,521,526,531,536,541,546,551,556,561,566,571,576,581,586,591,596,601,606,611,616,621,626,631,636,641,646,651,656,661,666,671,676,681,686,691,696,701,706,711,716,721,726,731,736,741,746,751,756,761,766,771,776,781,786,791,796,801,806,811,816,821,826,831,836,841,846,851,856,861,866,871,876,881,886,891,896,901,906,911,916,921,926,931,936,941,946,951,956,961,966,971,976,981,986,991,996,1001,1006,1011,1016,1021,1026,1031,1036,1041,1046,1051,1056,1061,1066,1071,1076,1081,1086,1091,1096,1101,1106,1111,1116,1121,1126,1131,1136,1141,1146,1151,1156,1161,1166,1171,1176,1181,1186,1191,1196,1201,1206,1211,1216,1221,1226,1231,1236,1241,1246,1251,1256,1261,1266,1271,1276,1281,1286,1291,1296,1301,1306,1311,1316,1321,1326,1331,1336,1341,1346,1351,1356,1361,1366,1371,1376,1381,1386,1391,1396,1401,1406,1411,1416,1421,1426,1431,1436,1441,1446,1451,1456,1461,1466,1471,1476
-1024,-1015.8,-1007.6,-999.43,-991.24,-983.05,-974.86,-966.67,-958.48,-950.29,-942.1,-933.91,-925.72,-917.53,-909.34,-901.15,-892.96,-884.77,-876.58,-868.39,-860.2,-852.01,-843.82,-835.63,-827.44,-819.25,-811.06,-802.87,-794.68,-786.49,-778.3,-770.11,-761.92,-753.73,-745.54,-737.35,-729.16,-720.97,-712.78,-704.59,-696.4,-688.21,-680.02,-671.83,-663.64,-655.45,-647.26,-639.07,-630.88,-622.69,-614.5,-606.31,-598.12,-589.93,-581.74,-573.55,-565.36,-557.17,-548.98,-540.79,-532.6,-524.41,-516.22,-508.03,-499.84,-491.65,-483.46,-475.27,-467.08,-458.89,-450.7,-442.51,-434.32,-426.13,-417.94,-409.75,-401.56,-393.37,-385.18,-376.99,-368.8,-360.61,-352.42,-344.23,-336.04,-327.85,-319.66,-311.47,-303.28,-295.09,-286.9,-278.71,-270.52,-262.33,-254.14,-245.95,-237.76,-229.57,-221.38,-213.19,-205,-196.81,-188.62,-180.43,-172.24,-164.05,-155.86,-147.67,-139.48,-131.29,-123.1,-114.91,-106.72,-98.53,-90.34,-82.15,-73.96,-65.77,-57.58,-49.39,-41.2,-33.01,-24.82,-16.63,-8.44,-0.25,7.94,16.13,24.32,32.51,40.7,48.89,57.08,65.27,73.46,81.65,89.84,98.03,106.22,114.41,122.6,130.79,138.98,147.17,155.36,163.55,171.74,179.93,188.12,196.31,204.5,212.69,220.88,229.07,237.26,245.45,253.64,261.83,270.02,278.21,286.4,294.59,302.78,310.97,319.16,327.35,335.54,343.73,351.92,360.11,368.3,376.49,384.68,392.87,401.06,409.25,417.44,425.63,433.82,442.01,450.2,458.39,466.58,474.77,482.96,491.15,499.34,507.53,515.72,523.91,532.1,540.29,548.48,556.67,564.86,573.05,581.24,589.43,597.62,605.81,614,622.19,630.38,638.57,646.76,654.95,663.14,671.33,679.52,687.71,695.9,704.09,712.28,720.47,728.66,736.85,745.04,753.23,761.42,769.61,777.8,785.99,794.18,802.37,810.56,818.75,826.94,835.13,843.32,851.51,859.7,867.89,876.08,884.27,892.46,900.65,908.84,917.03,925.22,933.41,941.6,949.79,957.98,966.17,974.36,982.55,990.74,998.93,1007.1,1015.3,1023.5,1031.7,1039.9,1048.1,1056.3,1064.4,1072.6,1080.8,1089,1097.2,1105.4,1113.6,1121.8,1130,1138.2,1146.3,1154.5,1162.7,1170.9,1179.1,1187.3,1195.5,1203.7,1211.9,1220.1,1228.3,1236.4,1244.6,1252.8,1261,1269.2,1277.4,1285.6,1293.8,1302,1310.1,1318.3,1326.5,1334.7,1342.9,1351.1,1359.3,1367.5,1375.7,1383.9,1392,1400.2,1408.4,1416.6,1424.8,1433,1441.2,1449.4,1457.6,1465.8,1473.9,1482.1,1490.3,1498.5,1506.7,1514.9,1523.1,1531.3,1539.5,1547.7,1555.8,1564,1572.2,1580.4,1588.6,1596.8,1605,1613.2,1621.4,1629.6,1637.8,1645.9,1654.1,1662.3,1670.5,1678.7,1686.9,1695.1,1703.3,1711.5,1719.6,1727.8,1736,1744.2,1752.4,1760.6,1768.8,1777,1785.2,1793.4,1801.5,1809.7,1817.9,1826.1,1834.3,1842.5,1850.7,1858.9,1867.1,1875.3,1883.4,1891.6,1899.8,1908,1916.2,1924.4,1932.6,1940.8,1949,1957.2,1965.3,1973.5,1981.7,1989.9,1998.1,2006.3,2014.5,2022.7,2030.9,2039.1,2047.3,2055.4,2063.6,2071.8,2080,2088.2,2096.4,2104.6,2112.8,2121,2129.1,2137.3,2145.5,2153.7,2161.9,2170.1,2178.3,2186.5,2194.7,2202.9,2211,2219.2,2227.4,2235.6,2243.8,2252,2260.2,2268.4,2276.6,2284.8,2292.9,2301.1,2309.3,2317.5,2325.7,2333.9,2342.1,2350.3,2358.5,2366.7,2374.8,2383,2391.2,2399.4,2407.6,2415.8,2424,2432.2,2440.4,2448.6,2456.8,2464.9,2473.1,2481.3,2489.5,2497.7,2505.9,2514.1,2522.3,2530.5,2538.6,2546.8,2555,2563.2,2571.4,2579.6,2587.8,2596,2604.2,2612.4,2620.5,2628.7,2636.9,2645.1,2653.3,2661.5,2669.7,2677.9,2686.1,2694.3,2702.4,2710.6,2718.8,2727,2735.2,2743.4,2751.6,2759.8,2768,2776.2,2784.3,2792.5,2800.7,2808.9,2817.1,2825.3,2833.5,2841.7,2849.9,2858.1,2866.2,2874.4,2882.6,2890.8,2899,2907.2,2915.4,2923.6,2931.8,2940,2948.1,2956.3,2964.5,2972.7,2980.9,2989.1,2997.3,3005.5,3013.7,3021.9,3030,3038.2,3046.4,3054.6,3062.8,3071
-1024,-1019.2,-1014.3,-1009.5,-1004.6,-999.81,-994.97,-990.13,-985.3,-980.46,-975.62,-970.78,-965.94,-961.11,-956.27,-951.43,-946.59,-941.75,-936.92,-932.08,-927.24,-922.4,-917.56,-912.73,-907.89,-903.05,-898.21,-893.37,-888.54,-883.7,-878.86,-874.02,-869.18,-864.35,-859.51,-854.67,-849.83,-844.99,-840.16,-835.32,-830.48,-825.64,-820.8,-815.97,-811.13,-806.29,-801.45,-796.61,-791.78,-786.94,-782.1,-777.26,-772.42,-767.59,-762.75,-757.91,-753.07,-748.23,-743.4,-738.56,-733.72,-728.88,-724.04,-719.21,-714.37,-709.53,-704.69,-699.85,-695.02,-690.18,-685.34,-680.5,-675.66,-670.83,-665.99,-661.15,-656.31,-651.47,-646.64,-641.8,-636.96,-632.12,-627.28,-622.45,-617.61,-612.77,-607.93,-603.09,-598.26,-593.42,-588.58,-583.74,-578.9,-574.07,-569.23,-564.39,-559.55,-554.71,-549.88,-545.04,-540.2,-535.36,-530.52,-525.69,-520.85,-516.01,-511.17,-506.33,-501.5,-496.66,-491.82,-486.98,-482.14,-477.31,-472.47,-467.63,-462.79,-457.95,-453.12,-448.28,-443.44,-438.6,-433.76,-428.93,-424.09,-419.25,-414.41,-409.57,-404.74,-399.9,-395.06,-390.22,-385.38,-380.55,-375.71,-370.87,-366.03,-361.19,-356.36,-351.52,-346.68,-341.84,-337,-332.17,-327.33,-322.49,-317.65,-312.81,-307.98,-303.14,-298.3,-293.46,-288.62,-283.79,-278.95,-274.11,-269.27,-264.43,-259.6,-254.76,-249.92,-245.08,-240.24,-235.41,-230.57,-225.73,-220.89,-216.05,-211.22,-206.38,-201.54,-196.7,-191.86,-187.03,-182.19,-177.35,-172.51,-167.67,-162.84,-158,-153.16,-148.32,-143.48,-138.65,-133.81,-128.97,-124.13,-119.29,-114.46,-109.62,-104.78,-99.942,-95.104,-90.266,-85.428,-80.59,-75.752,-70.914,-66.076,-61.238,-56.4,-51.562,-46.724,-41.886,-37.048,-32.21,-27.372,-22.534,-17.696,-12.858,-8.02,-3.182,1.656,6.494,11.332,16.17,21.008,25.846,30.684,35.522,40.36,45.198,50.036,54.874,59.712,64.55,69.388,74.226,79.064,83.902,88.74,93.578,98.416,103.25,108.09,112.93,117.77,122.61,127.44,132.28,137.12,141.96,146.8,151.63,156.47,161.31,166.15,170.99,175.82,180.66,185.5,190.34,195.18,200.01,204.85,209.69,214.53,219.37,224.2,229.04,233.88,238.72,243.56,248.39,253.23,258.07,262.91,267.75,272.58,277.42,282.26,287.1,291.94,296.77,301.61,306.45,311.29,316.13,320.96,325.8,330.64,335.48,340.32,345.15,349.99,354.83,359.67,364.51,369.34,374.18,379.02,383.86,388.7,393.53,398.37,403.21,408.05,412.89,417.72,422.56,427.4,432.24,437.08,441.91,446.75,451.59,456.43,461.27,466.1,470.94,475.78,480.62,485.46,490.29,495.13,499.97,504.81,509.65,514.48,519.32,524.16,529,533.84,538.67,543.51,548.35,553.19,558.03,562.86,567.7,572.54,577.38,582.22,587.05,591.89,596.73,601.57,606.41,611.24,616.08,620.92,625.76,630.6,635.43,640.27,645.11,649.95,654.79,659.62,664.46,669.3,674.14,678.98,683.81,688.65,693.49,698.33,703.17,708,712.84,717.68,722.52,727.36,732.19,737.03,741.87,746.71,751.55,756.38,761.22,766.06,770.9,775.74,780.57,785.41,790.25,795.09,799.93,804.76,809.6,814.44,819.28,824.12,828.95,833.79,838.63,843.47,848.31,853.14,857.98,862.82,867.66,872.5,877.33,882.17,887.01,891.85,896.69,901.52,906.36,911.2,916.04,920.88,925.71,930.55,935.39,940.23,945.07,949.9,954.74,959.58,964.42,969.26,974.09,978.93,983.77,988.61,993.45,998.28,1003.1,1008,1012.8,1017.6,1022.5,1027.3,1032.2,1037,1041.8,1046.7,1051.5,1056.3,1061.2,1066,1070.9,1075.7,1080.5,1085.4,1090.2,1095,1099.9,1104.7,1109.6,1114.4,1119.2,1124.1,1128.9,1133.7,1138.6,1143.4,1148.3,1153.1,1157.9,1162.8,1167.6,1172.5,1177.3,1182.1,1187,1191.8,1196.6,1201.5,1206.3,1211.2,1216,1220.8,1225.7,1230.5,1235.3,1240.2,1245,1249.9,1254.7,1259.5,1264.4,1269.2,1274.1,1278.9,1283.7,1288.6,1293.4,1298.2,1303.1,1307.9,1312.8,1317.6,1322.4,1327.3,1332.1,1336.9,1341.8,1346.6,1351.5,1356.3,1361.1,1366,1370.8,1375.6,1380.5,1385.3,1390.2,1395
-1025,-1019.9,-1014.8,-1009.7,-1004.6,-999.55,-994.46,-989.37,-984.28,-979.19,-974.1,-969.01,-963.92,-958.83,-953.74,-948.65,-943.56,-938.47,-933.38,-928.29,-923.2,-918.11,-913.02,-907.93,-902.84,-897.75,-892.66,-887.57,-882.48,-877.39,-872.3,-867.21,-862.12,-857.03,-851.94,-846.85,-841.76,-836.67,-831.58,-826.49,-821.4,-816.31,-811.22,-806.13,-801.04,-795.95,-790.86,-785.77,-780.68,-775.59,-770.5,-765.41,-760.32,-755.23,-750.14,-745.05,-739.96,-734.87,-729.78,-724.69,-719.6,-714.51,-709.42,-704.33,-699.24,-694.15,-689.06,-683.97,-678.88,-673.79,-668.7,-663.61,-658.52,-653.43,-648.34,-643.25,-638.16,-633.07,-627.98,-622.89,-617.8,-612.71,-607.62,-602.53,-597.44,-592.35,-587.26,-582.17,-577.08,-571.99,-566.9,-561.81,-556.72,-551.63,-546.54,-541.45,-536.36,-531.27,-526.18,-521.09,-516,-510.91,-505.82,-500.73,-495.64,-490.55,-485.46,-480.37,-475.28,-470.19,-465.1,-460.01,-454.92,-449.83,-444.74,-439.65,-434.56,-429.47,-424.38,-419.29,-414.2,-409.11,-404.02,-398.93,-393.84,-388.75,-383.66,-378.57,-373.48,-368.39,-363.3,-358.21,-353.12,-348.03,-342.94,-337.85,-332.76,-327.67,-322.58,-317.49,-312.4,-307.31,-302.22,-297.13,-292.04,-286.95,-281.86,-276.77,-271.68,-266.59,-261.5,-256.41,-251.32,-246.23,-241.14,-236.05,-230.96,-225.87,-220.78,-215.69,-210.6,-205.51,-200.42,-195.33,-190.24,-185.15,-180.06,-174.97,-169.88,-164.79,-159.7,-154.61,-149.52,-144.43,-139.34,-134.25,-129.16,-124.07,-118.98,-113.89,-108.8,-103.71,-98.62,-93.53,-88.44,-83.35,-78.26,-73.17,-68.08,-62.99,-57.9,-52.81,-47.72,-42.63,-37.54,-32.45,-27.36,-22.27,-17.18,-12.09,-7,-1.91,3.18,8.27,13.36,18.45,23.54,28.63,33.72,38.81,43.9,48.99,54.08,59.17,64.26,69.35,74.44,79.53,84.62,89.71,94.8,99.89,104.98,110.07,115.16,120.25,125.34,130.43,135.52,140.61,145.7,150.79,155.88,160.97,166.06,171.15,176.24,181.33,186.42,191.51,196.6,201.69,206.78,211.87,216.96,222.05,227.14,232.23,237.32,242.41,247.5,252.59,257.68,262.77,267.86,272.95,278.04,283.13,288.22,293.31,298.4,303.49,308.58,313.67,318.76,323.85,328.94,334.03,339.12,344.21,349.3,354.39,359.48,364.57,369.66,374.75,379.84,384.93,390.02,395.11,400.2,405.29,410.38,415.47,420.56,425.65,430.74,435.83,440.92,446.01,451.1,456.19,461.28,466.37,471.46,476.55,481.64,486.73,491.82,496.91,502,507.09,512.18,517.27,522.36,527.45,532.54,537.63,542.72,547.81,552.9,557.99,563.08,568.17,573.26,578.35,583.44,588.53,593.62,598.71,603.8,608.89,613.98,619.07,624.16,629.25,634.34,639.43,644.52,649.61,654.7,659.79,664.88,669.97,675.06,680.15,685.24,690.33,695.42,700.51,705.6,710.69,715.78,720.87,725.96,731.05,736.14,741.23,746.32,751.41,756.5,761.59,766.68,771.77,776.86,781.95,787.04,792.13,797.22,802.31,807.4,812.49,817.58,822.67,827.76,832.85,837.94,843.03,848.12,853.21,858.3,863.39,868.48,873.57,878.66,883.75,888.84,893.93,899.02,904.11,909.2,914.29,919.38,924.47,929.56,934.65,939.74,944.83,949.92,955.01,960.1,965.19,970.28,975.37,980.46,985.55,990.64,995.73,1000.8,1005.9,1011,1016.1,1021.2,1026.3,1031.4,1036.4,1041.5,1046.6,1051.7,1056.8,1061.9,1067,1072.1,1077.2,1082.3,1087.3,1092.4,1097.5,1102.6,1107.7,1112.8,1117.9,1123,1128.1,1133.2,1138.3,1143.3,1148.4,1153.5,1158.6,1163.7,1168.8,1173.9,1179,1184.1,1189.2,1194.2,1199.3,1204.4,1209.5,1214.6,1219.7,1224.8,1229.9,1235,1240,1245.1,1250.2,1255.3,1260.4,1265.5,1270.6,1275.7,1280.8,1285.9,1290.9,1296,1301.1,1306.2,1311.3,1316.4,1321.5,1326.6,1331.7,1336.8,1341.8,1346.9,1352,1357.1,1362.2,1367.3,1372.4,1377.5,1382.6,1387.7,1392.8,1397.8,1402.9,1408,1413.1,1418.2,1423.3,1428.4,1433.5,1438.6,1443.7,1448.7,1453.8,1458.9,1464,1469.1,1474.2,1479.3,1484.4,1489.5,1494.5,1499.6,1504.7,1509.8,1514.9,1520
-1024,-1015.8,-1007.6,-999.43,-991.24,-983.05,-974.86,-966.67,-958.48,-950.29,-942.1,-933.91,-925.72,-917.53,-909.34,-901.15,-892.96,-884.77,-876.58,-868.39,-860.2,-852.01,-843.82,-835.63,-827.44,-819.25,-811.06,-802.87,-794.68,-786.49,-778.3,-770.11,-761.92,-753.73,-745.54,-737.35,-729.16,-720.97,-712.78,-704.59,-696.4,-688.21,-680.02,-671.83,-663.64,-655.45,-647.26,-639.07,-630.88,-622.69,-614.5,-606.31,-598.12,-589.93,-581.74,-573.55,-565.36,-557.17,-548.98,-540.79,-532.6,-524.41,-516.22,-508.03,-499.84,-491.65,-483.46,-475.27,-467.08,-458.89,-450.7,-442.51,-434.32,-426.13,-417.94,-409.75,-401.56,-393.37,-385.18,-376.99,-368.8,-360.61,-352.42,-344.23,-336.04,-327.85,-319.66,-311.47,-303.28,-295.09,-286.9,-278.71,-270.52,-262.33,-254.14,-245.95,-237.76,-229.57,-221.38,-213.19,-205,-196.81,-188.62,-180.43,-172.24,-164.05,-155.86,-147.67,-139.48,-131.29,-123.1,-114.91,-106.72,-98.53,-90.34,-82.15,-73.96,-65.77,-57.58,-49.39,-41.2,-33.01,-24.82,-16.63,-8.44,-0.25,7.94,16.13,24.32,32.51,40.7,48.89,57.08,65.27,73.46,81.65,89.84,98.03,106.22,114.41,122.6,130.79,138.98,147.17,155.36,163.55,171.74,179.93,188.12,196.31,204.5,212.69,220.88,229.07,237.26,245.45,253.64,261.83,270.02,278.21,286.4,294.59,302.78,310.97,319.16,327.35,335.54,343.73,351.92,360.11,368.3,376.49,384.68,392.87,401.06,409.25,417.44,425.63,433.82,442.01,450.2,458.39,466.58,474.77,482.96,491.15,499.34,507.53,515.72,523.91,532.1,540.29,548.48,556.67,564.86,573.05,581.24,589.43,597.62,605.81,614,622.19,630.38,638.57,646.76,654.95,663.14,671.33,679.52,687.71,695.9,704.09,712.28,720.47,728.66,736.85,745.04,753.23,761.42,769.61,777.8,785.99,794.18,802.37,810.56,818.75,826.94,835.13,843.32,851.51,859.7,867.89,876.08,884.27,892.46,900.65,908.84,917.03,925.22,933.41,941.6,949.79,957.98,966.17,974.36,982.55,990.74,998.93,1007.1,1015.3,1023.5,1031.7,1039.9,1048.1,1056.3,1064.4,1072.6,1080.8,1089,1097.2,1105.4,1113.6,1121.8,1130,1138.2,1146.3,1154.5,1162.7,1170.9,1179.1,1187.3,1195.5,1203.7,1211.9,1220.1,1228.3,1236.4,1244.6,1252.8,1261,1269.2,1277.4,1285.6,1293.8,1302,1310.1,1318.3,1326.5,1334.7,1342.9,1351.1,1359.3,1367.5,1375.7,1383.9,1392,1400.2,1408.4,1416.6,1424.8,1433,1441.2,1449.4,1457.6,1465.8,1473.9,1482.1,1490.3,1498.5,1506.7,1514.9,1523.1,1531.3,1539.5,1547.7,1555.8,1564,1572.2,1580.4,1588.6,1596.8,1605,1613.2,1621.4,1629.6,1637.8,1645.9,1654.1,1662.3,1670.5,1678.7,1686.9,1695.1,1703.3,1711.5,1719.6,1727.8,1736,1744.2,1752.4,1760.6,1768.8,1777,1785.2,1793.4,1801.5,1809.7,1817.9,1826.1,1834.3,1842.5,1850.7,1858.9,1867.1,1875.3,1883.4,1891.6,1899.8,1908,1916.2,1924.4,1932.6,1940.8,1949,1957.2,1965.3,1973.5,1981.7,1989.9,1998.1,2006.3,2014.5,2022.7,2030.9,2039.1,2047.3,2055.4,2063.6,2071.8,2080,2088.2,2096.4,2104.6,2112.8,2121,2129.1,2137.3,2145.5,2153.7,2161.9,2170.1,2178.3,2186.5,2194.7,2202.9,2211,2219.2,2227.4,2235.6,2243.8,2252,2260.2,2268.4,2276.6,2284.8,2292.9,2301.1,2309.3,2317.5,2325.7,2333.9,2342.1,2350.3,2358.5,2366.7,2374.8,2383,2391.2,2399.4,2407.6,2415.8,2424,2432.2,2440.4,2448.6,2456.8,2464.9,2473.1,2481.3,2489.5,2497.7,2505.9,2514.1,2522.3,2530.5,2538.6,2546.8,2555,2563.2,2571.4,2579.6,2587.8,2596,2604.2,2612.4,2620.5,2628.7,2636.9,2645.1,2653.3,2661.5,2669.7,2677.9,2686.1,2694.3,2702.4,2710.6,2718.8,2727,2735.2,2743.4,2751.6,2759.8,2768,2776.2,2784.3,2792.5,2800.7,2808.9,2817.1,2825.3,2833.5,2841.7,2849.9,2858.1,2866.2,2874.4,2882.6,2890.8,2899,2907.2,2915.4,2923.6,2931.8,2940,2948.1,2956.3,2964.5,2972.7,2980.9,2989.1,2997.3,3005.5,3013.7,3021.9,3030,3038.2,3046.4,3054.6,3062.8,3071
