99328,4.2949e+05,1.1751e+06,1.0539e+06,5.8611e+05,3.3898e+05,1.5753e+05,97665,83610,1.0258e+05,1.9054e+05,2.7489e+05,3.282e+05,2.7824e+05,1.9491e+05,1.585e+05,1.2289e+05,1.1633e+05,1.1082e+05,1.0319e+05,92686,91032,69611,60554,53461,47171,46958,37246,33807,30877,28786,30166,24996,23812,22681,20940,22618,19025,18287,17533,16987,16340,17526,15115,14633,13996,13581,14496,12590,12259,12088,11695,12762,11142,10817,10349,10217,11241,9969,9605,9452,9470,9287,10428,9109,8937,8812,8927,9700,8525,8560,8213,8429,9377,8222,8454,8227,8255,9154,8134,8301,8259,8280,8376,9585,8524,8848,9079,9074,10524,9598,10079,10431,10861,12837,11589,11778,11924,11716,11696,13024,11672,12049,12214,13169,21220,39181,97184,2.2249e+05,4.1955e+05,7.2478e+05,7.8908e+05,8.0884e+05,7.2013e+05,5.8243e+05,4.9604e+05,3.3428e+05,2.6861e+05,2.2942e+05,2.0937e+05,2.0177e+05,2.2902e+05,2.1554e+05,2.3789e+05,2.7446e+05,3.2858e+05,4.5984e+05,5.0462e+05,5.8858e+05,6.3037e+05,5.9161e+05,5.2537e+05,3.1585e+05,1.9828e+05,1.211e+05,79227,65925,48275,43203,37741,33002,29414,31122,27352,27577,29105,31402,39360,39566,44624,50220,53679,62095,51609,44444,34808,25166,18791,11528,8727,7257,6344,5948,6261,5394,4991,4924,4645,5070,4218,4111,3921,3713,4022,3407,3344,3104,3019,3312,2864,2759,2629,2550,2433,2584,2184,2190,2083,2052,2193,1875,1903,1845,1692,1895,1657,1621,1543,1471,1423,1574,1368,1335,1305,1304,1358,1160,1105,1170,1045,1219,1029,941,933,920,945,818,822,782,708,721,836,652,642,596,659,651,577,531,484,461,535,433,448,417,410,486,406,419,420,419,382,451,372,330,398,335,364,351,300,348,294,308,218,195,166,147,126,88,103,61,71,67,61,49,43,40,45,58,48,41,45,39,40,28,47,31,41,40,30,30,31,34,38,50,23,30,22,20,20,29,22,34,23,25,23,27,20,21,17,18,22,15,22,24,23,11,17,18,17,20,16,11,13,14,16,18,10,12,14,6,14,14,6,17,11,12,8,15,7,7,10,4,8,7,12,12,12,9,8,9,6,7,9,8,7,7,15,6,6,5,3,1,4,3,7,5,8,5,3,4,4,6,5,5,3,3,4,8,5,6,5,8,2,1,3,3,1,4,1,5,0,1,1,2,1,1,2,0,2,0,1,1,0,1,1,1,0,0,0,0,0,1,1,1,0,1,0,0,0,0,0,1,0,0,0,0,0,1,0,0,0,1,3,1,1,0,0,1,0,0,1,1,0,1,0,0,0,0,0,0,0,0,0,1,0,0,2,0,0,0,0,0,0,0,0,0,0,2,0,1,0,0,0,0,0,0,0,0,0,0,0,0,0,0,0,0,1,0,0,0,1,0,0,1,0,0,1,0,0,0,0,0,0,0,0,1,0,2,16
46355,93969,1.5754e+05,3.3174e+05,3.6479e+05,6.0495e+05,4.4897e+05,2.8416e+05,2.584e+05,1.4675e+05,1.3252e+05,78501,75826,59933,41704,48090,38105,50017,43807,60925,70027,63796,92360,85497,1.2145e+05,1.056e+05,1.3214e+05,1.2227e+05,87063,94550,66488,76543,58539,72418,72174,57280,70396,54433,64701,48754,55447,50737,36701,41510,30181,34227,25017,28445,25712,18808,21616,15697,18519,13508,15510,14108,10669,12412,9303,10751,10389,7869,9232,6868,8374,6284,7494,7301,5605,6818,5256,6464,4948,6101,6014,4592,5666,4461,5383,4305,5175,5122,4118,5127,4051,4981,3882,4833,4603,3674,4541,3718,4514,3526,4485,4298,3401,4325,3359,4248,3412,4207,4144,3274,4114,3281,4046,3202,3979,3978,3244,3962,3213,3944,3773,3082,3792,3025,3774,3099,3800,3817,3038,3890,3008,3902,3026,3864,3950,3118,3777,3131,3830,3104,3962,3983,3153,3797,3165,3967,3180,4067,4174,3225,4155,3401,4203,3396,4091,4276,3328,4336,3454,4406,3519,4319,4585,3651,4686,3827,4770,3918,4822,4934,3984,4800,3984,4990,4901,3902,4674,3697,4459,3627,4472,4495,3500,4432,3637,4409,3537,4431,4826,3806,5193,4335,6058,5818,9493,14144,17565,35794,46176,92610,1.122e+05,2.0061e+05,2.8025e+05,2.8432e+05,4.2371e+05,3.8006e+05,5.0005e+05,3.9625e+05,4.6703e+05,4.1071e+05,2.8257e+05,2.9507e+05,1.9189e+05,1.9633e+05,1.2844e+05,1.3442e+05,1.13e+05,79955,91032,68099,82140,64231,80092,80875,67020,87855,74827,1.0132e+05,1.1379e+05,1.0216e+05,1.4491e+05,1.3164e+05,1.881e+05,1.7081e+05,2.372e+05,2.5959e+05,2.1892e+05,2.7631e+05,2.161e+05,2.5439e+05,1.8451e+05,2.021e+05,1.6607e+05,1.0791e+05,1.0667e+05,65043,62018,37004,34911,26819,17253,18290,12997,14803,10958,13056,12324,9534,11735,9310,11526,9336,11628,11573,9343,12197,10188,13117,11289,14964,16570,14300,19442,17120,23264,20011,26347,27296,22449,26876,20704,23920,16996,18540,15242,9851,9635,6065,5722,4466,2895,3085,2119,2434,1793,2154,2024,1507,1941,1410,1691,1419,1590,1563,1151,1363,1136,1299,972,1225,1198,928,1082,869,1059,815,1020,915,689,916,697,816,645,783,758,560,690,542,660,526,633,603,454,543,461,567,369,478,473,350,419,354,402,415,336,363,303,363,284,352,331,256,292,236,295,230,284,243,221,232,196,226,166,220,207,153,221,137,191,157,163,179,123,171,118,157,109,150,130,97,139,106,118,97,115,116,80,103,82,112,65,87,103,76,81,76,73,88,60,69,61,53,63,67,69,49,74,40,62,39,52,51,41,36,39,48,37,27,58,45,31,33,42,21,35,25,22,27,22,27,20,33,29,16,20,16,15,10,25,24,16,18,15,24,9,19,12,12,14,9,15,9,9,12,5,10,7,8,7,1,5,3,6,2,2,4,2,1,1,2,2,1,0,0,2,1,2,0,1,4,1,0,1,1,0,1,0,1,0,0,0,0,3,0,0,0,0,0,0,0,0,0,0,0,0,1
7770,19613,60669,1.5711e+05,3.2627e+05,5.2035e+05,6.1888e+05,5.7058e+05,4.4169e+05,3.1957e+05,2.323e+05,1.7816e+05,1.4774e+05,1.3433e+05,1.2845e+05,1.232e+05,1.1755e+05,1.1325e+05,1.1819e+05,1.4633e+05,2.0401e+05,2.72e+05,3.1422e+05,3.0028e+05,2.431e+05,1.7631e+05,1.2783e+05,1.0001e+05,86641,80148,75696,71340,67295,62563,57661,52360,47673,42484,37601,33711,30656,27432,24499,22556,20637,19175,17572,16254,15058,14223,13524,13028,12263,11595,10980,10699,10287,9928,9543,9343,8822,8733,8321,8034,8087,7618,7368,7187,7219,6959,6758,6655,6653,6359,6324,6305,6214,5996,6046,6026,5685,5806,5725,5685,5792,5557,5659,5606,5561,5439,5536,5332,5458,5413,5451,5261,5459,5412,5085,5169,5190,5361,5211,5090,5122,4939,4846,5068,4959,4912,4805,4841,4886,4783,4782,4845,4637,4811,4682,4853,4689,4693,4603,4568,4410,4580,4511,4425,4495,4345,4285,4401,4454,4456,4318,4323,4403,4291,4269,4367,4317,4216,4300,4298,4309,4401,4468,4396,4449,4444,4526,4465,4550,4578,4556,4653,4711,4786,4786,4808,4913,5045,4983,5205,5061,5114,5065,5082,5113,5343,5233,5274,5338,5581,5714,5874,6593,7508,9913,14445,23393,39056,63283,93573,1.2683e+05,1.5624e+05,1.7617e+05,1.8468e+05,1.8181e+05,1.7102e+05,1.5652e+05,1.405e+05,1.2412e+05,1.1011e+05,97735,88832,82144,77718,73860,72989,74320,75587,79727,86484,96830,1.1211e+05,1.3301e+05,1.6239e+05,1.9886e+05,2.4475e+05,2.9509e+05,3.4682e+05,3.9193e+05,4.1826e+05,4.224e+05,3.9724e+05,3.4822e+05,2.839e+05,2.1461e+05,1.5227e+05,1.0356e+05,68982,46764,34036,27879,25475,24406,24025,24128,23354,22204,21295,19546,18363,17134,16264,15761,15547,16002,15831,16283,17026,18057,19756,21847,24394,26850,29412,31746,33091,33610,32087,29782,26125,21966,17839,13980,10909,8638,6982,6025,5317,4967,4673,4512,4340,4190,4109,4042,3939,3706,3712,3457,3364,3291,3180,3123,2987,3010,2844,2756,2710,2580,2614,2465,2312,2367,2243,2164,2165,2060,2042,1962,1934,1894,1840,1730,1709,1658,1622,1583,1560,1559,1561,1538,1404,1377,1355,1296,1300,1226,1280,1169,1175,1120,1078,1101,1081,1027,1052,955,1022,970,908,893,879,883,841,781,732,810,732,778,757,732,669,677,671,586,622,604,597,615,589,599,537,524,556,543,462,524,446,474,488,465,457,458,404,427,425,398,411,385,361,374,361,346,347,317,316,326,298,283,290,257,281,251,249,252,235,255,232,223,258,200,241,194,200,212,206,178,182,193,181,190,177,173,172,160,158,147,150,141,154,160,116,140,148,149,151,119,129,127,114,116,108,112,111,89,82,81,97,101,86,90,99,78,97,90,87,75,68,78,73,75,79,69,85,58,62,55,53,49,39,30,44,31,21,23,15,14,10,7,2,2,5,3,3,0,0,1,1,1,0,0,0,0,0,0,1,0,0,1,0,0,0,0,1,0,0,0,0,0,0,0,0,0,0,0,0,0,0,0,0,0,0,1,0,0,1
7941,38389,1.8188e+05,6.008e+05,1.4387e+06,1.2891e+06,8.3882e+05,4.9481e+05,3.2225e+05,2.435e+05,2.1041e+05,2.0748e+05,2.1856e+05,2.2695e+05,2.2625e+05,2.1294e+05,1.895e+05,1.6289e+05,1.401e+05,1.2605e+05,1.6654e+05,2.0177e+05,2.9541e+05,3.5767e+05,3.4031e+05,2.6706e+05,1.86e+05,1.246e+05,86992,64950,52549,45107,40576,36185,33478,31750,31227,30782,30834,31702,39409,33407,34826,35934,36772,38922,40065,40976,42603,43661,44701,45277,44983,44187,43729,41898,40549,38311,36387,34123,37762,29290,27295,24705,23142,21231,20038,18470,17402,16510,15309,14658,13726,13178,12599,12161,11686,11015,10604,10318,11923,9638,9527,9203,9004,8933,8622,8584,8375,8245,7983,7806,7613,7512,7472,7377,7430,7174,6979,6980,8440,7001,6947,7025,6832,6709,7000,6928,6782,6871,6681,6600,6651,6585,6526,6534,6599,6404,6607,6469,7748,6550,6275,6412,6431,6493,6381,6413,6437,6264,6282,6452,6204,6354,6150,6187,6200,6103,6015,6145,7295,5987,6064,6218,6106,5939,6038,6049,5930,6074,6000,5995,6025,5953,5921,5875,5849,5944,5964,5965,7116,5974,6001,6267,6382,6381,6419,6357,6636,6718,6849,6956,7005,7487,7718,7908,8351,8623,8986,9733,14519,16257,22430,32038,43414,55147,67435,77572,83677,88292,90907,92930,93924,95190,98631,1.0245e+05,1.0511e+05,1.0942e+05,1.1465e+05,1.193e+05,1.5262e+05,1.3836e+05,1.5287e+05,1.7529e+05,2.1083e+05,2.6139e+05,3.3312e+05,4.2887e+05,5.4383e+05,6.6788e+05,7.692e+05,8.1226e+05,7.6266e+05,6.3351e+05,4.6761e+05,3.1401e+05,1.9483e+05,1.2003e+05,74218,51265,46616,33188,30872,29466,28669,28957,28326,28154,27504,26695,26492,26320,26797,27250,27586,28871,29453,29821,30190,29519,35024,28406,27672,26668,26618,25587,24355,23019,21384,20083,18574,17055,15996,14616,13960,12912,12038,11502,10961,10417,11884,9038,8297,7427,6429,5782,5314,4867,4543,4175,4049,3919,3763,3573,3516,3383,3238,3094,3020,2978,3474,2675,2662,2511,2504,2357,2267,2226,2168,2064,2022,1934,1899,1892,1854,1774,1740,1693,1643,1565,1779,1460,1437,1468,1404,1405,1303,1253,1327,1252,1292,1180,1179,1101,1122,1080,1027,1009,1005,994,1173,949,918,892,880,832,826,794,739,708,800,718,682,687,693,700,660,592,592,568,663,536,545,498,527,499,494,445,455,453,425,389,385,378,352,414,404,350,362,341,384,304,314,287,275,267,268,250,259,200,262,222,199,201,192,201,189,180,178,185,191,174,155,124,137,144,145,128,126,118,115,122,111,122,106,111,95,93,92,94,91,67,73,70,72,58,81,70,66,71,68,54,50,52,53,56,41,42,39,29,50,49,33,34,35,32,29,26,21,31,31,32,24,32,19,18,15,15,13,11,17,10,13,18,9,5,9,5,2,2,7,3,2,3,3,1,2,1,1,1,0,0,1,0,1,0,0,1,0,1,1,0,1,0,0,0,1,0,1,1,0,0,1,0,1,0,1,0,0,0,0,0,0,0,0,0,0,0,0,1
10157,19495,64178,1.3878e+05,4.0021e+05,5.2149e+05,5.8933e+05,3.7874e+05,3.5611e+05,2.2295e+05,1.9795e+05,1.2806e+05,1.381e+05,1.1626e+05,1.4866e+05,1.3592e+05,1.8964e+05,2.0089e+05,3.1401e+05,3.0812e+05,3.6726e+05,2.5827e+05,2.3403e+05,1.4154e+05,1.2774e+05,86760,91523,69240,78221,61465,69780,54177,61434,48028,54643,42972,48479,37432,42621,33186,37853,29817,34046,27092,31242,25058,29393,23841,27555,21922,25222,19522,21939,17329,19073,15163,16791,13265,15227,11842,13646,11010,12462,10055,11645,9502,10806,8699,10453,8196,9736,7838,9386,7588,8980,7369,8632,7080,8374,6911,8127,6689,7971,6458,7695,6370,7721,6193,7492,6257,7258,6024,7150,6097,7086,6037,7299,6000,7050,5909,7214,5888,7200,5906,7087,5905,7111,6047,7177,6142,7406,6220,7515,6126,7364,6124,7241,6097,7267,6279,7311,6131,7146,6056,7221,6162,7269,6120,7168,6198,7446,6207,7347,6054,7368,6042,7292,5995,7172,5997,7128,5741,6783,5475,6508,5446,6519,5386,6666,5509,6727,5817,7078,6324,8317,8123,12811,15366,29908,42214,89583,1.259e+05,2.494e+05,3.2008e+05,5.4738e+05,5.8158e+05,7.8578e+05,6.587e+05,7.2076e+05,5.1346e+05,5.0162e+05,3.3088e+05,3.1386e+05,2.0686e+05,2.0538e+05,1.4484e+05,1.5459e+05,1.1902e+05,1.3457e+05,1.0683e+05,1.2684e+05,1.0555e+05,1.2947e+05,1.111e+05,1.4126e+05,1.2518e+05,1.6365e+05,1.4932e+05,2.0016e+05,1.8772e+05,2.5763e+05,2.4434e+05,3.2784e+05,2.9673e+05,3.6568e+05,2.9312e+05,3.1483e+05,2.1849e+05,2.0536e+05,1.2697e+05,1.1028e+05,64677,56510,34991,33169,23471,25081,19513,22172,17692,20002,16122,18332,14757,17414,14317,16760,13738,16449,13448,16629,13660,17003,14392,17639,15701,19897,17917,23546,21345,27832,25128,32604,29029,35231,29435,33971,26114,27978,19905,20096,13750,13770,9511,9794,7278,7814,5991,6600,5061,5700,4407,4853,3661,4069,3036,3491,2642,3034,2333,2642,2040,2431,1887,2285,1831,2221,1723,2007,1681,1840,1596,1832,1489,1739,1335,1686,1356,1637,1287,1559,1261,1484,1171,1380,1191,1382,1070,1227,1030,1205,959,1179,970,1139,864,1057,876,1009,873,1023,809,935,765,895,742,892,730,852,708,817,687,775,688,761,620,691,590,753,604,670,585,618,557,637,497,650,444,573,474,550,459,526,415,519,396,471,436,448,364,475,350,446,310,421,321,360,294,352,249,344,289,346,252,311,264,262,240,274,219,263,214,255,196,237,187,235,163,218,176,191,145,173,177,174,149,155,141,151,155,190,112,144,96,120,126,135,108,98,106,84,91,99,93,94,75,95,63,77,57,60,53,53,28,43,18,23,22,24,18,22,9,13,13,7,7,5,4,3,5,4,5,6,5,8,3,1,2,0,7,6,6,7,1,4,3,3,1,3,2,6,3,5,1,1,1,8,2,4,1,5,3,4,0,1,3,2,2,2,2,2,4,3,1,1,1,1,0,4,2,2,1,2,2,3,1,1,0,2,2,0,1,0,0,1,1,0,1,1,1,1,0,1,1,0,0,1,0,0,1
1.1154e+06,21,413,7185,74871,2.1855e+05,3.4019e+05,1.706e+05,75948,52616,31204,31821,37516,49000,85711,99228,1.3205e+05,99068,53293,35632,19833,18929,17856,13693,13779,9557,10556,11128,9206,10247,7310,8025,8885,6793,7403,4904,5448,6377,4758,5592,3947,4353,5317,4238,5401,3952,4175,5561,4186,5464,4009,3687,5135,3799,4854,3457,3210,4307,3159,4036,3075,2612,3595,2669,3434,2491,2186,3113,2274,2940,2152,1883,2638,2092,2587,2006,1779,2453,1906,2362,1753,1637,2248,1742,2240,1755,1589,2141,1735,2036,1621,1513,2012,1544,1960,1548,1424,1979,1600,1973,1529,1918,1364,1421,1797,1454,1805,1315,1477,1817,1488,1859,1308,1415,1853,1492,1769,1288,1477,1789,1392,1743,1267,1447,1704,1384,1855,1267,1489,1814,1482,1823,1260,1401,1833,1449,1772,1284,1522,1806,1527,1769,1234,1463,1760,1508,1797,1303,1489,1799,1548,1812,1418,1411,1869,1538,1814,1503,1278,1881,1515,1914,1493,1351,1825,1566,1771,1434,1290,1762,1406,1679,1404,1282,1789,1440,1831,1476,1415,1975,1595,2090,1792,1696,2394,2170,2887,3286,5222,16073,25715,48643,51018,48123,62464,46165,47908,33546,26847,33324,25029,29419,22684,28016,19952,22562,27521,22991,28429,21090,24709,31368,26720,34879,27212,34376,46297,47151,66277,58781,80691,1.0335e+05,97850,1.0508e+05,70684,64909,44490,22477,15298,8512,7984,8815,6697,7692,5271,5620,6970,5414,6836,4806,5508,6710,5347,6748,4750,5286,6411,5047,6157,4267,4690,5692,4191,5356,4294,3749,5016,3900,4958,3978,3461,4681,3836,4619,3831,3371,4698,4175,5258,4694,4408,6074,5349,6725,6370,5607,7058,5349,4662,2818,1837,2050,1302,1414,847,827,1115,751,986,752,662,952,660,854,614,560,774,617,743,531,708,471,518,652,481,648,472,447,608,444,622,405,413,638,394,604,378,397,547,351,496,356,373,458,355,450,325,316,471,304,401,267,275,410,289,396,248,274,346,279,339,242,235,326,222,310,222,213,323,185,281,188,162,245,173,239,183,149,199,148,179,145,136,186,118,167,127,115,200,99,144,114,100,140,92,149,105,86,116,91,119,80,81,117,68,97,69,59,86,68,94,66,54,78,47,77,56,54,83,53,74,64,74,40,49,52,50,62,40,47,73,36,47,40,36,52,38,46,26,34,28,34,59,21,29,51,25,51,24,28,38,22,31,25,24,25,18,27,24,22,14,12,25,19,17,26,5,22,9,15,19,8,12,10,8,12,5,11,6,4,12,7,5,7,3,7,4,9,2,2,2,2,5,2,3,1,0,2,1,2,1,0,1,1,2,1,0,2,1,0,0,2,1,0,0,0,0,0,0,1
40250,49437,1.3606e+05,2.438e+05,4.6251e+05,1.006e+06,9.909e+05,9.2775e+05,8.3028e+05,4.4678e+05,3.75e+05,1.8251e+05,1.3158e+05,1.1676e+05,95328,1.0455e+05,1.7354e+05,1.6094e+05,2.1368e+05,1.8537e+05,1.7188e+05,1.934e+05,1.1464e+05,92368,84054,62647,74790,47115,42906,42532,36096,33751,44622,28893,28537,25258,23990,32088,20806,19863,19543,17622,17081,23866,15778,16187,15586,15246,22183,15454,15691,15905,15742,23503,16302,16389,17015,16423,16594,24381,16374,16721,16164,15990,23312,15444,15548,15841,15310,22093,14873,14712,14864,14437,14276,20682,13457,13459,12713,12610,18131,11780,11533,11735,11043,10700,15418,10071,10231,9574,9392,13493,8796,8644,8891,8366,11907,7987,7785,7857,7455,7290,10558,7243,7202,6893,6813,9803,6652,6560,6559,6373,9030,6077,6080,6145,5837,5658,8387,5739,5880,5449,5462,7942,5322,5225,5446,5142,5045,7336,4940,5175,4902,4883,6967,4754,4707,4821,4678,6602,4486,4608,4721,4518,4687,6562,4482,4626,4527,4428,6595,4432,4384,4728,4524,6642,4428,4406,4803,4578,4576,6482,4409,4661,4480,4447,6532,4304,4497,4685,4430,4538,6701,4520,4760,4694,4554,6692,4660,4566,4882,4541,6795,4752,4594,5044,4911,4709,7042,4876,5151,4894,4999,7439,5221,5303,5618,5586,8411,6302,7248,8620,10557,14161,31231,32326,46111,61657,80788,1.5641e+05,1.2874e+05,1.4366e+05,1.5954e+05,1.6154e+05,1.6319e+05,2.3769e+05,1.5254e+05,1.4701e+05,1.3526e+05,1.2582e+05,1.7048e+05,1.0464e+05,98093,94281,87820,1.2496e+05,81034,79895,80232,80382,82071,1.2593e+05,90201,98985,1.0556e+05,1.169e+05,1.9991e+05,1.604e+05,1.8475e+05,2.2163e+05,2.4651e+05,4.1636e+05,3.1772e+05,3.3586e+05,3.5848e+05,3.3303e+05,3.0994e+05,3.9349e+05,2.2371e+05,1.8377e+05,1.5163e+05,1.1445e+05,1.2359e+05,61406,48258,39782,32862,28441,37431,22499,21174,19619,18787,26038,16698,15853,15206,14586,20833,13246,12940,12547,11782,11471,16493,10549,10391,10123,9860,14541,9427,9323,9542,9274,13782,9364,9297,9514,9414,9247,13441,8874,8420,8233,7546,10680,6644,6059,5620,5041,4502,6124,3680,3469,3373,3227,4600,2982,2969,2860,2735,4110,2686,2632,2450,2521,2543,3582,2297,2271,2393,2179,3289,2105,2127,2085,1984,2899,1890,1942,1895,1809,1735,2525,1734,1707,1644,1617,2353,1644,1483,1444,1514,1518,2087,1356,1346,1354,1283,1938,1223,1229,1139,1164,1625,1073,1068,1076,1021,982,1431,898,953,931,873,1270,829,793,777,753,1149,708,675,737,685,696,970,618,642,594,596,843,533,569,568,527,492,718,482,490,491,470,651,411,444,410,388,589,390,374,356,367,372,488,315,325,295,297,412,300,288,243,241,344,200,202,204,190,203,282,171,168,174,175,249,166,153,148,122,107,184,108,111,95,97,156,99,86,86,61,117,85,82,66,66,58,99,45,58,47,59,73,54,43,37,41,39,34,35,30,30,34,42,17,30,22,27,33,14,17,24,13,17,31,15,7,10,5,9,10,2,7,3,11,5,5,3,2,0,3,1,1,0,4,0,0,0,0,0,1
75067,52299,83782,93042,1.4931e+05,1.7389e+05,1.8106e+05,1.3687e+05,1.5823e+05,1.537e+05,1.6677e+05,1.469e+05,1.8571e+05,1.6973e+05,1.1452e+05,1.1761e+05,96956,83299,59356,67126,61153,55046,40513,46130,41961,38690,28613,33515,32053,24433,29130,28071,26719,20497,24717,24034,23065,17798,21528,20678,19413,14917,17574,16517,12543,14281,13189,12057,9141,10664,10278,9717,7304,8814,8650,6477,7965,7710,7390,5679,7178,6887,6585,5371,6425,6314,6081,4900,5914,6074,4706,5730,5746,5698,4619,5655,5546,5669,4254,5571,5505,5344,4392,5545,5494,4365,5442,5488,5375,4318,5273,5269,5253,4161,5247,5191,5169,4099,5228,5194,4121,5116,5056,5209,4104,5163,5172,5078,3993,5053,4925,3892,4954,4888,4895,3740,4858,4741,4791,3812,4724,4645,4572,3693,4698,4601,3762,4635,4656,4609,3755,4657,4661,4550,3722,4763,4585,4740,3856,4689,4822,3766,4805,4946,4861,4049,5054,5008,5116,4102,5273,5271,4293,5421,5506,5652,4542,5716,6019,5944,4773,6207,6253,6418,5116,6503,6709,5343,6912,7042,7087,5617,7432,7337,7501,6098,7823,7860,7962,6418,8321,8935,7526,10239,12116,14862,15459,26540,39466,58244,63274,1.0191e+05,1.2249e+05,1.362e+05,1.1181e+05,1.3679e+05,1.2868e+05,95652,1.1057e+05,1.0115e+05,92468,68496,79773,75386,70593,54348,65994,65306,52102,64572,65838,67186,55540,72188,75860,81087,69263,94052,1.0218e+05,1.1233e+05,97456,1.3223e+05,1.4468e+05,1.2402e+05,1.633e+05,1.6808e+05,1.6791e+05,1.2807e+05,1.4706e+05,1.2838e+05,1.053e+05,67941,66385,49658,36676,22340,22418,18477,12981,14306,13112,12075,9099,10610,10125,9590,7450,9048,8877,7197,8916,8734,8640,7016,8569,8447,7693,6120,6973,6460,5761,4237,4792,4393,3167,3735,3444,3263,2471,2996,2963,2809,2221,2736,2724,2693,1984,2482,2528,2018,2478,2624,2445,1970,2358,2321,2252,1853,2116,2027,1839,1399,1612,1346,1048,1162,1072,965,738,899,840,896,691,764,763,682,758,758,703,532,694,668,624,479,630,566,572,464,515,548,444,529,500,540,370,513,430,445,320,444,457,397,330,394,372,300,375,334,346,285,306,345,281,231,306,298,307,220,265,247,213,258,253,224,197,237,228,199,163,222,219,172,176,196,207,142,185,178,167,150,180,174,201,135,159,119,123,156,150,133,107,138,136,125,110,95,127,117,93,112,109,80,86,100,115,87,112,96,86,66,73,71,56,74,76,61,62,65,66,56,50,58,63,49,50,56,62,42,47,55,31,33,41,42,30,22,34,32,43,35,37,23,19,38,32,30,24,26,27,24,21,31,29,28,20,19,15,19,20,18,14,10,12,15,20,10,11,12,15,14,11,9,11,10,8,15,12,11,7,2,4,4,9,7,3,6,6,3,2,4,7,5,2,1,4,3,2,2,1,1,0,1,1,0,0,0,0,0,0,2
28718,60177,1.5647e+05,2.701e+05,5.6776e+05,8.0308e+05,7.1697e+05,7.3786e+05,5.3712e+05,3.1858e+05,2.9085e+05,2.6146e+05,2.9685e+05,2.9955e+05,4.0445e+05,4.0141e+05,2.9198e+05,2.7943e+05,2.1488e+05,1.4514e+05,1.5019e+05,1.3429e+05,1.2345e+05,96043,1.0715e+05,98036,74801,81437,71068,52851,56005,49188,42574,31255,32136,28021,19900,21082,18749,14472,15748,14827,13961,10859,12606,12165,9664,11426,10980,9083,10866,10468,10098,8598,9739,9569,7854,9075,9007,7173,8199,7819,7544,6117,6942,6721,5572,6605,6383,5252,6224,6060,6071,5009,6037,5918,4878,5749,5698,4700,5632,5554,5568,4718,5679,5549,4821,5657,5743,4925,6026,6283,6244,5221,6369,6601,5498,6705,6681,5503,6889,6692,6871,5594,6620,6503,5500,6369,6273,5258,6111,6102,5994,4957,5908,5776,4829,5737,5722,4746,5568,5653,5600,4685,5578,5647,4625,5763,5643,4625,5643,5762,5561,4649,5695,5808,4870,5695,5893,4889,5909,5685,5898,4842,5885,6200,5021,6524,7040,6672,10375,15221,25489,35232,70720,1.178e+05,1.4529e+05,2.3885e+05,3.0354e+05,2.8664e+05,3.609e+05,3.5253e+05,3.2346e+05,2.4019e+05,2.4898e+05,2.0962e+05,1.4881e+05,1.5215e+05,1.333e+05,99849,1.1132e+05,1.0536e+05,1.0285e+05,84629,1.0189e+05,1.0582e+05,91857,1.1547e+05,1.2566e+05,1.1398e+05,1.5158e+05,1.6981e+05,1.9433e+05,1.8131e+05,2.4571e+05,2.7386e+05,2.4631e+05,3.0933e+05,3.0752e+05,2.4399e+05,2.6537e+05,2.2589e+05,1.8367e+05,1.2199e+05,1.1417e+05,86311,56310,54438,44158,31421,33187,29105,26515,20070,22481,21441,17174,19780,19468,15660,18759,18259,17685,14865,17368,17634,14425,17506,16819,14283,16771,16455,15969,13243,14958,14380,11348,12888,12229,9848,11325,10811,10073,8703,10287,10632,8943,11060,11596,9769,11681,11380,10340,7794,8325,6917,4762,4591,3752,2559,2550,2127,1969,1378,1514,1440,1102,1266,1176,915,1095,1000,977,830,894,840,729,791,779,629,659,626,620,507,627,549,449,491,444,382,460,429,422,361,349,382,332,309,315,247,281,291,247,197,220,217,201,196,186,127,187,165,146,109,132,130,105,114,106,101,103,89,86,75,97,94,80,84,86,56,57,56,69,48,62,55,47,59,52,28,37,49,32,23,44,40,41,47,41,27,42,31,37,31,30,38,28,41,26,22,26,20,31,26,27,22,18,27,33,20,20,22,20,9,21,19,13,10,28,18,21,12,17,11,14,18,10,11,7,10,12,12,15,11,5,11,8,15,10,8,4,9,4,7,8,6,4,9,10,13,4,11,6,2,7,5,8,3,6,4,7,10,7,4,8,11,4,6,5,2,10,6,7,3,8,3,2,6,5,1,3,6,3,2,4,7,4,4,7,2,3,4,2,1,1,5,5,2,2,4,0,1,4,1,0,1,2,1,1,2,1,3,0,1,2,1,0,0,0,0,1,0,1,1,0,3,1,2,0,1,1,0,0,1,1,0,2,0,1,0,0,0,0,1,0,0,0,0,0,1
1.4645e+06,84289,1.5853e+05,2.0478e+05,1.44e+05,1.2406e+05,76564,54601,39151,55770,70437,79323,61092,65661,54744,45614,30470,32047,26219,22363,16007,17694,16267,14874,10953,12863,11464,10447,7573,8394,7640,6649,6025,4400,5115,4925,4617,3545,4320,4154,4079,3291,4057,3920,3924,3030,3763,3652,3510,2806,3568,3705,3511,2825,3649,3573,3621,2839,3791,3581,3769,3014,3866,3863,4066,4065,3311,4199,4230,4341,3483,4490,4368,4508,3519,4402,4376,4266,3373,4094,4013,3877,3091,3811,3611,3492,2701,3312,3149,3079,2399,2893,2790,2849,2676,2137,2485,2499,2379,1866,2360,2256,2212,1722,2170,2162,2110,1615,2031,2051,2078,1653,1936,1977,1893,1557,1908,1875,1827,1429,1874,1814,1834,1494,1808,1846,1880,1927,1486,1875,1849,1871,1538,1764,1801,1835,1523,1839,1842,1903,1555,1840,1900,1844,1492,1790,1825,1790,1505,1882,1883,1798,1437,1851,1863,1820,1834,1467,1808,1795,1866,1474,1825,1828,1844,1415,1741,1736,1763,1369,1705,1794,1653,1370,1761,1735,1686,1361,1693,1800,1753,1391,1775,1931,2074,2010,3175,4614,8096,15358,21383,40947,56981,66927,56269,67953,63105,57936,42987,49482,45400,41768,31214,36647,34930,33350,26013,31942,31279,31106,25110,31475,32143,33409,27813,37129,40417,45816,54389,52353,81765,1.0718e+05,1.3866e+05,1.3434e+05,1.9284e+05,2.068e+05,1.9676e+05,1.3424e+05,1.2887e+05,85361,51472,25020,19571,13001,9693,6706,7517,7040,6768,5226,6296,6106,5799,4374,5259,5193,4985,4038,5135,5173,5317,5445,4355,5530,5580,5711,4534,5685,5663,5781,4501,5748,5796,5760,4458,5550,5503,5384,4244,5321,5280,5282,4192,5189,5228,5190,4122,5187,5205,5128,4038,4887,4642,4215,3780,2799,3138,2629,2389,1714,1851,1540,1418,1053,1253,1102,1070,816,891,920,872,656,828,752,759,564,711,656,663,509,646,610,593,557,461,550,583,472,385,470,477,453,341,451,400,428,350,374,383,356,246,337,318,320,220,258,304,257,222,240,267,240,166,206,215,194,195,173,217,186,179,148,159,138,159,133,146,141,141,109,122,125,112,84,120,109,101,57,94,99,95,65,91,75,76,81,66,71,73,57,48,60,59,41,38,54,48,44,28,51,46,35,33,49,38,28,33,32,36,36,31,28,31,33,20,24,29,26,20,14,24,24,26,10,21,24,19,16,13,21,13,17,18,16,15,12,19,25,12,11,18,12,20,16,9,13,7,12,9,7,10,4,6,13,11,13,14,6,5,11,2,7,7,7,6,5,7,9,10,9,10,6,3,5,3,8,3,5,7,5,8,5,4,10,3,1,3,3,3,4,6,3,1,0,1,2,1,0,1,0,1,2,0,0,0,3,1,0,0,1
1.4834e+06,1.4987e+05,1.9411e+05,1.4608e+05,90688,66627,43168,34948,29851,26607,26842,22106,21318,20755,20321,22114,18294,17207,16241,15946,15688,17460,15451,15416,15092,14576,15877,13064,12132,11313,10200,10548,8774,7840,7147,6818,6951,5900,5446,5250,4924,4825,5040,4316,4245,4102,4107,4342,3673,3764,3627,3610,3803,3318,3240,3193,3161,3453,2956,2773,2828,2782,2726,3162,2722,2748,2734,2787,3009,2708,2655,2594,2774,2922,2703,2640,2707,2697,3003,2819,2761,2816,2797,2800,3293,2914,2977,3028,3012,3507,3238,3256,3355,3273,4030,3541,3774,3980,4161,4592,5569,5695,6505,7530,9434,13836,17404,25457,39502,61864,1.0187e+05,1.1226e+05,1.184e+05,1.135e+05,1.0262e+05,1.0324e+05,82204,75305,71226,69225,69408,80895,76440,82424,91000,1.0258e+05,1.3179e+05,1.3564e+05,1.5756e+05,1.7751e+05,1.843e+05,1.9117e+05,1.4412e+05,1.1372e+05,85172,60572,47591,30571,23511,18854,15728,13524,13544,11107,10269,9751,9224,9993,8338,7845,7351,6968,7552,6667,6720,6734,6508,6900,5625,5111,4511,3942,3511,3621,2802,2596,2391,2169,2330,1892,1828,1740,1569,1679,1447,1316,1325,1268,1322,1144,1081,1042,1016,993,1045,879,845,796,825,862,743,779,726,684,770,663,562,572,557,546,580,519,443,461,447,455,436,383,399,384,419,363,303,332,317,383,322,310,268,298,274,323,254,268,268,234,253,208,201,215,199,224,219,215,172,194,230,189,187,154,159,179,168,168,148,151,153,159,147,122,114,128,120,140,109,112,102,117,114,96,91,84,84,92,80,99,76,72,107,79,79,67,78,71,67,54,48,35,62,65,35,46,45,33,39,35,29,39,27,20,32,24,22,33,30,22,20,35,21,11,25,19,13,22,20,14,28,19,12,16,23,19,20,16,16,21,16,17,26,16,15,23,17,19,19,25,27,13,16,13,27,21,15,18,22,31,28,16,15,14,15,20,24,17,16,20,8,20,22,30,20,15,13,15,22,13,13,17,17,25,18,14,19,20,17,22,15,14,25,12,17,12,23,22,13,5,14,14,22,16,23,25,12,13,12,18,20,11,16,28,14,18,12,14,22,12,21,13,16,13,13,12,9,8,12,15,14,10,14,14,7,13,9,11,13,19,9,12,11,11,15,12,9,11,18,6,9,13,6,12,6,10,10,10,10,5,14,13,10,11,8,16,14,8,10,13,7,14,12,9,9,11,10,9,7,9,9,13,14,12,9,10,6,14,11,11,5,13,12,8,8,13,9,10,6,6,10,6,12,4,8,7,5,14,9,10,5,8,2,8,2,9,5,5,4,4,5,2,7,1529
10285,24680,73691,1.9158e+05,4.2716e+05,7.434e+05,9.237e+05,8.1588e+05,5.718e+05,3.7489e+05,2.4861e+05,1.6879e+05,1.2641e+05,1.1473e+05,1.5498e+05,1.5658e+05,1.7449e+05,1.7376e+05,1.5775e+05,1.3714e+05,1.2348e+05,1.1912e+05,1.2031e+05,1.2359e+05,1.2664e+05,1.2861e+05,1.2704e+05,1.2279e+05,1.3778e+05,1.0663e+05,98363,90480,83464,77113,71435,66185,60675,56461,52191,48191,44355,41207,44886,34039,31279,28083,25499,23096,20625,19084,17415,16108,14926,13614,13105,12307,11937,13688,10613,10552,9976,9544,9207,9001,8752,8324,8282,8130,7885,7636,7454,8884,7172,6961,6932,6909,6804,6650,6537,6378,6363,6247,6220,6152,5980,7094,5863,5837,5682,5517,5528,5472,5454,5392,5476,5309,5348,5311,5052,5201,6078,5025,4964,5114,4921,5007,5135,4882,4759,4755,4785,4712,4934,4766,5666,4838,4716,4723,4752,4556,4569,4728,4819,4707,4840,4725,4656,5007,5785,4746,4734,4753,4736,4839,4802,4924,4920,4903,4873,4984,5031,4955,6049,5163,5091,5139,5295,5145,5260,5314,5368,5483,5440,5569,5676,5799,5761,6744,5961,5972,6091,6272,6181,6349,6514,6825,6893,7007,7352,7260,7626,9469,8158,9083,9982,11858,15458,21606,31185,46546,66725,90017,1.1684e+05,1.4031e+05,1.5919e+05,2.063e+05,1.7623e+05,1.7335e+05,1.6665e+05,1.5635e+05,1.4562e+05,1.367e+05,1.2808e+05,1.2156e+05,1.1611e+05,1.1312e+05,1.1044e+05,1.1003e+05,1.1135e+05,1.1548e+05,1.4625e+05,1.3223e+05,1.4615e+05,1.65e+05,1.9156e+05,2.2776e+05,2.7308e+05,3.2823e+05,3.8643e+05,4.3668e+05,4.7238e+05,4.8474e+05,4.6502e+05,4.1771e+05,4.1405e+05,2.6031e+05,1.9104e+05,1.3261e+05,89052,61358,44389,35170,30570,28408,27432,26895,26405,25577,29386,23984,23576,22918,23144,22699,22982,23232,24214,25425,27443,29331,32109,35442,46616,41690,43325,44116,43828,41484,39180,35157,31211,27209,23399,20005,16819,14128,11930,11364,7772,6596,5823,5285,4889,4580,4287,4302,4236,3956,3885,3915,3725,4337,3604,3503,3340,3260,3167,3160,3070,2941,2869,2846,2773,2656,2639,3142,2454,2397,2424,2327,2217,2157,2154,2051,1987,1962,1873,1927,1811,1775,2083,1699,1667,1644,1583,1521,1503,1469,1463,1409,1377,1414,1350,1308,1544,1287,1178,1182,1122,1184,1117,1110,1117,1047,1005,934,1018,962,1099,923,923,880,781,809,843,805,771,753,711,727,637,702,788,622,606,619,590,571,530,494,489,489,460,468,434,434,419,484,407,401,345,310,314,348,331,335,285,331,292,278,289,350,263,266,242,230,242,201,198,194,216,208,209,195,178,224,171,164,178,180,158,167,162,147,155,157,123,145,147,136,138,113,120,99,103,104,104,80,91,79,97,85,79,73,93,56,61,76,66,63,66,73,49,49,36,38,44,38,36,33,32,20,19,17,10,8,11,13,5,2,5,6,8,1,6,5,4,4,4,0,1,3,2,4,1,2,3,7,1,3,1,2,1,1,2,3,1,1,3,5,0,1,1,0,1,1,0,1,1,1,1,0,0,1,0,1,1,0,0,0,0,0,0,0,1,0,0,0,0,1
11644,40612,1.5081e+05,3.9966e+05,6.7763e+05,5.8952e+05,6.057e+05,4.2647e+05,2.9974e+05,2.203e+05,1.6734e+05,1.0977e+05,1.1688e+05,1.0616e+05,1.0385e+05,1.079e+05,91023,1.2035e+05,1.2591e+05,1.3551e+05,1.4983e+05,1.6928e+05,1.4838e+05,1.9589e+05,1.9445e+05,1.7759e+05,1.5325e+05,1.0451e+05,1.1084e+05,92380,79113,68276,59535,42557,47748,42200,37246,32639,23567,26728,23716,21379,19291,17855,13259,15668,14888,14277,13924,11139,13762,13678,13838,13801,13968,11147,14035,14134,14157,14035,13790,10804,13690,13224,12473,12474,9430,11639,11114,10574,10376,9882,7686,9380,8960,8656,8312,6509,7985,7598,7261,7337,7012,5404,6728,6487,6365,6244,4923,5920,5878,5751,5715,5452,4333,5362,5310,5278,5132,3907,5048,5039,5138,4924,4887,3901,4711,4823,4654,4813,4698,3697,4757,4650,4544,4525,3688,4661,4596,4569,4580,4561,3642,4643,4572,4685,4506,3786,4589,4861,4716,4773,4809,3906,4862,4884,4991,4826,3852,5006,4955,5037,5075,5025,4070,5149,5320,5360,5335,4273,5250,5308,5221,5071,5017,3884,4676,4507,4336,4070,3993,3127,3751,3749,3847,3804,3018,3967,3832,4018,4029,4145,3300,4237,4325,4394,4610,3910,5286,6763,10369,18249,34002,45395,90828,1.3676e+05,1.8606e+05,2.317e+05,2.1684e+05,3.0222e+05,3.3083e+05,3.4511e+05,3.4788e+05,3.3367e+05,2.5024e+05,2.85e+05,2.512e+05,2.1852e+05,1.9009e+05,1.3629e+05,1.5532e+05,1.4265e+05,1.356e+05,1.3174e+05,1.3149e+05,1.0805e+05,1.4011e+05,1.5097e+05,1.6748e+05,1.9204e+05,2.2208e+05,2.022e+05,2.839e+05,3.1453e+05,3.4132e+05,3.591e+05,2.967e+05,3.7993e+05,3.8447e+05,3.8163e+05,3.6459e+05,3.3145e+05,2.3024e+05,2.3826e+05,1.8069e+05,1.2847e+05,88218,48044,42318,29190,22094,18332,16546,12338,14591,13730,13108,12361,9502,11518,11430,11072,11084,11151,8979,11038,10983,11014,10993,8636,10957,10793,10897,10206,10129,7899,9655,9299,8815,8246,8023,6157,7198,6838,6372,6102,4632,5570,5352,5012,4761,4475,3537,4266,3977,4059,3839,2944,3573,3507,3388,3167,3075,2440,2840,2689,2538,2400,1800,2152,2095,1929,1941,1875,1408,1660,1569,1634,1590,1207,1456,1450,1386,1333,1300,1049,1253,1222,1191,1118,1198,884,1095,1071,1062,1080,805,1008,936,943,944,887,730,881,856,855,838,664,792,785,756,786,662,605,696,724,701,612,514,673,662,597,581,628,478,589,530,538,580,440,563,535,472,489,478,434,497,459,458,453,420,343,436,407,409,421,312,371,403,356,379,362,274,311,316,337,300,229,293,289,289,301,274,218,267,269,233,259,176,253,215,206,221,200,160,193,188,176,209,155,160,184,186,176,147,120,135,150,130,156,138,109,113,126,132,124,94,117,98,112,95,79,70,109,82,81,71,56,67,67,63,59,71,37,68,63,60,53,45,56,57,46,61,55,44,46,33,37,32,29,35,36,36,22,32,28,21,25,18,25,21,12,12,25,15,16,8,11,10,11,8,5,7,6,3,6,5,1,4,2,0,0,2,0,1,0,0,0,0,0,1,0,0,0,0,0,0,0,0,1
25370,43249,1.4302e+05,2.4468e+05,5.2919e+05,7.1742e+05,5.8563e+05,6.1133e+05,3.6204e+05,3.2424e+05,1.8667e+05,1.4158e+05,1.3527e+05,87434,99479,79649,85761,1.2071e+05,1.1158e+05,1.684e+05,1.6557e+05,1.9646e+05,2.7455e+05,2.2122e+05,2.491e+05,1.6456e+05,1.3278e+05,1.2919e+05,80362,81065,53737,46540,49995,35961,41690,31638,31229,39132,31568,40444,33199,33177,42415,34086,43470,34621,35023,43635,34464,42201,33156,32301,38618,29134,34584,26698,25389,30305,22725,26925,20073,19128,22364,16742,19453,14732,13753,16225,12243,14362,10951,10237,12330,9070,11034,8437,8293,9865,7660,8982,7021,6789,8156,6286,7919,6047,5957,7289,5902,6977,5582,5527,6758,5321,6511,5189,5155,6412,5043,6204,4886,6123,4863,4908,5854,4739,5866,4509,4572,5724,4526,5800,4490,4548,5542,4430,5575,4392,4354,5539,4392,5437,4258,4313,5411,4299,5325,4352,4294,5354,4312,5355,4339,4274,5414,4222,5437,4260,4272,5333,4263,5242,4233,4132,5342,4179,5424,4294,4254,5220,4063,5225,4165,4200,5234,4059,5081,4132,4111,5239,4229,5380,4218,4332,5426,4304,5589,4419,4488,5652,4581,5724,4465,4527,5684,4442,5514,4209,4208,4911,3880,4695,3834,3751,4673,3785,4646,3762,3863,4907,3989,5082,4119,4464,6216,5874,9106,9855,13329,25284,32385,66335,85854,1.6602e+05,1.9424e+05,2.5775e+05,4.1459e+05,3.9427e+05,5.4512e+05,4.4832e+05,4.3129e+05,4.8602e+05,3.327e+05,3.4487e+05,2.2378e+05,1.8337e+05,1.8687e+05,1.2345e+05,1.3141e+05,92147,83194,95689,70549,84241,64898,64154,79313,64406,82693,69902,73857,1.016e+05,91710,1.3253e+05,1.2437e+05,1.4666e+05,2.2165e+05,2.1315e+05,3.1736e+05,2.9456e+05,3.2579e+05,4.3844e+05,3.5584e+05,4.29e+05,3.1086e+05,2.6921e+05,2.705e+05,1.6493e+05,1.5033e+05,85149,62836,57239,35123,36600,25802,23855,28462,21987,26461,20884,20201,24627,19201,23347,18141,17763,21873,17445,21907,17537,17812,23086,18531,23804,19016,19587,24757,19729,24837,19566,18914,23107,17042,20272,14543,13271,14445,9825,10885,7445,6335,6834,4918,5534,3957,3703,4404,3244,3888,3089,3726,2861,2790,3439,2714,3272,2595,2521,3043,2229,2968,2268,2306,2736,2098,2604,2131,1997,2425,1989,2426,1857,1769,2274,1687,2216,1755,1710,2050,1588,1876,1510,1476,1870,1453,1721,1371,1397,1712,1284,1607,1303,1256,1588,1229,1544,1210,1206,1488,1127,1450,1105,1126,1348,1031,1321,1016,1017,1210,1019,1218,955,1002,1199,944,1192,899,936,1110,902,1163,843,856,1047,852,1033,836,804,952,797,950,780,781,946,735,900,696,707,855,688,811,683,604,822,651,797,625,638,703,562,792,568,707,553,526,714,507,632,531,535,629,467,612,510,467,576,417,561,417,439,546,385,554,400,434,475,349,449,355,355,389,319,371,313,340,374,264,356,247,251,306,261,305,204,213,288,224,257,186,173,237,200,252,167,187,217,162,200,169,133,172,126,153,114,93,101,112,102,74,73,87,65,63,46,39,45,26,43,30,15,22,14,13,13,13,15,12,9,8,4,9,1,5,2,4,2,0,1,0,2
3738,7241,18835,46630,1.0623e+05,2.328e+05,4.2638e+05,5.3295e+05,4.6885e+05,3.6288e+05,2.8073e+05,2.1781e+05,1.652e+05,1.2462e+05,96558,80262,75238,75470,80773,86100,91431,94944,1.0077e+05,1.1106e+05,1.2853e+05,1.5061e+05,1.7491e+05,1.8967e+05,1.922e+05,1.7952e+05,1.581e+05,1.3332e+05,1.107e+05,91659,76776,65685,57653,51691,46757,42180,38610,35944,32958,30567,28278,25773,24204,22285,20727,19014,17843,16581,15641,14640,13585,13116,12155,11569,11172,10452,9792,9448,9148,8767,8441,8055,7957,7631,7396,7148,7173,6849,6912,6551,6523,6457,6473,6357,6058,6088,6148,6105,5917,5835,5813,5865,5710,5687,5692,5624,5594,5619,5550,5550,5666,5500,5587,5575,5526,5512,5727,5500,5542,5498,5499,5468,5483,5525,5687,5702,5508,5390,5483,5450,5491,5643,5536,5438,5606,5419,5447,5478,5419,5249,5348,5189,5247,5173,5089,5050,4983,4948,4869,4916,4828,4776,4663,4564,4647,4649,4637,4476,4619,4479,4521,4487,4527,4577,4574,4558,4716,4644,4666,4689,4740,4906,4862,4803,5076,4867,5085,4999,5045,4971,5163,5172,5180,5388,5505,5911,6510,7652,9667,12506,17281,26002,39731,62419,98897,1.547e+05,2.3449e+05,3.3655e+05,4.5072e+05,5.5421e+05,6.2368e+05,6.4869e+05,6.2823e+05,5.7074e+05,4.9452e+05,4.1716e+05,3.4272e+05,2.804e+05,2.2909e+05,1.9045e+05,1.619e+05,1.4077e+05,1.2558e+05,1.1588e+05,1.101e+05,1.0802e+05,1.0944e+05,1.139e+05,1.2286e+05,1.3548e+05,1.5324e+05,1.7737e+05,2.0905e+05,2.4712e+05,2.9093e+05,3.3681e+05,3.8398e+05,4.2098e+05,4.3974e+05,4.3687e+05,4.0948e+05,3.6264e+05,3.0672e+05,2.466e+05,1.9178e+05,1.4166e+05,1.0336e+05,74063,52980,38365,28885,23282,19397,17332,15769,14862,14342,13892,13338,12846,12421,11830,11330,10898,10209,9563,9104,8696,8073,7472,6969,6331,6128,5734,5528,5217,5087,4868,4696,4526,4441,4117,4190,4086,3959,3914,3767,3651,3614,3626,3523,3345,3320,3224,3095,2968,2877,2837,2865,2747,2576,2624,2518,2519,2494,2352,2271,2211,2257,2152,2141,2049,2023,1905,1789,1771,1818,1802,1732,1718,1697,1641,1597,1599,1555,1448,1467,1453,1433,1416,1395,1405,1331,1294,1322,1235,1255,1199,1204,1176,1188,1186,1088,1125,1165,1102,1141,1116,1039,1094,1012,967,1005,991,913,1026,874,912,875,896,943,907,850,833,878,837,859,763,758,764,797,734,744,799,714,723,748,742,716,734,679,696,684,682,633,616,632,629,661,593,606,588,637,571,614,561,609,531,579,569,529,576,583,554,511,489,535,506,497,485,507,445,460,460,470,479,417,392,466,451,436,426,404,396,415,377,377,396,364,364,361,310,367,336,300,330,313,337,300,305,333,276,296,283,255,253,242,232,270,195,203,185,201,154,168,144,135,106,134,105,92,85,63,68,56,53,53,38,35,38,25,15,17,20,18,5,9,17,5,14,8,10,11,9,12,9,3,5,3,3,1,3,1,2,5,2,1,2,1,0,1,2,1,1,0,1,1,0,2,0,0,0,0,0,1,0,1,0,0,0,0,0,0,0,0,1
1.1427e+05,5.2023e+05,1.3851e+06,1.2822e+06,7.5645e+05,4.5249e+05,2.152e+05,1.3902e+05,1.2792e+05,1.6326e+05,2.8956e+05,3.9655e+05,4.4942e+05,3.6539e+05,2.4928e+05,2.0055e+05,1.5449e+05,1.4895e+05,1.4725e+05,1.4874e+05,1.5119e+05,1.6862e+05,1.4504e+05,1.3413e+05,1.2172e+05,1.0696e+05,1.0295e+05,77204,65445,54818,46737,44274,33959,29591,26420,23736,24289,19754,18437,17348,16260,15431,16242,13985,13224,13008,12443,13508,11363,11312,11019,10773,12003,10421,10337,9906,9882,10878,9771,9538,9508,9284,9231,10303,9079,9045,9018,8889,10119,8968,8743,8917,8835,9973,8922,8829,8948,9103,9926,9077,8970,9266,9321,9553,10589,9745,9960,10012,9829,11116,9872,9924,9875,9666,11130,9938,9908,9662,9790,9646,10923,9898,10018,10386,11590,15861,22182,49001,1.2422e+05,2.9008e+05,6.4452e+05,8.7914e+05,1.0485e+06,1.0217e+06,8.4582e+05,6.8559e+05,4.2176e+05,3.0625e+05,2.4116e+05,2.1039e+05,2.0029e+05,2.2929e+05,2.1888e+05,2.4872e+05,2.9564e+05,3.6523e+05,5.1686e+05,5.6619e+05,6.4222e+05,6.5484e+05,5.9168e+05,5.0541e+05,2.9721e+05,1.8503e+05,1.1432e+05,78480,69721,55700,53950,51278,47487,42194,41617,33278,30714,29637,28520,30420,25235,23845,22301,20540,21270,17179,16080,15063,14074,15156,12697,11949,11455,10587,10213,10718,8830,8463,8027,7662,8185,7047,6597,6122,5971,6281,5310,5135,4889,4855,5123,4434,4216,4015,3940,3699,4074,3515,3403,3288,3344,3534,2945,2842,2880,2747,3014,2544,2379,2425,2417,2252,2451,2032,1952,2081,2031,2111,1785,1726,1678,1665,1799,1516,1486,1419,1439,1538,1333,1306,1291,1282,1120,1308,1119,1091,1091,1011,1231,988,927,996,928,1001,908,860,808,814,918,783,794,813,731,723,834,684,675,614,645,693,665,669,602,593,641,512,512,536,488,550,457,428,405,372,353,342,250,240,200,174,162,94,76,71,42,40,31,17,12,8,8,5,3,7,1,0,8,5,5,2,1,1,4,1,3,5,2,2,3,1,2,1,2,1,2,1,1,2,0,3,0,2,0,1,0,1,3,3,0,3,1,0,1,3,3,0,1,0,1,0,2,0,1,0,1,1,0,0,0,1,0,1,0,0,4,0,0,0,0,0,1,1,0,1,2,3,0,0,0,1,1,0,0,1,0,1,0,0,0,1,1,0,3,1,1,0,1,0,0,1,1,0,1,0,0,0,1,0,0,0,0,1,1,1,1,1,0,0,0,0,0,1,0,0,1,1,0,0,1,1,1,0,1,0,0,1,0,0,0,1,1,1,0,0,1,1,0,0,0,0,0,0,0,0,1,0,0,1,2,1,0,1,0,0,0,2,0,0,0,0,0,0,1,1,0,0,0,0,0,0,0,1,0,0,0,0,0,0,0,0,1,0,0,0,0,1,0,0,0,0,1,0,0,0,0,0,0,0,0,0,0,0,0,0,1,1,0,0,0,0,0,18
7414,15683,42781,1.0191e+05,2.0787e+05,3.4879e+05,3.694e+05,5.0793e+05,4.7308e+05,3.8507e+05,2.9022e+05,2.1086e+05,1.2869e+05,1.3379e+05,1.3262e+05,1.5915e+05,1.9468e+05,2.1417e+05,1.6446e+05,1.7297e+05,1.2763e+05,90134,66691,55086,40159,48902,48743,49908,50694,51265,41298,52792,52906,53279,53084,53047,51719,40607,50117,48943,47343,45532,43327,33540,40418,38762,37138,35852,34094,26763,32746,31562,30775,30434,29851,23426,28249,27298,25660,23995,22641,16791,19034,17304,15992,14356,13471,9773,11463,10867,10207,9735,9274,9112,6848,8395,8281,7915,7791,7522,5777,7146,6952,6763,6823,6622,5066,6363,6152,6108,5937,5870,4632,5543,5561,5475,5455,5357,4261,5161,5107,5041,5174,5015,3955,4940,4865,4947,4767,4754,4663,3673,4562,4591,4507,4627,4661,3589,4431,4405,4431,4441,4395,3422,4398,4317,4456,4437,4318,3524,4422,4402,4291,4262,4368,3386,4269,4280,4237,4223,4298,3451,4329,4371,4395,4310,4254,4319,3576,4341,4373,4476,4474,4384,3516,4410,4459,4505,4606,4666,3756,4662,4779,4810,4960,4790,3974,5097,5166,5067,5240,5259,4228,5480,5593,5743,6201,6931,8009,8372,14490,23998,40883,71846,1.2396e+05,1.5357e+05,2.8305e+05,4.0215e+05,5.2108e+05,6.1877e+05,6.6761e+05,5.3142e+05,6.2648e+05,5.4712e+05,4.5814e+05,3.7216e+05,2.9728e+05,1.9562e+05,2.0405e+05,1.7044e+05,1.4828e+05,1.3284e+05,1.2133e+05,92345,1.126e+05,1.0987e+05,1.1078e+05,1.129e+05,1.1765e+05,99913,1.3363e+05,1.4703e+05,1.6343e+05,1.8485e+05,2.0983e+05,2.3839e+05,2.0993e+05,2.852e+05,3.0143e+05,3.0518e+05,2.9448e+05,2.7062e+05,1.9105e+05,2.0185e+05,1.6197e+05,1.2518e+05,94143,70007,43774,43939,35716,30561,27200,24709,18786,21746,20256,19109,18045,17015,13147,15751,15546,15106,14826,14631,11585,14585,14851,15068,15494,16040,16593,13633,17734,18397,19126,19783,20460,16270,20503,20267,19551,18694,17842,13572,16177,15157,14403,13547,12820,9641,10722,9452,7965,6345,4993,3318,3365,2752,2428,2170,1921,1408,1623,1406,1314,1242,1191,1059,864,1017,961,979,880,832,649,835,757,761,731,646,522,683,608,683,603,574,431,559,523,536,526,468,349,450,446,428,399,417,322,384,363,381,389,330,317,251,321,316,295,324,286,219,274,258,267,248,245,195,227,241,233,220,206,156,196,199,181,166,192,140,156,168,147,156,138,135,138,144,131,125,136,120,109,133,122,108,108,119,82,101,111,108,102,107,69,104,78,90,86,92,66,79,77,76,79,68,55,69,70,68,71,80,62,65,52,51,60,66,41,47,62,44,55,44,52,31,45,44,35,39,29,30,24,34,31,34,29,30,32,26,33,21,26,15,20,17,14,22,26,17,10,18,16,9,6,9,7,6,9,11,8,8,3,6,2,5,9,4,6,1,2,1,6,4,3,6,1,2,4,1,3,3,3,4,2,0,0,0,2,2,1,3,1,2,1,1,1,0,0,0,2,1,0,3,2,1,0,0,0,0,1,1,0,0,0,0,0,2
38120,70078,1.9113e+05,4.6673e+05,8.9159e+05,1.2107e+06,1.1638e+06,8.5972e+05,5.8252e+05,4.0981e+05,3.0779e+05,2.9209e+05,2.1206e+05,2.0261e+05,1.994e+05,1.974e+05,1.9049e+05,1.8026e+05,1.7189e+05,1.7882e+05,2.1712e+05,2.9416e+05,4.7268e+05,4.497e+05,4.3227e+05,3.6469e+05,2.7718e+05,1.9069e+05,1.3013e+05,92666,74046,64179,57859,64149,50731,49191,46934,45041,44125,43774,43579,43909,43964,43567,52780,43833,43161,42512,41072,39729,37783,35590,33276,31436,29429,33189,25756,24506,22917,22083,20699,19568,19045,18003,17225,16647,19014,15234,14918,14143,13713,13337,13107,12900,12276,12114,11837,14063,11223,11266,11039,10842,10713,10583,10424,10106,10006,9867,11841,9329,9479,9452,9090,9063,8997,8891,8891,8764,8646,8643,10334,8604,8589,8555,8409,8399,8298,8339,8502,8262,8106,9800,8238,8307,8228,8292,8101,8053,8104,8019,7933,8204,9854,8140,8142,8230,7996,8139,8102,8117,8275,8114,8242,9994,8349,8400,8248,8455,8498,8322,8558,8581,8563,8527,10675,8662,8900,8925,8967,9037,8930,8929,9013,8842,8922,10813,9041,9020,9075,9197,9256,9230,9442,9505,9391,9890,12080,10569,12034,14301,18556,26667,41800,68459,1.1031e+05,1.6963e+05,2.4132e+05,3.8452e+05,3.7783e+05,3.9773e+05,3.9115e+05,3.6164e+05,3.2488e+05,2.8543e+05,2.4883e+05,2.1749e+05,1.9055e+05,1.6787e+05,1.7819e+05,1.3468e+05,1.2344e+05,1.1571e+05,1.0869e+05,1.0458e+05,1.0066e+05,98182,97474,98395,1.0078e+05,1.0499e+05,1.3643e+05,1.2669e+05,1.4379e+05,1.6782e+05,1.9794e+05,2.3859e+05,2.8574e+05,3.4102e+05,4.002e+05,4.548e+05,4.9846e+05,6.2873e+05,5.1286e+05,4.7144e+05,4.055e+05,3.2751e+05,2.5068e+05,1.8418e+05,1.3143e+05,92287,67578,51209,48553,34135,30663,28078,26446,24863,23224,22230,21161,20203,19737,22912,18855,18744,18521,18464,18674,18323,18671,18303,18616,18363,21831,17988,17891,17711,17309,17002,17088,16609,16294,15929,15854,18380,15026,14885,14928,14553,14355,14577,14662,14492,14663,14644,17457,14689,14665,14577,14126,13750,13297,12601,11829,11342,10610,12107,9221,8940,8646,8353,7947,7802,7486,7332,7085,6950,8148,6589,6486,6485,6287,6202,5857,5876,5810,5667,5613,5481,6315,5097,5081,4849,4789,4626,4632,4424,4122,4134,3962,4517,3608,3427,3388,3203,2975,2830,2726,2625,2440,2562,2739,2354,2193,2155,2148,2051,1986,2008,1928,1949,1832,2130,1712,1620,1606,1608,1585,1451,1555,1521,1449,1504,1679,1315,1297,1329,1281,1295,1239,1226,1241,1257,1163,1390,1068,1041,1071,1083,1026,1041,992,982,927,941,1055,899,871,836,850,823,781,782,821,812,767,878,714,714,646,668,679,613,631,642,603,605,683,550,560,528,537,550,518,525,475,518,508,462,564,429,426,410,399,377,384,400,372,383,364,443,373,339,332,295,318,309,308,281,301,278,337,264,253,271,227,270,221,248,200,225,206,263,177,194,178,176,169,185,157,172,176,165,181,136,133,162,138,134,140,124,126,127,100,139,121,87,101,77,105,70,100,84,71,87,83,62,73,81,60,58,55,61,45,65,33,47,41,28,33,22,35,21,20,19,18,10,10,6,3,4,2,6,3,1,3,1,0,1
1.9089e+05,6.0192e+05,1.4926e+06,1.3938e+06,5.3023e+05,2.0284e+05,1.689e+05,2.5206e+05,3.1426e+05,2.807e+05,2.0805e+05,1.3505e+05,1.7641e+05,2.5995e+05,2.522e+05,1.6319e+05,66744,44703,37466,33179,28439,27597,21312,19257,17331,15754,16042,13301,12298,11584,11172,11712,9984,9766,9361,9080,9996,8605,8302,7975,8010,7847,8597,7380,7330,7215,7236,8100,7015,6959,6942,6747,7698,6710,6639,6653,6649,7455,6604,6596,6467,6502,6508,7241,6651,6654,6572,6610,7412,6567,6797,6739,6779,7704,6747,7009,6920,6882,7837,7067,7048,6908,7069,7134,8117,7044,7138,7017,7113,8021,7336,7232,7387,7305,8777,7960,8056,8128,8176,8032,9102,8198,8019,8365,8514,9724,8929,9285,9724,10734,13852,16111,23598,37767,57957,97313,1.1923e+05,1.5008e+05,1.7658e+05,1.9691e+05,2.0938e+05,2.4648e+05,2.2895e+05,2.4247e+05,2.6828e+05,3.0714e+05,4.3224e+05,5.0033e+05,6.2342e+05,7.041e+05,6.8724e+05,6.2333e+05,3.7027e+05,2.198e+05,1.2351e+05,73936,57371,41916,38493,35771,33126,30704,32884,28738,29139,29956,31053,35114,30549,29244,28250,27148,27146,19493,15741,13302,11617,11985,10108,9545,8927,8536,8157,8326,7014,6463,5977,5522,5762,4958,4652,4453,4201,4302,3464,3494,3155,3006,3314,2812,2703,2585,2428,2486,2668,2192,2177,2149,2114,2176,1956,1863,1811,1835,1929,1650,1616,1666,1465,1475,1593,1503,1355,1393,1302,1421,1186,1151,1164,1151,1175,1004,999,939,930,1047,853,866,873,764,801,851,696,692,661,642,685,589,578,521,492,565,420,433,412,412,439,360,354,371,320,331,348,281,320,298,247,302,256,251,218,203,244,202,195,187,182,153,149,161,137,149,132,132,99,95,91,95,100,67,69,59,58,73,54,39,30,37,37,26,24,14,16,17,8,15,7,9,3,3,3,3,8,6,6,3,3,3,6,5,4,7,5,6,7,1,0,1,4,8,4,6,2,1,4,3,2,2,3,0,3,1,2,3,2,5,3,3,6,1,4,2,1,4,3,3,2,1,2,3,2,0,5,4,2,4,5,5,0,2,3,1,0,2,0,2,1,2,2,0,1,2,1,3,4,1,2,1,4,2,1,2,0,1,3,3,0,4,1,1,1,0,2,2,0,2,0,1,0,0,1,1,1,0,2,2,0,1,4,2,0,1,0,1,0,2,0,3,0,3,3,1,3,0,0,6,1,1,2,2,0,2,4,0,1,0,2,2,1,3,2,1,0,1,0,1,2,0,0,0,1,1,4,0,2,0,0,0,1,1,0,2,0,1,2,0,0,2,2,1,1,1,1,1,2,2,2,1,3,2,1,1,3,2,0,1,1,0,0,3,2,1,1,4,3,1,1,0,1,2,1,1,2,1,3,1,1,1,4,12
