52086,3.5703e+05,1.1186e+06,9.1517e+05,4.5411e+05,2.5543e+05,1.1862e+05,71893,61132,75280,1.4043e+05,2.2171e+05,2.7289e+05,2.1728e+05,1.3757e+05,1.063e+05,81717,77616,73445,68064,60755,60946,48905,45125,41701,37905,39122,32164,29923,27532,25650,26998,22364,21055,19884,18823,19860,16678,16039,15132,14530,14183,14983,12782,12502,11929,11852,12676,10865,10767,10437,10096,10948,9547,9229,9047,8667,9717,8533,8257,8040,8018,7891,8883,7773,7606,7471,7325,8199,7351,7055,7027,7013,7913,6911,6768,6940,6927,7629,6776,6868,6787,6772,7035,7603,7075,7079,7099,7057,8154,7289,7647,7854,8253,9712,9061,9201,9212,9329,9188,10349,9008,8705,8752,8724,10549,15029,38904,1.0664e+05,2.3166e+05,4.3888e+05,5.1747e+05,5.5831e+05,5.197e+05,4.3456e+05,3.8159e+05,2.6471e+05,2.1305e+05,1.7931e+05,1.5708e+05,1.449e+05,1.5737e+05,1.3988e+05,1.4323e+05,1.4985e+05,1.5898e+05,1.9621e+05,1.9407e+05,2.1559e+05,2.3754e+05,2.5455e+05,2.9765e+05,2.744e+05,2.929e+05,3.1666e+05,3.2479e+05,3.3873e+05,2.5671e+05,2.1466e+05,1.7924e+05,1.5364e+05,1.3398e+05,1.2547e+05,86212,64977,50024,41111,42571,39012,42919,48602,53219,61373,50679,41315,29754,19638,14046,8141,6788,5774,5550,5310,5635,4755,4544,4183,4121,4462,3750,3600,3506,3264,3524,3021,2867,2747,2571,2823,2361,2274,2197,2168,2086,2305,1933,1827,1764,1738,1830,1575,1530,1517,1456,1557,1366,1299,1263,1315,1271,1290,1104,1097,1096,1006,1069,903,914,843,854,898,789,715,735,719,798,637,627,594,587,532,567,528,482,460,439,480,434,403,429,389,419,334,360,347,314,350,317,308,315,269,276,297,255,249,229,227,281,231,212,203,204,217,163,108,131,102,109,73,63,58,49,38,45,49,42,36,48,46,34,40,42,35,49,29,25,27,30,38,33,32,27,28,22,23,32,30,22,18,22,23,24,19,25,17,23,15,21,19,19,14,21,17,19,17,10,13,16,21,12,14,17,16,12,10,12,11,16,11,11,7,15,18,11,11,8,17,8,17,7,11,17,12,11,14,8,17,8,10,8,10,8,5,10,10,9,14,9,6,9,10,7,6,5,3,3,3,8,0,0,1,2,5,6,2,2,4,3,4,3,3,3,1,1,4,3,0,0,0,1,0,0,0,0,0,0,0,0,0,0,0,0,0,1,0,0,0,0,0,1,0,0,0,0,0,0,0,0,0,0,0,0,0,0,0,0,0,0,0,0,0,0,0,0,0,0,0,0,0,0,0,0,0,0,0,0,0,0,0,0,0,0,0,0,0,0,0,0,0,0,0,0,0,0,0,0,0,0,0,0,0,0,0,0,0,0,0,0,1,0,0,0,0,0,0,0,0,0,0,0,0,0,0,0,0,0,0,0,0,0,0,0,0,0,0,0,0,0,0,5
11011,35633,80608,2.2573e+05,4.0104e+05,4.8228e+05,4.514e+05,3.3312e+05,1.8494e+05,1.6234e+05,94448,90145,70267,47139,51627,46796,36485,47607,52379,46214,65251,59942,86415,1.0334e+05,95624,1.3094e+05,1.3047e+05,94377,1.003e+05,79303,52436,54810,38830,44229,40972,30607,35665,33080,24620,28779,20949,24379,22314,16883,19951,19183,15078,18169,17915,14004,17060,13055,15980,15234,11699,13918,13301,10130,11786,11071,8484,10022,7732,9124,8624,6546,7945,7437,5725,6762,6503,5082,6046,4896,5731,5506,4397,5357,5288,4029,4872,3817,4633,4580,3605,4409,4358,3488,4388,4159,3261,4082,3225,4006,3906,3117,3818,3800,2927,3855,3699,2931,3765,2917,3601,3576,2867,3606,3538,2772,3444,3415,2774,3355,2728,3352,3353,2732,3487,3387,2744,3318,2710,3402,3276,2651,3393,3388,2691,3395,3375,2698,3330,2652,3409,3426,2758,3520,3544,2895,3588,3559,2790,3582,2952,3639,3555,2885,3607,3718,2956,3764,3746,3003,3935,3183,4182,4139,3480,4260,4406,3593,4293,3368,4280,4249,3365,4198,4038,3296,4010,3879,3095,3831,3094,3638,3715,2977,3673,3639,3068,3950,3971,3343,4330,3731,5200,6884,8086,17448,32606,44475,90879,1.0997e+05,1.9731e+05,2.7575e+05,2.7876e+05,4.0901e+05,4.5106e+05,3.6796e+05,4.3999e+05,3.905e+05,2.6721e+05,2.7659e+05,1.7904e+05,1.7922e+05,1.4138e+05,93133,98555,85189,62095,71007,67338,51688,62994,49689,61905,62853,51078,66099,69146,58438,77599,83560,71976,96506,83144,1.1098e+05,1.1929e+05,1.0009e+05,1.2729e+05,1.2675e+05,97631,1.167e+05,86978,1.0205e+05,96975,77422,1.0111e+05,1.1105e+05,99177,1.3939e+05,1.5652e+05,1.3494e+05,1.7433e+05,1.3723e+05,1.6173e+05,1.4218e+05,97565,1.0065e+05,80461,53064,55413,45994,32242,35464,25394,27881,25022,18821,22667,21902,18299,23656,25591,21755,28420,23834,28919,27779,20686,22642,18661,11887,11604,6867,6612,4756,3019,3263,2727,1960,2377,2201,1805,2037,1580,1994,1861,1515,1711,1726,1280,1561,1500,1157,1412,1139,1239,1299,923,1164,1163,850,1057,1028,835,984,721,886,871,680,808,791,554,674,555,649,632,502,612,627,445,556,535,406,518,356,475,467,332,399,409,328,347,359,249,330,243,330,288,229,282,261,205,269,201,247,252,184,212,187,172,206,186,162,205,179,191,161,115,148,145,97,126,122,100,131,115,122,125,76,106,102,83,98,90,82,95,88,73,81,68,84,62,73,85,54,73,64,47,55,63,42,46,60,40,44,43,51,62,37,49,59,27,39,48,27,38,28,39,35,22,31,36,22,27,32,19,31,17,27,24,18,22,18,14,14,18,19,8,12,20,13,16,17,18,10,3,5,11,7,9,8,11,3,5,7,4,2,6,6,4,1,3,3,2,2,1,0,0,2,2,2,1,2,0,2,1,0,0,0,0,1,2,0,2,1,1,1,0,0,0,0,1,0,0,0,0,1,0,0,0,0,0,1,0,0,0,1
2601,9196,36469,1.2026e+05,3.0537e+05,5.5288e+05,6.8641e+05,6.0819e+05,4.4108e+05,3.0826e+05,2.2194e+05,1.6647e+05,1.357e+05,1.2456e+05,1.2196e+05,1.1983e+05,1.1395e+05,1.0481e+05,1.0192e+05,1.2007e+05,1.7905e+05,2.6941e+05,3.3572e+05,3.2432e+05,2.5021e+05,1.9555e+05,1.0961e+05,89285,81435,76845,74756,71847,68256,64400,60336,55713,50138,45137,40952,36734,33099,29600,27248,24886,22531,20755,19108,17921,16533,15836,17793,13832,13267,12807,12218,11828,11348,10768,10477,9941,9408,9394,8860,8474,8292,8184,8012,7734,7550,7455,7216,7129,6842,6823,6739,7934,6491,6255,6349,6357,6187,6087,5974,5820,5784,5867,5785,5816,5681,5776,5793,5656,5463,5509,5606,5564,5423,5228,5366,5335,6188,5184,5209,5143,5159,5150,5064,4986,4897,4948,4876,4914,4985,4722,4674,4770,4792,4698,4725,4730,4735,4625,4571,4614,4525,5454,4399,4456,4390,4358,4290,4432,4361,4246,4267,4329,4389,4258,4386,4379,4380,4296,4314,4397,4398,4380,4468,4465,4528,4455,5469,4586,4669,4639,4561,4661,4753,4787,4854,4924,4964,5035,4968,5052,5154,5090,5185,5149,4969,5167,5159,5156,5376,5390,5562,7033,5996,6674,7833,11584,19396,35059,59665,92124,1.2639e+05,1.5469e+05,1.7262e+05,1.7819e+05,1.7459e+05,1.6364e+05,1.4999e+05,1.3475e+05,1.2118e+05,1.078e+05,95374,86281,79307,74197,69937,67668,80290,66432,67649,70575,74679,80036,88105,99155,1.1158e+05,1.2687e+05,1.4474e+05,1.6459e+05,1.8127e+05,1.9573e+05,2.0304e+05,2.0193e+05,1.9159e+05,1.7813e+05,1.6251e+05,1.4727e+05,1.3575e+05,1.2832e+05,1.2486e+05,1.2975e+05,1.4223e+05,1.9488e+05,1.8725e+05,2.0515e+05,2.1172e+05,2.029e+05,1.815e+05,1.5182e+05,1.212e+05,93958,74435,61264,52972,47852,43548,39775,37313,34895,34445,35101,36607,38036,38471,37505,34680,29609,27923,17753,13682,10755,8681,7496,6842,6480,6075,5968,5722,5406,5502,5208,4951,4975,4748,4517,4377,4190,3971,3972,3815,3759,3553,4094,3305,3234,3027,3052,2968,2947,2829,2771,2573,2549,2433,2463,2294,2318,2106,2114,2116,1955,2044,1888,1816,1817,1686,1642,1933,1579,1472,1571,1528,1406,1380,1369,1356,1267,1230,1196,1173,1172,1139,1102,1076,1065,1031,1056,948,983,948,837,914,1046,844,812,888,824,809,704,746,664,653,689,645,644,613,666,633,585,600,567,558,551,523,522,538,520,581,501,414,401,430,433,414,421,410,423,374,354,352,319,317,318,331,302,303,293,302,296,273,254,267,311,232,254,238,229,243,213,219,201,205,184,177,178,184,177,173,185,163,166,176,162,151,146,141,155,158,154,144,121,104,143,118,115,124,125,108,97,119,103,91,108,94,100,91,97,88,91,89,75,81,91,73,75,71,62,64,58,53,43,50,35,23,32,23,12,17,10,12,3,6,4,2,3,2,0,1,0,0,1,0,0,0,0,0,1,0,0,0,0,0,0,1,0,0,0,0,0,0,0,0,0,0,0,0,0,0,0,0,0,0,0,0,0,0,0,1,0,0,0,0,0,0,0,0,1
16205,54266,2.0232e+05,5.9099e+05,1.4097e+06,1.3546e+06,9.225e+05,5.2904e+05,3.3123e+05,1.9849e+05,2.1202e+05,2.0232e+05,2.0835e+05,2.165e+05,2.1924e+05,2.1564e+05,2.0173e+05,1.7963e+05,1.251e+05,1.388e+05,1.3272e+05,1.5387e+05,2.1568e+05,3.0298e+05,3.5623e+05,3.2997e+05,2.5373e+05,1.4518e+05,1.2562e+05,85848,62313,50050,41676,36297,32009,28707,20720,24280,22820,21748,20277,19580,19039,18417,18135,14310,17819,17229,16933,16472,16140,15921,15513,15257,12502,15657,15806,16022,16175,16662,17329,17817,18761,15750,20033,21035,21888,22194,22922,23019,23543,23487,18524,23151,22972,22356,22088,21348,20578,19829,18925,14528,17440,16496,16055,15392,14800,14140,13663,12974,10393,12250,11867,11486,11280,10842,10628,10146,9791,7948,9766,9542,9411,9269,9032,8844,8833,8677,8562,6702,8327,8451,8291,8115,8067,7921,8008,7931,6149,7677,7433,7385,7486,7303,7230,7170,7058,5603,6852,6877,6708,6747,6620,6896,6681,6593,5187,6384,6432,6415,6533,6359,6375,6241,6325,4916,6163,6269,6271,6273,6300,6267,6383,6495,5289,6304,6414,6334,6255,6280,6335,6206,6395,5147,6455,6313,6482,6555,6635,6623,6610,6625,5340,6548,6613,6667,6649,6609,6601,6545,6681,5470,6722,6672,7067,7618,8406,10230,13458,18874,20399,34832,45804,57038,66523,75048,81189,83190,85264,68631,85874,86592,88890,91262,95023,98492,1.0337e+05,1.072e+05,1.1259e+05,94577,1.2466e+05,1.3436e+05,1.4936e+05,1.7106e+05,1.9993e+05,2.3905e+05,2.9104e+05,3.476e+05,3.1805e+05,4.3366e+05,4.5089e+05,4.4365e+05,4.1537e+05,3.7865e+05,3.3543e+05,2.9525e+05,2.5935e+05,1.8496e+05,2.0657e+05,1.8548e+05,1.6777e+05,1.5341e+05,1.4042e+05,1.2947e+05,1.2087e+05,1.1227e+05,85037,1.0065e+05,94650,88602,83247,78491,74017,71030,68025,52372,63133,61362,59127,57805,56816,55539,55190,53538,41702,50585,47646,44702,41823,38286,34844,31953,28964,21603,25307,23049,21670,20279,19411,18708,18070,17420,13905,16806,16141,15555,14584,13216,11791,10168,8861,6129,6405,5498,4646,4071,3733,3588,3277,3285,2339,2907,2844,2831,2802,2567,2632,2538,2436,1830,2220,2168,2068,2068,1977,1911,1813,1799,1751,1306,1713,1606,1492,1565,1477,1403,1380,1436,1004,1379,1267,1276,1194,1128,1124,1128,1096,864,967,1015,988,985,962,902,888,838,624,810,761,774,726,695,685,701,710,511,694,616,635,597,570,529,566,558,383,508,463,436,432,411,436,401,369,329,367,378,325,301,310,297,326,313,230,265,257,250,207,210,243,198,216,157,199,207,180,170,183,155,175,141,150,156,154,148,121,132,109,116,101,92,107,104,101,100,107,97,82,92,84,68,57,58,75,74,72,61,78,70,49,58,51,63,40,47,49,39,35,27,38,42,36,45,44,21,36,34,22,25,27,17,21,19,12,14,17,8,22,4,15,12,5,16,7,5,0,5,7,4,2,2,3,4,2,2,0,1,0,0,1,0,0,0,2,1,0,1,1,0,0,0,0,0,0,1,0,0,0,3,0,0,0,0,0,1,0,0,0,0,0,1
11964,21869,72513,1.6219e+05,4.4211e+05,5.2187e+05,4.7552e+05,4.3906e+05,2.8169e+05,2.5455e+05,1.5503e+05,1.23e+05,1.3206e+05,1.1137e+05,1.4212e+05,1.2785e+05,1.4241e+05,2.1029e+05,2.2686e+05,3.3334e+05,2.888e+05,2.9877e+05,1.8701e+05,1.3487e+05,1.1589e+05,73279,74163,55216,51326,57785,46153,53175,42799,41370,48344,39004,46268,37637,36264,42536,34388,39806,32437,36816,30050,29222,33711,27304,31839,25416,24061,27872,21871,24215,18795,17399,19554,15335,17104,13724,15466,12229,11727,13627,10735,12563,9911,9678,11001,8921,10235,8538,8237,9513,7746,9239,7545,7365,8686,7043,8198,6766,7935,6351,6529,7730,6464,7591,6064,6078,7400,6046,7269,6008,5908,6941,5758,6837,5707,5690,6656,5681,6895,5542,6823,5699,5811,6850,5852,7015,5808,5785,6903,5764,7058,5738,5737,6826,5734,6891,5611,6910,5712,5751,6856,5457,6969,5729,5572,6921,5661,6658,5572,5594,6888,5664,6696,5574,5508,6782,5543,6450,5403,6337,5155,5112,6061,5041,5941,4998,5049,6045,4967,6291,5165,5415,6551,5874,7977,8153,13445,17109,27758,59875,86539,1.7688e+05,2.3451e+05,3.3581e+05,5.3501e+05,5.2018e+05,6.4646e+05,5.0505e+05,4.4623e+05,4.4872e+05,3.0242e+05,2.9329e+05,1.9782e+05,1.6541e+05,1.6996e+05,1.2257e+05,1.3312e+05,1.0175e+05,1.1534e+05,91100,89570,1.0603e+05,88507,1.0711e+05,91543,93558,1.1634e+05,1.0107e+05,1.2733e+05,1.1043e+05,1.152e+05,1.4326e+05,1.2195e+05,1.475e+05,1.2036e+05,1.1527e+05,1.2852e+05,99460,1.1136e+05,89899,1.0963e+05,96459,1.0451e+05,1.3631e+05,1.2235e+05,1.5107e+05,1.2632e+05,1.2104e+05,1.348e+05,1.0184e+05,1.0963e+05,83094,78673,90627,74281,87285,71114,81867,64033,58893,64609,48944,53609,41707,40160,45899,38465,46291,39023,39825,48408,40773,48856,40114,38159,42927,31967,32957,22695,22196,14794,12116,11536,7948,8133,6040,5322,5723,4269,4593,3559,3322,3601,2732,3088,2304,2731,2150,1968,2313,1777,2120,1721,1634,1862,1622,1903,1487,1419,1686,1377,1622,1321,1221,1481,1225,1376,1147,1368,1063,1006,1203,982,1158,983,943,1149,878,1050,836,859,986,799,921,737,769,869,713,872,714,807,649,618,792,604,704,594,662,683,574,670,540,524,622,518,608,463,626,481,476,553,454,549,408,449,492,433,530,427,394,467,368,513,363,360,408,312,363,357,405,287,276,357,279,317,250,270,286,245,271,232,206,290,221,261,223,209,190,180,221,189,211,181,161,188,177,168,156,124,157,147,160,122,141,148,136,143,107,123,112,96,105,96,99,85,75,91,91,82,70,86,79,57,55,56,45,54,50,57,38,34,24,29,25,23,29,14,11,4,10,8,2,2,4,11,3,2,1,3,2,2,2,5,2,0,4,5,2,3,2,4,1,1,1,1,3,1,2,2,3,4,2,3,1,6,2,2,4,4,3,1,3,2,2,2,2,2,1,3,3,4,5,3,1,1,1,2,1,1,1,1,0,1,1,1,2,1,1,1,1,0,1,0,0,0,0,0,0,1,0,0,0,0,1,0,2
3.5168e+06,12085,55378,2.6312e+05,5.4338e+05,8.415e+05,8.1901e+05,3.4448e+05,1.9128e+05,1.0181e+05,1.1408e+05,1.3146e+05,1.8286e+05,3.5068e+05,3.667e+05,2.9885e+05,2.469e+05,1.2745e+05,74633,64247,55475,34865,36538,37008,26970,32845,36394,27063,32787,24851,30318,25211,18024,22747,19803,14332,19049,17872,12652,16641,17088,12012,16224,16763,11910,16196,16604,11374,15859,11234,15949,15198,10654,14707,14038,9882,13494,12895,8956,12091,11943,8131,10822,10909,7427,10060,10069,6820,8992,6490,8868,8325,5818,8278,7754,5674,7627,7204,5213,6895,7059,4864,6566,6640,4798,6109,6550,4569,6086,4502,6025,5849,4334,6025,5705,4359,5792,5541,4210,5388,5618,4009,5328,5598,4063,5265,5447,3858,5056,4013,5269,4954,3770,5199,5004,3845,5123,4833,3732,4883,5117,3726,4816,5037,3589,4769,4914,3674,4769,3623,5082,4692,3581,4832,4665,3535,5010,4790,3653,4590,5075,3591,4542,5073,3658,4838,5134,3721,4854,3775,5094,4787,3697,4889,4522,3354,4626,4261,3092,4290,4629,3301,4628,5009,3571,5146,5733,4528,7573,7962,19207,34722,41227,88581,1.1849e+05,1.015e+05,1.5809e+05,1.5499e+05,1.0823e+05,1.396e+05,1.2878e+05,80936,1.0269e+05,95827,60966,81585,79185,52208,73122,50429,72396,71064,49416,74099,74674,53639,82369,86095,63513,98648,1.106e+05,84371,1.3243e+05,1.4739e+05,1.0392e+05,1.4301e+05,1.3046e+05,78200,95119,60766,81868,79568,64796,1.0247e+05,1.137e+05,1.0186e+05,1.556e+05,1.5256e+05,1.2256e+05,1.3992e+05,1.3185e+05,82410,89057,84484,57004,70792,72501,49226,62478,44166,59196,54143,38382,51625,47452,34654,46556,41845,29998,37083,36442,25202,32662,34636,25722,34307,36699,25916,31410,21206,25055,18645,11016,12190,9167,5381,6561,5591,3414,4635,4358,2800,4035,3979,2586,3643,3577,2285,3375,2180,3211,3196,2009,2948,2910,1886,2808,2671,1676,2574,2532,1581,2389,2334,1490,2172,2067,1399,2075,1255,1851,1843,1171,1698,1639,1160,1667,1665,1081,1566,1563,964,1491,1462,951,1407,1376,902,1318,873,1309,1284,815,1206,1174,830,1219,1120,803,1142,1129,726,1096,1053,728,1037,1011,665,959,670,956,1010,629,926,896,580,888,832,577,814,802,582,812,755,524,765,750,539,689,466,709,702,482,680,670,473,620,629,410,564,574,404,603,599,370,549,514,371,534,371,528,508,373,531,505,312,492,482,320,452,445,291,438,453,314,416,402,249,395,247,349,355,209,358,332,218,339,325,212,345,304,192,310,279,200,246,266,197,225,153,233,186,142,211,192,118,204,218,122,176,156,106,160,131,108,148,140,97,136,83,111,100,54,96,84,44,60,65,41,56,51,19,47,39,26,18,34,16,18,9,12,13,6,8,8,3,10,3,4,8,5,2,7,3,4,5,2,2,4,1,1,1,1,2,2,0,2,2,0,0,0,1,0,0,1,1,1,0,0,0,0,0,0,0,0,0,1,0,0,1
20905,35248,86520,2.7412e+05,5.0227e+05,8.6325e+05,1.4731e+06,1.1048e+06,8.2702e+05,6.2525e+05,3.1737e+05,2.1436e+05,1.988e+05,1.0965e+05,99214,1.2826e+05,1.4602e+05,1.8882e+05,3.0525e+05,2.4641e+05,2.2826e+05,2.208e+05,1.4703e+05,1.1521e+05,1.2533e+05,76262,67159,67156,55120,50937,65321,41418,37628,36643,31440,28998,38178,24153,22961,22429,19851,18554,25013,16453,15705,16056,14799,14530,20877,14298,14279,15257,14977,14970,22565,15660,15937,16752,16073,16332,23806,16349,16214,16289,16575,16021,15819,22929,15590,15519,15941,15505,15217,22181,14892,14661,14930,13998,13897,19911,13261,12928,13093,12533,12074,17399,11224,11223,11327,10623,10419,15051,10049,9812,9807,9543,9322,13256,8920,8581,8858,8627,8562,12167,8258,8104,8337,8067,7765,11490,7679,7754,7895,7424,7466,10535,7202,7088,7228,6902,6870,9860,6512,6551,6317,6789,6291,6252,8918,6093,6057,6259,6020,5862,8428,5715,5702,5902,5475,5455,7997,5372,5570,5625,5343,5346,7579,5354,5316,5570,5316,5235,7760,5284,5226,5451,5179,5330,7662,5309,5315,5444,5288,5345,7573,5464,5359,5592,5447,5351,7892,5560,5449,5617,5273,5539,7924,5588,5476,5901,5553,5479,8016,5703,5684,6026,5651,5524,5733,8227,5809,5825,6241,5994,6164,9136,6181,6380,6870,6682,6674,10114,7434,7867,9532,11453,15534,36672,40549,58373,85070,1.1022e+05,1.3789e+05,2.5064e+05,1.9613e+05,2.1268e+05,2.2701e+05,2.2498e+05,2.215e+05,3.0933e+05,1.9355e+05,1.7864e+05,1.66e+05,1.4746e+05,1.351e+05,1.7928e+05,1.1083e+05,1.046e+05,1.008e+05,95791,92776,1.334e+05,89329,88969,91149,90798,92473,1.4312e+05,1.0108e+05,1.0693e+05,1.1572e+05,1.2208e+05,1.3315e+05,2.2082e+05,1.6639e+05,1.8188e+05,2.0116e+05,2.1043e+05,2.209e+05,2.2644e+05,3.3745e+05,2.3069e+05,2.3356e+05,2.5295e+05,2.4294e+05,2.4567e+05,3.4655e+05,2.3602e+05,2.2389e+05,2.2471e+05,1.9371e+05,1.7619e+05,2.2241e+05,1.3381e+05,1.1654e+05,1.0299e+05,79746,64510,72118,37961,30788,26095,21293,18329,23863,14307,13469,12988,12300,12281,17731,12062,12024,12373,12314,12434,18923,12724,12795,12898,12350,12260,17314,10917,10486,10142,9319,8617,11695,7079,6428,5893,5283,4895,6669,4188,3972,3798,3646,3484,5142,3337,3285,3202,3187,3025,2934,4376,2792,2875,2667,2736,2663,3857,2524,2372,2460,2396,2358,3328,2233,2167,2197,2127,2065,2978,1924,1903,1799,1840,1858,2562,1695,1690,1696,1595,1523,2392,1506,1471,1447,1410,1369,2042,1349,1300,1280,1282,1188,1774,1185,1142,1106,1103,1009,1539,972,908,985,934,888,1303,851,866,821,766,772,692,1115,710,701,672,662,664,932,619,601,578,586,561,878,586,536,529,506,503,774,448,420,499,446,433,643,384,380,407,383,360,522,341,328,304,296,269,459,274,246,236,244,234,340,206,207,227,213,215,270,188,158,170,165,143,207,149,140,119,127,106,113,149,104,124,102,92,99,127,71,60,83,67,65,97,71,55,51,58,58,65,47,41,42,39,29,43,41,27,29,26,28,39,26,19,19,15,23,21,14,21,13,21,6,23,10,10,12,7,4,5,3,0,4,5,0,2,0,2,0,0,1,2
79579,47277,54658,92409,1.1989e+05,1.1139e+05,1.47e+05,1.164e+05,1.3787e+05,1.3381e+05,1.1142e+05,1.4918e+05,1.2482e+05,1.5128e+05,1.313e+05,88233,91991,63236,68628,60300,43279,48772,35231,39669,35727,25512,29210,21831,25088,23912,18226,22595,17758,21709,21133,16744,20872,16303,19618,19280,15015,18605,14386,16893,16137,12127,14083,10636,12310,11736,8785,10220,9710,7188,8860,6749,8052,7717,5874,7182,5638,6746,6525,5212,6114,4814,6053,5788,4539,5530,4388,5499,5305,4184,5323,4017,5127,5149,4001,4982,4006,4804,4840,3921,4802,3919,4674,4755,3815,4722,3639,4621,4583,3730,4529,3565,4506,4416,3426,4445,4469,3508,4311,3376,4289,4269,3338,4267,3435,4249,4105,3325,4115,3372,4210,4164,3336,4237,3405,4193,4210,3417,4318,3436,4402,4259,3467,4279,3515,4646,4558,3616,4605,3822,4711,4840,3962,4858,3957,5020,5153,4108,5287,4250,5414,5455,4486,5595,4444,5626,5725,4640,5869,5754,4862,5978,4808,5956,6050,4910,6029,4968,6076,6028,4960,6110,4889,6048,6175,4788,6039,4873,6303,6068,4850,6238,4883,6125,6114,4772,6035,4897,6220,6281,5042,6430,5349,7049,7756,6979,10242,10033,16749,23207,25970,44952,47131,74283,88432,77125,99583,97717,74736,87715,65781,76857,71700,53932,63771,48128,57337,54845,42287,51076,40047,49901,49963,40308,51473,41910,54024,56545,47566,61396,52033,68299,72115,60400,78336,65214,82621,83002,65796,79061,59795,68490,61343,43429,47967,35007,41020,39247,31696,40616,34400,46373,51830,45232,62449,53674,70919,72906,58572,70464,65425,48077,53664,37608,40843,34915,24349,26690,18796,20889,19072,13718,15334,11056,12342,10969,7613,8328,5766,6270,5446,3791,4084,2908,3231,2977,2269,2559,1953,2428,2431,1911,2278,1776,2297,2205,1699,2291,1681,2048,2165,1608,1859,1389,1679,1502,1133,1220,1060,817,950,714,805,814,621,745,628,733,698,557,666,497,625,600,450,544,433,520,527,424,485,376,454,484,349,440,341,402,423,311,383,295,401,341,273,367,252,330,356,245,294,194,314,291,237,265,250,218,248,204,236,242,186,207,191,213,215,189,221,188,190,219,167,208,146,177,162,120,180,135,165,164,107,158,106,156,145,104,131,112,130,107,93,121,80,111,100,105,88,84,105,85,77,93,67,79,100,68,70,80,69,76,41,71,50,60,71,56,58,61,53,53,59,61,50,34,58,46,52,43,38,47,35,53,43,31,45,30,28,38,26,41,32,23,23,16,30,24,17,33,21,37,20,26,22,14,22,22,9,20,15,15,26,24,17,9,12,13,5,11,6,10,5,10,10,13,6,12,4,9,10,6,8,4,4,9,6,9,3,0,3,3,4,2,0,2,1,3,1,1,0,0,1,0,0,1
22242,50335,1.4304e+05,3.4998e+05,5.4105e+05,9.2246e+05,9.6741e+05,7.6444e+05,4.4815e+05,3.7117e+05,2.7095e+05,2.5314e+05,3.0771e+05,3.2315e+05,4.4219e+05,4.2434e+05,3.402e+05,2.1045e+05,1.8564e+05,1.4077e+05,1.1971e+05,91501,1.0557e+05,1.0356e+05,1.018e+05,97968,76542,85598,77727,69689,52530,56351,49069,42069,30249,31882,27682,24862,22177,16886,18993,17240,16036,12671,14258,13398,12948,10259,12223,12098,12115,11880,9701,11365,10909,10540,8328,9507,9043,8437,6829,8012,7621,7498,7143,5830,7000,6870,6812,5511,6466,6495,6523,5149,6350,6007,6090,6031,5034,6136,5940,5874,4965,5769,6005,6040,5022,6214,6090,6120,6353,5295,6666,6743,6794,5832,6849,7089,6788,5788,6886,6764,6676,6551,5404,6484,6263,6333,5221,6242,6222,6329,6011,4953,6173,5938,5880,4950,5863,5816,5849,4766,5662,5727,5880,5767,4718,5797,5772,5703,4764,5828,5862,5784,4920,5807,5967,5920,5985,4983,6091,6034,5962,5091,6171,6330,6594,5774,7474,8261,10749,16619,23719,51279,94003,1.5666e+05,1.8707e+05,2.9064e+05,3.4126e+05,3.6306e+05,2.9887e+05,3.3514e+05,2.9912e+05,2.6037e+05,2.2167e+05,1.577e+05,1.6443e+05,1.4249e+05,1.2542e+05,94484,1.0588e+05,99241,97493,79305,95264,97086,1.002e+05,1.049e+05,91719,1.1575e+05,1.2173e+05,1.2794e+05,1.1225e+05,1.4097e+05,1.4871e+05,1.5644e+05,1.3393e+05,1.6223e+05,1.5735e+05,1.4759e+05,1.3309e+05,99643,1.0785e+05,99533,95375,79775,98281,1.0438e+05,1.1221e+05,98926,1.2607e+05,1.3047e+05,1.3295e+05,1.3302e+05,1.0654e+05,1.2062e+05,1.1071e+05,1.0006e+05,75300,81820,73749,67618,63049,49071,55585,52878,49318,39025,43435,40770,37795,28818,31863,28274,25842,23092,18241,20402,19713,19587,16157,19602,20128,20364,16722,19642,18364,16861,14496,10492,10296,8435,6562,4416,4377,3554,3026,2204,2376,2129,1935,1814,1500,1670,1706,1525,1194,1420,1355,1257,1053,1271,1131,1104,1008,825,891,825,851,665,819,759,695,622,605,614,614,582,423,502,510,452,380,441,421,395,309,338,352,361,307,244,250,269,229,191,229,240,220,178,161,182,144,144,131,145,129,139,106,114,112,115,93,85,84,84,96,75,69,82,77,57,71,62,74,62,50,55,49,53,41,48,43,43,34,36,34,48,55,28,38,39,25,28,33,26,22,27,31,26,26,26,27,22,31,23,22,27,18,21,16,17,16,30,23,12,27,21,15,12,13,17,15,7,17,13,16,12,5,13,8,16,11,11,10,13,11,6,12,11,13,9,8,12,7,7,7,8,7,7,9,4,6,6,4,9,10,5,4,3,7,5,10,3,4,6,7,5,3,6,9,5,4,6,5,8,1,4,5,1,3,4,4,1,2,5,6,6,0,1,2,2,3,1,3,0,3,2,4,1,2,1,0,2,0,1,2,3,3,1,1,0,1,0,2,1,0,0,0,1,1,2,2,3,2,0,0,0,0,1,1,0,0,0,0,0,0,0,0,0,0,0,0,0,0,0,1,2,0,1
5.8812e+06,3.6817e+05,6.4406e+05,6.0901e+05,5.4261e+05,4.9034e+05,2.9942e+05,3.011e+05,2.4435e+05,2.5912e+05,3.137e+05,2.4059e+05,2.4612e+05,1.6687e+05,1.3907e+05,1.373e+05,94247,97214,70379,63081,69099,52059,57741,43857,40134,43382,33537,36477,27320,25029,27110,20635,23136,18140,17128,19981,16054,18434,15074,14500,17393,14235,16681,13432,13329,16016,13022,15628,12909,13037,15499,13164,15575,13251,13409,16101,13536,16563,13736,13783,16842,13951,16743,13844,13794,16352,13288,15844,12955,12841,14843,12108,14386,11564,11085,12934,10608,12220,9896,9679,11406,9012,10458,8559,8367,9751,7831,9276,7532,7350,8751,7105,8365,6859,6553,7936,6459,7726,6195,6188,7479,6085,7169,5959,5824,6993,5769,6993,5671,5698,6784,5564,6710,5609,5724,6708,5479,6778,5603,5458,6443,5429,6265,5253,5242,6233,5193,6339,5247,5048,6099,5202,6100,5067,5005,5978,5113,6024,5082,5215,6103,5148,6169,5055,5097,6054,5148,6044,5128,5098,6167,5125,6185,5053,5111,6152,5150,6326,5609,6023,7875,7848,11680,13208,22870,29048,43762,80593,99050,1.6373e+05,1.7296e+05,1.9998e+05,2.6093e+05,2.2271e+05,2.6066e+05,2.0659e+05,1.9368e+05,2.15e+05,1.6435e+05,1.813e+05,1.3821e+05,1.2834e+05,1.4177e+05,1.1009e+05,1.2517e+05,1.0048e+05,97931,1.1661e+05,97886,1.0028e+05,1.2526e+05,1.1078e+05,1.4297e+05,1.3132e+05,1.4595e+05,1.9941e+05,1.9123e+05,2.6426e+05,2.5255e+05,2.8004e+05,3.6424e+05,3.1976e+05,3.9162e+05,3.2454e+05,3.21e+05,3.8042e+05,3.1188e+05,3.6345e+05,2.9065e+05,2.7659e+05,3.09e+05,2.3683e+05,2.5789e+05,1.9145e+05,1.7347e+05,1.8406e+05,1.3455e+05,1.3965e+05,1.0058e+05,87860,90633,64702,67883,49520,45086,49870,38678,44195,35193,33998,38808,30508,33983,25926,23869,26540,20125,22615,18143,17478,20744,17065,20645,17386,17373,21098,17555,20963,17364,16683,19770,15637,17713,13798,12811,14325,10940,12054,8795,8375,8987,6726,7392,5526,5144,5669,4333,4881,3993,3738,4228,3481,3787,3132,2967,3493,2860,3196,2652,2541,2909,2336,2766,2163,2204,2504,2099,2420,1929,1945,2200,1816,2035,1677,1639,1917,1600,1824,1542,1463,1736,1383,1636,1295,1317,1530,1249,1490,1214,1201,1358,1106,1307,1039,1061,1250,1026,1144,965,992,1140,917,1087,916,1110,894,835,961,792,934,760,716,885,714,813,719,697,785,622,746,622,605,707,567,666,526,521,623,518,618,464,451,540,442,541,416,417,491,425,435,343,378,447,358,385,320,302,389,297,347,271,287,284,234,291,262,220,248,201,205,258,184,206,206,184,223,169,198,154,168,179,163,164,142,139,178,106,153,105,100,131,101,124,96,95,88,83,94,65,85,112,65,85,69,72,104,74,79,82,65,77,53,71,44,47,58,41,57,65,50,57,35,45,54,32,34,28,28,15,22,21,20,12,11,13,12,10,6,5,3,5,2,5,1,1,4,0,2,1,1,0,0,1,1,1,0,0,1,0,0,1,0,1,0,1,1,0,0,0,0,1,0,0,0,1,0,0,0,0,0,0,0,0,0,0,0,0,0,0,1
6.489e+06,5.2232e+05,5.8185e+05,5.0772e+05,3.8105e+05,3.0323e+05,1.9728e+05,1.5542e+05,1.2977e+05,1.128e+05,1.1256e+05,90640,83314,76122,69764,71068,56633,50628,45350,40588,37119,37249,30054,27619,25867,24674,26111,22129,21654,20928,20312,22020,18977,18528,17558,17067,18421,15951,15284,14581,13932,13871,14727,12628,12329,11741,11489,12375,10881,10518,10380,10253,11378,9945,9820,9527,9464,10458,9078,9114,9021,8949,8761,9909,8856,8713,8607,8602,9640,8530,8552,8648,8669,9683,8970,8752,8840,9144,10390,9252,9510,9427,9845,9997,11457,10620,10963,11369,11602,13326,12217,12871,13358,13710,16404,15232,16511,18211,20054,23066,30514,32806,40212,50243,64353,96655,1.1568e+05,1.5471e+05,2.0351e+05,2.6014e+05,3.5864e+05,3.6301e+05,3.8155e+05,3.812e+05,3.6778e+05,3.8911e+05,3.2206e+05,3.0202e+05,2.8395e+05,2.7184e+05,2.6476e+05,2.9502e+05,2.6487e+05,2.7254e+05,2.8306e+05,2.9762e+05,3.5491e+05,3.3598e+05,3.5683e+05,3.7792e+05,3.9711e+05,4.6672e+05,4.2657e+05,4.3155e+05,4.3054e+05,4.1937e+05,4.5228e+05,3.7448e+05,3.4716e+05,3.1637e+05,2.8551e+05,2.5384e+05,2.4967e+05,1.9236e+05,1.6541e+05,1.4257e+05,1.2245e+05,1.1747e+05,88958,78010,67278,59816,59990,47492,43579,39877,36611,37362,29929,26870,24422,21789,19724,19566,15617,14014,12694,11663,12455,10040,9312,8732,8214,8818,7337,6897,6576,6358,6754,5832,5485,5301,5049,4921,5354,4480,4408,4247,4099,4635,3776,3682,3551,3408,3747,3167,3010,3081,2854,2854,3079,2669,2719,2692,2471,2855,2353,2356,2249,2166,2417,2077,2026,1989,1972,2042,1834,1730,1765,1741,1697,1850,1589,1504,1555,1464,1589,1388,1315,1359,1264,1433,1258,1146,1174,1121,1347,1051,1024,1043,1014,969,1041,936,866,897,875,913,793,747,770,795,786,702,714,723,660,715,646,654,604,598,581,646,553,544,498,483,563,488,449,442,412,416,384,352,338,345,363,284,295,261,259,242,256,219,205,213,194,220,191,160,155,164,184,161,144,166,156,117,153,145,137,131,140,149,134,123,144,104,147,110,122,124,125,127,117,104,124,123,124,131,112,94,132,109,122,116,115,99,98,110,105,110,105,103,123,106,86,91,94,95,117,97,111,93,92,107,85,82,86,87,113,79,87,90,79,84,72,75,104,77,68,88,70,64,64,66,93,59,71,70,84,64,61,63,55,58,57,67,58,64,47,65,79,58,47,46,57,59,51,65,65,48,65,38,46,46,63,53,68,46,43,52,57,47,49,53,37,56,60,57,34,49,43,51,41,55,45,41,44,49,46,36,36,51,43,38,49,42,40,49,51,42,28,49,52,41,32,41,36,33,57,46,43,43,48,46,38,30,43,29,46,41,39,34,39,42,46,35,49,38,34,47,44,31,44,37,43,34,40,44,39,42,43,41,40,30,30,36,38,38,38,30,43,28,25,34,40,30,30,34,39,24,44,35,37,39,29,10973
2370,9727,40949,1.4491e+05,3.9682e+05,7.752e+05,1.003e+06,8.6296e+05,5.7153e+05,3.5567e+05,1.9096e+05,1.6262e+05,1.1243e+05,93873,1.0508e+05,1.3883e+05,1.7304e+05,1.8429e+05,1.6722e+05,1.3796e+05,92904,1.043e+05,1.0136e+05,1.0313e+05,1.0649e+05,1.1107e+05,1.1476e+05,1.1674e+05,1.1626e+05,1.1346e+05,1.0935e+05,83569,1.0005e+05,94910,88671,83387,77932,72595,66668,62001,57695,42559,49539,45885,42436,39021,35223,31866,29334,26152,23389,21753,15888,18406,17063,15763,15013,13936,13543,12822,12139,11793,9070,11008,10459,10309,9838,9516,9265,8963,8804,8661,6622,8338,8121,7938,7862,7684,7524,7518,7215,6984,6886,5536,6669,6643,6620,6372,6349,6177,5966,6026,5956,4738,5920,5653,5704,5535,5682,5691,5458,5331,5387,5365,4259,5398,5161,5060,5207,5006,5058,4979,4965,5044,3834,4947,5065,4995,4953,4862,4705,4884,4845,4807,3920,4898,4804,4866,4802,4920,4799,4808,4740,4765,4753,3928,4937,4932,4802,4901,4886,4988,4986,5169,5091,4066,5126,5181,5123,5253,5345,5305,5253,5429,5405,5494,4402,5565,5751,5730,5714,5723,5987,5942,6113,6209,4894,6433,6316,6542,6586,6807,6692,6944,7094,7394,7509,6156,8090,8362,8753,9360,10451,12905,17355,25364,38255,43601,74689,99614,1.2309e+05,1.4199e+05,1.5701e+05,1.6444e+05,1.6589e+05,1.6151e+05,1.5419e+05,1.1624e+05,1.3643e+05,1.2733e+05,1.1898e+05,1.1106e+05,1.0666e+05,1.0212e+05,99796,97000,98122,98872,81329,1.0405e+05,1.0848e+05,1.1536e+05,1.2357e+05,1.3451e+05,1.4992e+05,1.687e+05,1.9144e+05,2.1413e+05,1.8318e+05,2.3588e+05,2.3044e+05,2.1565e+05,1.9609e+05,1.82e+05,1.7454e+05,1.7476e+05,1.7977e+05,1.8665e+05,1.9562e+05,1.6406e+05,2.1454e+05,2.2267e+05,2.2494e+05,2.1862e+05,2.0203e+05,1.7877e+05,1.5225e+05,1.2586e+05,1.0288e+05,69087,73769,64562,59527,58030,59112,62154,66923,71869,76362,63824,80136,78633,73728,66622,57909,49012,40015,32417,25882,21377,14309,15569,13199,11729,10051,8900,7640,6778,6105,5628,4152,5192,4938,4709,4641,4467,4228,4254,4115,3980,3880,2889,3630,3574,3466,3485,3369,3258,3157,3024,2914,2264,2894,2779,2782,2603,2567,2523,2417,2358,2282,2220,1819,2118,2048,1957,1951,2012,1876,1769,1832,1796,1355,1659,1632,1598,1578,1488,1478,1489,1415,1350,1073,1234,1269,1227,1234,1198,1241,1152,1135,1091,1088,806,1061,1014,945,1008,946,906,874,918,810,684,834,806,782,718,743,743,680,704,632,662,505,600,592,593,559,517,493,514,496,414,357,413,414,407,417,428,383,368,336,340,256,296,322,307,278,242,298,263,270,266,256,193,230,235,241,209,219,180,210,190,177,157,174,182,164,146,147,161,152,128,143,129,110,125,117,116,114,111,106,98,102,88,67,98,99,95,98,85,85,78,66,77,59,42,57,57,57,58,43,35,54,44,33,34,29,24,27,24,14,14,16,8,11,8,8,7,9,7,4,5,10,3,2,2,5,2,1,2,1,2,2,3,2,2,4,1,2,3,0,0,0,2,1,2,1,0,2,3,1,1,0,0,1,2,1,0,4,0,1,1,3,1,2,0,2,1
58080,89699,1.9318e+05,3.4354e+05,4.7861e+05,5.295e+05,4.8192e+05,3.9281e+05,3.062e+05,2.384e+05,1.8949e+05,1.5679e+05,1.3659e+05,1.254e+05,1.2243e+05,1.2266e+05,1.2764e+05,1.3522e+05,1.464e+05,1.6227e+05,1.826e+05,2.0484e+05,2.234e+05,2.2859e+05,2.1979e+05,2.0007e+05,1.7293e+05,1.4585e+05,1.2034e+05,1.0045e+05,84016,71855,62252,54696,48215,42606,37339,33370,30033,26706,24000,21563,19320,17488,16255,14986,14130,13524,12849,12393,12497,12533,12493,12341,12324,12100,12164,12188,12214,11931,11771,11582,11279,11160,10682,10436,10345,9834,9619,9521,9038,8940,8618,8400,8263,8032,7845,7575,7443,7270,7218,6886,6775,6633,6502,6260,6273,6067,5903,5850,5847,5731,5609,5534,5504,5338,5381,5480,5250,5229,5078,5061,5056,4951,5050,5047,4993,5076,4873,4949,4952,4957,4860,4805,4885,5006,4699,4996,4838,4892,4866,5025,4968,4851,5015,5002,5032,5155,4965,4909,5156,5217,5070,5185,5247,5220,5249,5320,5517,5494,5437,5642,5561,5675,5514,5509,5580,5465,5384,5239,5344,5104,5091,4948,4731,4508,4480,4346,4256,4125,4063,4065,4167,3999,4102,4012,4181,4352,4418,4787,5493,6710,8792,13350,20798,34230,54040,81939,1.1756e+05,1.5702e+05,1.9999e+05,2.3943e+05,2.7472e+05,3.0141e+05,3.2266e+05,3.3307e+05,3.3425e+05,3.2729e+05,3.1199e+05,2.9246e+05,2.6987e+05,2.4651e+05,2.2408e+05,2.041e+05,1.8882e+05,1.75e+05,1.6575e+05,1.604e+05,1.5936e+05,1.6124e+05,1.6638e+05,1.761e+05,1.8818e+05,2.0164e+05,2.1614e+05,2.2851e+05,2.3622e+05,2.4063e+05,2.3841e+05,2.3183e+05,2.2275e+05,2.1046e+05,1.9636e+05,1.8404e+05,1.7079e+05,1.5773e+05,1.4635e+05,1.3732e+05,1.3019e+05,1.2626e+05,1.2551e+05,1.2749e+05,1.3344e+05,1.3962e+05,1.4769e+05,1.541e+05,1.5754e+05,1.5844e+05,1.5534e+05,1.4937e+05,1.3996e+05,1.3045e+05,1.1786e+05,1.0571e+05,93800,83164,74207,66377,59759,54943,50366,46528,43766,40716,37308,34747,31157,28020,24869,21939,19507,16576,14389,12614,11025,9940,9150,8188,7608,7312,6714,6520,6177,6032,5829,5657,5363,5234,4964,4713,4583,4285,4115,3973,3831,3604,3488,3287,3050,2904,2844,2650,2503,2402,2336,2311,2245,2106,2091,1952,1975,1887,1767,1757,1690,1583,1534,1542,1474,1476,1440,1402,1363,1312,1260,1333,1223,1217,1133,1146,1041,1128,1116,1043,1024,967,941,942,929,933,922,943,902,849,849,802,804,751,796,773,768,756,783,768,733,742,690,646,635,617,635,650,629,652,564,641,567,585,499,572,548,532,519,482,494,496,456,478,453,426,438,441,400,398,370,389,403,385,352,362,355,367,342,355,333,302,296,270,309,285,284,272,277,280,282,252,235,246,209,247,196,214,216,220,212,190,196,196,175,178,178,167,159,174,183,159,170,160,125,139,138,122,142,109,125,116,133,139,132,103,97,89,99,85,124,94,85,82,75,74,67,67,73,70,61,60,70,57,79,59,46,38,50,30,43,33,35,37,23,18,27,22,19,14,11,7,5,11,7,3,5,4,8,2,4,5,1,2,2,2,1,2,1,2,3,0,0,1,2,0,3,2,0,1,1,1,1,0,0,1,0,1,1,0,0,0,0,1,0,1
10227,25119,1.0513e+05,2.2252e+05,5.5109e+05,7.9161e+05,6.2738e+05,5.9805e+05,3.2124e+05,2.7035e+05,1.5139e+05,1.1338e+05,1.0904e+05,72752,86363,72238,1.023e+05,92746,1.0381e+05,1.4893e+05,1.4547e+05,2.276e+05,2.1094e+05,2.1209e+05,2.3299e+05,1.4898e+05,1.4251e+05,86702,69233,68817,45557,47713,32197,34032,23398,20719,22736,16948,20101,15559,15267,19109,15466,19895,16544,16766,21863,18258,23573,19502,25491,21043,21297,27555,22854,28836,23517,23591,29976,23798,29430,23510,23289,28461,22022,26616,20713,24629,18734,18160,21741,16500,19899,15011,14501,16782,12978,15560,11741,11274,13441,10175,12310,9218,11089,8525,8245,9850,7604,9172,7074,6992,8344,6413,7899,6184,5949,7309,5628,6939,5619,6598,5324,5150,6351,5108,6116,4863,4782,6013,4743,5756,4636,4581,5741,4577,5629,4434,5530,4407,4284,5285,4313,5281,4241,4177,5206,4210,5231,4157,4152,5225,4034,5210,4141,5176,3974,4115,5069,4035,5074,3994,3976,4847,3906,4955,3914,3903,5012,3853,4875,3890,4703,3916,3810,4819,3798,4720,3814,3921,4785,3843,4942,3999,3947,4942,3893,4932,3998,4919,3936,3959,4789,3916,4879,3857,3730,4490,3658,4387,3365,3360,4264,3428,4123,3470,4146,3409,3409,4262,3533,4312,3499,3749,4778,4044,5938,5803,7132,12651,15879,34031,47590,1.017e+05,1.2844e+05,1.8245e+05,3.1122e+05,3.1038e+05,4.4019e+05,3.6481e+05,3.5072e+05,3.9387e+05,2.6921e+05,2.7812e+05,1.83e+05,1.5392e+05,1.5939e+05,1.0822e+05,1.1544e+05,81053,89887,64371,59937,70217,52982,64082,49830,50046,62001,50399,64423,53131,54815,71931,61802,83446,73846,1.0369e+05,96368,1.121e+05,1.6804e+05,1.6144e+05,2.3366e+05,2.0668e+05,2.1504e+05,2.6212e+05,1.9071e+05,2.0619e+05,1.3659e+05,1.1555e+05,1.2304e+05,89087,1.0953e+05,91086,1.2311e+05,1.0875e+05,1.1785e+05,1.5718e+05,1.3156e+05,1.6412e+05,1.2399e+05,1.1451e+05,1.2689e+05,85767,90216,60132,63586,44091,39808,46342,35544,43243,34416,34503,43122,34463,42979,33348,32456,38570,28022,31643,22107,23836,15769,13320,13578,8842,9188,6150,5380,6243,4517,5492,4090,3919,4706,3637,4487,3381,4199,3247,3168,3792,3012,3581,2837,2827,3373,2686,3153,2476,2498,3039,2417,2906,2274,2758,2167,2123,2536,2063,2531,1985,1951,2354,1814,2100,1752,1682,2056,1638,1966,1523,1948,1522,1485,1782,1496,1776,1383,1319,1640,1289,1610,1270,1230,1584,1207,1550,1172,1424,1115,1150,1425,1121,1408,1139,1044,1308,1061,1264,1033,970,1271,931,1210,930,1210,954,952,1159,916,1127,861,859,1119,804,1060,773,769,1011,808,949,736,941,770,789,924,693,852,689,635,805,656,793,625,635,768,565,797,599,695,574,526,667,516,632,490,526,626,497,635,481,509,572,479,588,402,538,407,415,504,386,456,382,359,431,373,433,372,302,420,289,370,307,319,276,241,309,235,271,220,186,277,179,207,178,170,205,176,189,160,188,137,144,148,124,158,88,113,144,81,107,81,59,76,58,59,34,42,32,32,25,15,28,11,15,7,7,5,5,3,5,2,1,3,1,1,0,1,2,1,1,0,1,0,0,0,1
2083,3827,10551,26648,63313,1.8434e+05,2.9494e+05,3.7591e+05,3.6175e+05,3.1069e+05,2.6149e+05,2.5082e+05,1.5966e+05,1.2479e+05,99876,87623,99169,85168,89454,93980,97192,1.0162e+05,1.3224e+05,1.2783e+05,1.5419e+05,1.8616e+05,2.1578e+05,2.7841e+05,2.2531e+05,2.0305e+05,1.7446e+05,1.468e+05,1.2322e+05,1.2261e+05,86599,76431,67062,61026,65619,49037,44457,40135,37044,33418,36998,28124,25981,24295,22583,21345,23392,18097,16961,15933,15059,16798,13354,12565,12033,11502,10878,12614,9869,9545,9386,9133,10482,8762,8352,8243,8008,7919,9200,7716,7577,7238,7259,8564,7037,6956,7000,6966,6735,8003,6803,6594,6735,6533,7955,6693,6566,6618,6606,6559,8086,6577,6601,6563,6628,6548,7915,6580,6526,6542,6540,7832,6584,6392,6523,6531,6320,7667,6514,6528,6382,6290,7665,6351,6217,6116,6077,6015,7144,5884,5827,5556,5722,6726,5509,5424,5457,5485,5296,6364,5258,5359,5281,5231,6256,5250,5313,5214,5373,5470,6654,5544,5501,5552,5528,5417,6697,5533,5665,5504,5681,6752,5685,5745,5706,5812,5744,7256,6198,6511,6974,7607,11151,12176,17341,25264,38408,61132,1.225e+05,1.6495e+05,2.4947e+05,3.5957e+05,4.8708e+05,7.4765e+05,7.2095e+05,7.5965e+05,7.4127e+05,6.8737e+05,6.1029e+05,6.1671e+05,4.2401e+05,3.5367e+05,2.9256e+05,2.4593e+05,2.451e+05,1.7478e+05,1.5359e+05,1.3965e+05,1.2933e+05,1.2255e+05,1.4372e+05,1.1943e+05,1.2295e+05,1.2978e+05,1.3896e+05,1.5077e+05,2.0191e+05,1.8866e+05,2.0667e+05,2.2419e+05,2.4003e+05,3.0213e+05,2.5833e+05,2.5975e+05,2.554e+05,2.4693e+05,2.3668e+05,2.6974e+05,2.1433e+05,2.0598e+05,2.0156e+05,2.0037e+05,2.411e+05,1.9969e+05,1.9843e+05,1.9115e+05,1.7967e+05,1.6452e+05,1.7183e+05,1.2217e+05,1.0299e+05,85802,70602,68517,46326,38388,31690,26822,22631,22631,16170,14194,12506,11202,12122,9299,8628,7834,7531,7078,8212,6651,6338,6115,5981,5886,6726,5507,5320,5240,5137,5868,4879,4600,4576,4451,4361,5170,4078,3944,3829,3864,4334,3625,3445,3399,3270,3207,3859,2987,3033,2946,2874,3372,2768,2654,2593,2573,2537,2963,2430,2392,2363,2306,2566,2164,2127,2090,2128,1968,2411,1873,1932,1862,1859,1819,2139,1785,1631,1674,1603,1984,1668,1550,1516,1485,1418,1777,1442,1384,1363,1341,1583,1355,1226,1341,1275,1251,1424,1209,1206,1125,1146,1383,1098,1037,1005,1045,1069,1250,994,959,942,944,1148,902,834,922,863,858,1111,837,898,857,798,826,946,791,757,765,753,924,738,749,722,690,694,849,662,699,643,670,746,615,600,646,587,588,650,587,554,561,530,677,549,521,478,505,483,597,450,467,463,446,506,409,435,421,385,412,475,381,399,345,357,349,400,354,321,287,273,344,268,238,223,223,206,212,163,124,139,134,134,69,89,69,74,46,59,40,40,51,34,34,10,17,17,18,9,22,8,7,9,8,8,3,4,2,5,3,2,2,2,2,0,0,2,2,2,5,0,1,1,0,0,1,0,1,0,2,0,1,0,1,0,0,0,0,0,0,0,0,0,0,0,0,0,0,0,0,0,0,0,1,0,0,0,0,0,0,0,0,0,0,0,1
58080,4.055e+05,1.3188e+06,1.1627e+06,6.5508e+05,3.9781e+05,1.8392e+05,1.1633e+05,1.1357e+05,1.5036e+05,2.7237e+05,4.1094e+05,4.9577e+05,3.9706e+05,2.659e+05,2.1423e+05,1.6061e+05,1.4936e+05,1.4579e+05,1.4813e+05,1.521e+05,1.7305e+05,1.496e+05,1.4177e+05,1.2844e+05,1.1349e+05,1.0957e+05,81787,68818,58097,48597,46279,35556,31124,27929,25310,25816,21054,19501,18288,17013,16205,17329,14799,14353,13727,13345,14538,12262,12001,11408,11539,12533,10750,10752,10641,10334,11585,10062,9829,9777,9909,9737,10595,9548,9348,9490,9250,10253,9164,9282,9241,9190,10197,8960,9028,9369,9097,10416,9364,9361,9497,9583,9701,11250,10027,10004,9842,9966,11265,9963,9918,10050,9849,11093,10009,9983,9783,9947,9799,10913,9666,9660,10122,10680,13382,14653,22958,53723,1.4568e+05,4.07e+05,6.8405e+05,9.6063e+05,1.0558e+06,9.2611e+05,7.6122e+05,4.5195e+05,3.1495e+05,2.4057e+05,2.0151e+05,1.838e+05,1.9982e+05,1.8047e+05,1.8962e+05,2.0528e+05,2.2943e+05,2.9713e+05,3.0965e+05,3.5824e+05,4.0079e+05,4.1698e+05,4.4445e+05,3.5667e+05,3.3933e+05,3.477e+05,3.7111e+05,4.1321e+05,3.1905e+05,2.4086e+05,1.6458e+05,1.0502e+05,68704,53491,37938,33265,31096,29646,31446,26418,24551,22618,20473,21332,17498,16035,14875,14281,14989,12255,11675,11062,10417,9803,10362,8605,8209,7688,7278,7791,6641,6201,5984,5653,6178,5187,5019,4872,4657,5005,4173,4268,4035,3933,3767,4033,3557,3393,3260,3192,3397,2993,2797,2641,2595,2873,2492,2403,2338,2137,2194,2356,2054,1987,1950,1820,1984,1739,1759,1665,1548,1765,1462,1382,1365,1263,1494,1304,1211,1182,1180,1156,1257,1076,1081,973,991,1055,920,932,858,855,993,831,818,821,771,837,773,707,728,697,680,724,609,631,603,635,690,568,563,562,577,610,488,495,467,457,477,407,428,375,336,291,297,242,182,142,109,114,70,38,34,29,22,16,15,9,6,9,2,3,3,5,0,5,1,3,4,3,3,1,2,2,2,1,3,4,0,1,2,1,1,2,2,1,1,2,1,2,2,0,1,3,3,3,1,0,0,1,0,1,0,2,0,1,0,1,1,0,0,1,0,0,2,0,2,2,1,1,0,1,0,0,1,2,0,0,1,0,0,2,0,0,0,2,3,0,0,0,0,1,1,0,0,0,1,0,0,0,0,0,0,1,0,0,1,1,0,0,0,2,0,1,1,0,0,1,0,0,0,0,0,0,1,0,0,0,0,1,1,0,0,1,0,0,0,2,0,1,0,0,0,0,0,1,0,0,1,0,0,0,1,0,0,0,1,0,1,1,0,0,1,1,0,0,0,0,0,0,0,0,0,0,0,1,0,0,0,1,0,0,0,0,0,0,0,0,1,0,0,1,0,0,0,0,0,0,0,0,0,0,0,0,0,0,1,3,0,0,1,1,0,2,0,0,0,0,0,0,0,0,0,0,0,0,1,0,0,0,18
1373,4641,15838,48083,1.2163e+05,2.433e+05,3.6607e+05,4.1686e+05,3.8075e+05,3.0582e+05,2.3172e+05,1.6635e+05,1.2041e+05,1.0277e+05,1.1931e+05,1.6762e+05,2.2055e+05,1.9345e+05,2.2005e+05,1.6564e+05,1.1274e+05,77519,59393,52169,49859,50040,49927,49284,48429,45543,42921,40559,38770,37181,35921,27575,33341,32675,32762,33105,33265,33749,33505,33616,33112,32900,32362,32591,32127,31389,30894,30460,30190,23578,29206,28378,27197,25767,24461,22887,21228,19230,17711,16321,14973,13705,12671,12178,11426,10835,10370,8021,9571,9146,8950,8646,8131,8013,7583,7365,7164,6964,6895,6590,6484,6347,6193,6100,5950,4694,5843,5579,5514,5695,5612,5341,5306,5409,5357,5281,5382,5133,5261,5194,5184,5195,4977,3886,4746,4723,4846,4706,4562,4571,4544,4403,4392,4418,4327,4316,4258,4346,4293,4222,3362,4273,4193,4174,4211,4193,4266,4172,4097,4343,4177,4208,4282,4206,4187,4116,4257,4122,3306,4223,4191,4275,4271,4266,4241,4188,4327,4282,4240,4320,4388,4355,4456,4508,4461,4677,3738,4696,4596,4739,4803,4806,4910,5175,5237,5264,5545,5547,5661,5819,6026,6440,7020,8736,9583,19710,36585,70960,1.2988e+05,2.1871e+05,3.2989e+05,4.4257e+05,5.2767e+05,5.6042e+05,5.377e+05,4.7419e+05,3.934e+05,3.1668e+05,2.526e+05,2.0325e+05,1.6701e+05,1.4169e+05,1.0043e+05,1.1333e+05,1.0272e+05,96025,90810,87415,85654,84665,85622,87167,89819,93794,98219,1.034e+05,1.0904e+05,1.1365e+05,1.1916e+05,1.2375e+05,1.0164e+05,1.2909e+05,1.308e+05,1.3191e+05,1.3386e+05,1.4122e+05,1.4976e+05,1.6128e+05,1.7054e+05,1.7689e+05,1.745e+05,1.6575e+05,1.5134e+05,1.3408e+05,1.1617e+05,99530,85969,74138,52849,59088,53729,48271,43810,40259,37273,35000,33435,32368,31348,29814,29028,27617,25641,24563,22932,17309,20698,19874,19449,18847,17806,16809,15709,14460,13568,12666,12167,11761,11521,11385,10940,10102,9308,6387,6729,5347,4185,3315,2714,2340,2130,1846,1633,1546,1383,1320,1207,1141,973,1034,941,710,870,812,803,736,713,671,652,679,632,595,562,537,539,513,457,488,462,373,390,414,412,399,350,349,358,350,347,304,306,306,288,322,292,298,276,229,245,266,230,217,224,226,227,209,214,204,208,213,172,162,192,168,157,119,136,153,137,146,130,153,135,127,113,129,139,116,126,97,108,91,101,61,112,96,108,92,90,88,82,78,99,83,83,83,87,68,64,71,56,51,55,60,58,59,50,56,49,57,56,55,37,47,49,42,42,50,29,41,44,50,31,33,39,35,39,27,42,33,32,37,40,24,34,32,22,25,29,24,32,19,16,29,13,18,16,17,5,8,5,9,3,7,8,1,4,2,4,1,3,5,3,4,4,4,1,3,4,0,5,3,4,0,2,2,3,5,3,2,1,1,2,0,2,0,0,1,0,0,1,1,1,1,1,1,0,0,1,0,0,2,0,0,1,0,2,0,0,1,1,0,0,1,0,0,0,0,1,0,0,0,0,0,0,1
73735,1.096e+05,2.5339e+05,5.2233e+05,8.8366e+05,1.1429e+06,1.1196e+06,8.8339e+05,6.2691e+05,4.4495e+05,3.3339e+05,2.6798e+05,2.7223e+05,2.0902e+05,2.0265e+05,1.982e+05,1.9276e+05,1.8321e+05,1.7916e+05,1.8788e+05,2.245e+05,2.9491e+05,3.7553e+05,4.3078e+05,4.3354e+05,4.5212e+05,2.865e+05,2.0425e+05,1.3807e+05,94668,69574,56547,49718,45251,42485,40008,38267,43103,34891,33957,33061,32461,32401,31623,31312,31068,30489,29995,29248,28305,32801,26153,25327,24428,23662,23372,22662,22498,22316,21970,21951,22041,26102,21193,21086,20516,20336,19723,19296,19105,18467,17737,17539,16856,16434,19409,15600,15246,15014,14478,13899,13475,13593,12940,12888,12673,12338,14508,12003,11520,11486,11399,11061,11121,10881,10804,10718,10582,10474,10262,12149,10274,10052,9998,10133,9710,9837,9633,9707,9463,9449,9618,11169,9466,9173,9089,9156,9266,9129,9118,8985,9054,8874,8772,8978,10848,8995,8697,8782,8688,8962,8563,8867,8833,8806,8898,8827,10526,8983,8900,8985,8816,9149,8808,9166,9069,9139,9188,9182,9282,11012,9234,9230,9218,9217,9225,9036,9142,9210,9148,9260,9283,11291,9450,9551,9551,9781,10111,10464,11595,13563,16756,23192,33948,50881,98157,1.2561e+05,1.7651e+05,2.3471e+05,2.8983e+05,3.3045e+05,3.5308e+05,3.5321e+05,3.3681e+05,3.121e+05,2.8156e+05,2.5231e+05,2.6669e+05,1.9616e+05,1.7643e+05,1.5967e+05,1.4492e+05,1.3336e+05,1.2322e+05,1.1523e+05,1.0831e+05,1.0309e+05,98808,96722,94809,1.1258e+05,95570,98306,1.0274e+05,1.0862e+05,1.183e+05,1.2898e+05,1.4343e+05,1.6284e+05,1.8673e+05,2.1426e+05,2.4579e+05,3.3706e+05,3.1038e+05,3.2622e+05,3.2853e+05,3.1595e+05,2.9222e+05,2.6326e+05,2.3209e+05,2.0368e+05,1.8011e+05,1.6401e+05,1.5265e+05,1.4569e+05,1.6866e+05,1.3789e+05,1.3746e+05,1.376e+05,1.3751e+05,1.377e+05,1.374e+05,1.3623e+05,1.3234e+05,1.2594e+05,1.1889e+05,1.1029e+05,1.1888e+05,87954,79070,71261,64751,59975,55730,52888,51132,48376,47003,44706,43085,48845,38224,35375,33023,30709,28297,26305,24076,23015,21357,20161,19677,22982,18938,18309,17831,17628,17367,17085,16669,16265,15339,14902,14217,13828,15424,11924,11682,10879,10543,10053,9776,9326,9088,8772,8634,8318,9624,7719,7560,7263,7072,6870,6614,6551,6333,6240,6101,6036,5875,6980,5801,5582,5521,5494,5282,5137,4975,4702,4571,4549,4346,4987,3966,3686,3548,3435,3353,3177,3129,3105,3056,2903,2828,2744,3120,2590,2407,2498,2410,2456,2341,2258,2116,2028,2146,2087,2409,1973,1894,1792,1731,1753,1776,1667,1659,1577,1628,1580,1590,1793,1441,1438,1404,1441,1371,1337,1307,1283,1238,1227,1241,1431,1193,1110,1077,1121,1032,1119,1018,1075,1007,972,1022,979,1140,945,948,843,849,821,807,832,779,832,805,743,881,710,674,687,653,659,622,640,623,640,591,548,560,668,594,513,556,511,505,517,508,486,458,430,478,517,419,422,409,408,411,356,353,366,343,340,331,320,392,300,297,292,279,300,290,273,256,227,254,240,277,218,206,239,189,200,180,186,196,218,187,126,166,204,137,159,148,160,133,139,143,120,123,143,122,136,96,102,98,94,106,84,104,85,74,68,67,61,82,67,50,50,47,42,39,29,20,30,18,24,16,17,7,7,6,4,3,2,1,1,2,3,1
6.1713e+05,1.9505e+06,5.7071e+06,5.524e+06,1.9713e+06,8.2767e+05,6.9381e+05,1.0226e+06,1.3547e+06,1.2817e+06,9.3597e+05,6.0014e+05,7.8489e+05,1.2263e+06,1.2603e+06,8.4188e+05,4.2138e+05,3.4047e+05,3.0041e+05,2.6395e+05,2.2529e+05,2.1258e+05,1.5678e+05,1.3281e+05,1.136e+05,98013,96495,75926,69143,62841,57940,60923,50563,47603,45503,43066,46681,39574,38558,36850,35998,35368,38269,33192,32331,31809,31372,34546,30000,29931,28883,28874,31518,27287,27161,26900,26193,29162,25706,25449,25321,25149,25051,28080,25110,25104,25119,25295,28815,25541,25907,25998,26399,29658,27008,26550,26422,26467,29731,26113,26239,26081,26311,26544,29976,26988,26491,25507,24783,27088,23234,22789,22652,22472,25653,23037,23390,23416,23523,23508,26528,23811,24083,24212,24671,28020,25727,26754,27967,30290,40288,48901,73986,1.1634e+05,1.7634e+05,2.8612e+05,3.3827e+05,4.1566e+05,4.8839e+05,5.5279e+05,6.108e+05,7.4195e+05,7.095e+05,7.6205e+05,8.2664e+05,8.9175e+05,1.1241e+06,1.1818e+06,1.4283e+06,1.6737e+06,1.777e+06,1.8109e+06,1.2423e+06,9.0809e+05,7.0779e+05,6.2414e+05,6.5251e+05,5.2363e+05,4.4555e+05,3.6363e+05,2.9694e+05,2.552e+05,2.6587e+05,2.3364e+05,2.3696e+05,2.3383e+05,2.1511e+05,2.0774e+05,1.5844e+05,1.4281e+05,1.339e+05,1.2567e+05,1.2778e+05,98624,87603,79335,71722,72833,58974,55235,52833,50180,46780,47297,37893,35302,32495,30299,32077,27079,25858,24742,23143,24992,21116,19865,19411,18612,20352,17238,16770,16148,15782,15356,16695,14222,13727,13582,13031,14417,12321,11785,11547,11136,12472,10594,10247,9996,9801,9521,10452,8728,8756,8440,8166,9030,7883,7589,7551,7002,7870,6742,6552,6421,6130,6650,5823,5532,5498,5243,5212,5437,4780,4690,4494,4320,4860,4107,3950,3914,3930,4184,3637,3455,3362,3348,3565,3213,2962,2874,2900,2760,3021,2645,2569,2449,2343,2674,2228,2205,2045,2041,2196,1916,1895,1861,1783,1961,1755,1607,1544,1471,1469,1590,1370,1347,1307,1313,1362,1118,1033,1012,867,935,779,734,655,524,606,454,425,378,393,358,328,291,274,241,223,188,171,140,136,114,117,81,62,68,69,57,61,35,37,43,34,53,47,40,41,31,45,44,34,45,48,50,36,41,47,35,41,37,37,38,32,34,43,40,30,32,34,51,30,43,23,43,30,32,41,40,33,25,39,34,43,22,32,41,23,39,26,42,25,23,32,40,31,29,25,34,36,34,35,39,24,29,44,33,38,32,26,38,37,48,33,38,44,30,26,32,29,29,27,27,32,27,35,37,27,59,34,38,25,31,30,20,18,19,31,26,33,24,26,38,14,32,42,40,27,35,31,27,29,37,31,34,39,21,25,24,38,45,30,27,40,33,41,32,48,42,26,35,29,34,39,38,31,27,30,28,19,28,37,34,31,34,28,40,34,36,46,29,34,33,22,32,30,26,30,21,32,35,24,27,31,22,22,33,37,31,39,28,37,38,25,31,19,41,27,32,27,36,31,45,40,31,31,48,40,30,39,39,37,37,56,49,42,72,79,376
